Full Name,First Name,Middle Name,Last Name,Location (from Name),Address,Phone 1,Phone 2,Phone 3,All Phones,Email,Organization
Padam Pura Govend Maru Sonaleka,Padam,Pura,Govend Maru Sonaleka,,,9977694623,,,9977694623,,
Takeravda Veren Darbar,Takeravda,Veren,Darbar,,,9926285952,,,9926285952,,
Barkeda Delip Maru,Barkeda,Delip,Maru,,,9174573501,,,9174573501,,
Dasai Ravi Valasheva Smill,Ravi,Valasheva,Smill,Dasai,,9074427501,,,9074427501,,
OPPO India,OPPO,,India,,,,,,,,
News,News,,,,,9705253397,,,9705253397,,
Dasai Jivan Bemae,Jivan,,Bemae,Dasai,,+917000937150,,,+917000937150,,
अन्नु लाबरियाफाटा,अन्नु,,लाबरियाफाटा,,,7898149805,,,7898149805,,
कवीता गोपालपुरा,कवीता,,गोपालपुरा,,,7247082497,,,7247082497,,
बोरी खुशबु,बोरी,,खुशबु,,,7898131009,,,7898131009,,
नामलि ज्योति,नामलि,,ज्योति,,,7223923119,,,7223923119,,
बोरी विरैन्द,बोरी,,विरैन्द,,,9109941233,,,9109941233,,
Khushi,Khushi,,,,,9630231152,,,9630231152,,
Badwa,Badwa,,,,,7869651204,,,7869651204,,
महेश पाटीदार,महेश,,पाटीदार,,,9685850887,,,9685850887,,
सपना बङोदिया,सपना,,बङोदिया,,,8827576725,,,8827576725,,
रेशमा भाभि,रेशमा,,भाभि,,,9893448009,,,9893448009,,
सुमन भुत,सुमन,,भुत,,,+919981289400,,,+919981289400,,
शाँति कडमाल,शाँति,,कडमाल,,,+917773004639,,,+917773004639,,
मीरा,मीरा,,,,,7089919039,,,7089919039,,
अनुराधागोशाला,अनुराधागोशाला,,,,,9589492155,,,9589492155,,
दिनेश भाई,दिनेश,,भाई,,,722388823,,,722388823,,
OPPO India,OPPO,,India,,,,,,,,
आशा मईडा,आशा,,मईडा,,,+918827476418,,,+918827476418,,
Dasai NArayan Badshah,NArayan,,Badshah,Dasai,,+919752213200,,,+919752213200,,
हैमा भाभी,हैमा,,भाभी,,,9981486811,,,9981486811,,
Kinda Ghatoda,Kinda,,Ghatoda,,,9575808208,,,9575808208,,
शॅकर भाई बङवानी,शॅकर,भाई,बङवानी,,,9993449482,,,9993449482,,
Kod Jayesh Tent House Brother,Jayesh,Tent,House Brother,Kod,,+917746892452,,,+917746892452,,
कानँहा,कानँहा,,,,,9174713988,,,9174713988,,
Amzera Rjendra Yadv,Rjendra,,Yadv,Amzera,,9755065829,,,9755065829,,
Dasai Goluraja Rathod,Goluraja,,Rathod,Dasai,"Madhya Pradesh, India",+917999837103,,,+917999837103,rgolu5651@gmail.com,
मेघा,मेघा,,,,,8109666319,,,8109666319,,
राघापोल,राघापोल,,,,,8817294357,,,8817294357,,
शबु बङवानी,शबु,,बङवानी,,,9993051270,,,9993051270,,
Sima Gabbaji,Sima,,Gabbaji,,,9131204203,,,9131204203,,
Dasaigopaljivaharch,Dasaigopaljivaharch,,,,,9893889417,,,9893889417,,
शैफालि,शैफालि,,,,,+919755669252,,,+919755669252,,
सरसवती,सरसवती,,,,,9179397124,,,9179397124,,
Dasai Niten Kevlje,Niten,,Kevlje,Dasai,,7489141170,,,7489141170,,
Dasai Denesh Pa A,Denesh,Pa,A,Dasai,,+919340869612,,,+919340869612,,
पाना वाला,पाना,,वाला,,,9981278412,,,9981278412,,
dasai Dasai Dharmendra baret,Dasai,Dharmendra,baret,dasai,,9644562249,,,9644562249,,
पारस ईमली,पारस,,ईमली,,,6265163995,,,6265163995,,
सनजय सुसारी,सनजय,,सुसारी,,,+919981793694,,,+919981793694,,
राधीका मनावर,राधीका,,मनावर,,,6265777109,,,6265777109,,
Dasai Om Hotal,Om,,Hotal,Dasai,,+919993124284,,,+919993124284,,
संतौषी निसरपुर,संतौषी,,निसरपुर,,,9826552670,,,9826552670,,
Dasai Suoresh patel Big,Suoresh,patel,Big,Dasai,,9981620822,,,9981620822,,
रोहीत गोपालपुरा,रोहीत,,गोपालपुरा,,,9644542246,,,9644542246,,
पुनमचनद,पुनमचनद,,,,,9993503467,,,9993503467,,
भोलुगङि,भोलुगङि,,,,,8770586580,,,8770586580,,
लोकेश जोतपुर,लोकेश,,जोतपुर,,,+919753535562,,,+919753535562,,
कनहैया बङवानी,कनहैया,,बङवानी,,,9993687774,,,9993687774,,
निशा,निशा,,,,,7247219139,,,7247219139,,
निशा पलवा,निशा,,पलवा,,,8966929392,,,8966929392,,
भारती रिगनोद,भारती,,रिगनोद,,,+919826814776,,,+919826814776,,
पिन्टु ठाकुर,पिन्टु,,ठाकुर,,,9074323113,,,9074323113,,
जयोति बङवानी,जयोति,,बङवानी,,,+919685808273,,,+919685808273,,
Dasai Manohar Ranavat,Manohar,,Ranavat,Dasai,,9993447114,,,9993447114,,
Barkheda Amrat Maru,Barkheda,Amrat,Maru,,,9685608711,9981366730,,9685608711 | 9981366730,,
सुमन,सुमन,,,,,+919179136885,,,+919179136885,,
Kamal Palva,Kamal,,Palva,,,9893776814,,,9893776814,,
Dasai Retesh Samje,Retesh,,Samje,Dasai,,+919109639080,,,+919109639080,,
रीना,रीना,,,,,9685588861,,,9685588861,,
Indore Power House India,Power,House,India,Indore,,+919893244600,,,+919893244600,,
Gopal Patel,Gopal,,Patel,,,8085003924,,,8085003924,,
Dasai Ukarlal Patidar Pol,Ukarlal,Patidar,Pol,Dasai,,+919074831586,,,+919074831586,,
Vikash Da Semlavda,Da,,Semlavda,Vikash,,+919098562246,,,+919098562246,,
जितु भया,जितु,,भया,,,+919589244507,,,+919589244507,,
Suresh Mamaji Nathajada,Mamaji,,Nathajada,Suresh,,9993055380,,,9993055380,,
vishal sambhu,vishal,,sambhu,,,+919752270414,,,+919752270414,,
Babu da chodary,Babu,da,chodary,,,6263410574,,,6263410574,,
Gagan Mamaji Bidwal,Gagan,Mamaji,Bidwal,,,8827784598,,,8827784598,,
Durgesh Kod,Durgesh,,Kod,,,+918959720170,,,+918959720170,,
Shree Ram Valasiva,Shree,Ram,Valasiva,,,9179437650,,,9179437650,,
Dasararh Maida Mittu,Dasararh,Maida,Mittu,,,9131401186,,,9131401186,,
Vikaram Da Mandir,Vikaram,Da,Mandir,,,9981627937,,,9981627937,,
Dasai Chetan Patidar,Chetan,,Patidar,Dasai,,9752863430,,,9752863430,,
Brather N,Brather,,N,,,+919752052996,,,+919752052996,,
sankar chai,sankar,,chai,,,+919179713030,,,+919179713030,,
Dasai Kamal Khadi,Kamal,,Khadi,Dasai,,8085050261,,,8085050261,,
Suresh Ji Chodary,Ji,,Chodary,Suresh,,+919893793648,,,+919893793648,,
Dasai Mukesh Texi,Mukesh,,Texi,Dasai,,+919893796144,,,+919893796144,,
Vishal Da Valasiva,Vishal,Da,Valasiva,,,+919926616690,,,+919926616690,,
Pc,Pc,,,,,+918085626972,,,+918085626972,,
Dasai Balram Patidar Pol,Balram,Patidar,Pol,Dasai,,+918878938541,,,+918878938541,,
Manoj Da Balod,Da,,Balod,Manoj,,+919993527876,,,+919993527876,,
K K Kanabofa,K,K,Kanabofa,,,9074400287,,,9074400287,,
Mandalik Jii,Mandalik,,Jii,,,+917999204945,,,+917999204945,,
Jayesh Da Labriya Fata,Jayesh,Da,Labriya Fata,,,+916268631890,,,+916268631890,,
Dasai Gogul Chay,Gogul,,Chay,Dasai,,9516382597,,,9516382597,,
Vijay Pana,Vijay,,Pana,,,9144966695,,,9144966695,,
Mukesh Ancale Suliya,Ancale,,Suliya,Mukesh,,+919755301292,,,+919755301292,,
Rahul Vishvkarma,Rahul,,Vishvkarma,,,9993572384,,,9993572384,,
Ashok Da Danaji,Da,,Danaji,Ashok,,+918269909624,,,+918269909624,,
Rakesh Ancale Suliya,Ancale,,Suliya,Rakesh,,+919755301341,,,+919755301341,,
Chintu Da Darbar,Da,,Darbar,Chintu,,+916263564115,,,+916263564115,,
Sellu Medikal,Sellu,,Medikal,,,+917000541552,,,+917000541552,,
Mahesh Da Tapara,Da,,Tapara,Mahesh,,+919893889441,,,+919893889441,,
Barat Da Darad,Da,,Darad,Barat,,+919993179914,,,+919993179914,,
Pratap Graval,Pratap,,Graval,,,9425047157,,,9425047157,,
Shivam Mantari,Shivam,,Mantari,,,+917067510742,,,+917067510742,,
Jatt Rediam,Jatt,,Rediam,,,+918718963696,,,+918718963696,,
Pawan Jiju Kanabofa,Pawan,Jiju,Kanabofa,,,+919617162524,,,+919617162524,,
Mohit Samji Class 11,Mohit,Samji,Class 11,,,7999598360,,,7999598360,,
Rakesh Da Kobavala,Da,,Kobavala,Rakesh,,9993356257,,,9993356257,,
Kamal Vagela,Kamal,,Vagela,,,+919752237798,,,+919752237798,,
Prakash Heragobha,Prakash,,Heragobha,,,9981609566,,,9981609566,,
Angel👀❣️,Angel👀❣️,,,,,7999529538,,,7999529538,,
Mohan Papa Padosi,Mohan,Papa,Padosi,,,9981074373,,,9981074373,,
Vikash Jayramji,Vikash,,Jayramji,,,+919685028149,,,+919685028149,,
M P Online Tarun Chohan,M,P,Online Tarun Chohan,,,9179929832,,,9179929832,,
Gopal Maida,Gopal,,Maida,,,+919893851767,,,+919893851767,,
Lainman Dasai,Lainman,,Dasai,,,8839797130,,,8839797130,,
Gokul jiju bandedi,jiju,,bandedi,Gokul,,9713409130,,,9713409130,,
Anil Da Patel,Anil,Da,Patel,,,+919630944877,,,+919630944877,,
Ganshyam Ji Bhaggaphitha,Ganshyam,Ji,Bhaggaphitha,,,9993124286,,,9993124286,,
Ajay Parmar Tankimohola,Ajay,Parmar,Tankimohola,,,+917805044119,,,+917805044119,,
Hema Ji 2,Hema,Ji,2,,,+916265642788,,,+916265642788,,
chanchala ji,chanchala,,ji,,,7987732887,,,7987732887,,
Dasai Vijay Patidar Medikal,Vijay,Patidar,Medikal,Dasai,Madhya Pradesh  India,+919425061204,,,+919425061204,,
Mukesh ji teri ancale,ji,teri,ancale,Mukesh,,+919893796144,,,+919893796144,,
Ravi Da Rajdeep,Da,,Rajdeep,Ravi,,9981885088,,,9981885088,,
Depak Online 2,Depak,Online,2,,,7047322113,,,7047322113,,
Kamal Da Khamaliya,Da,,Khamaliya,Kamal,,+918269594409,,,+918269594409,,
Aradana Bas Driver 5 Pm,Aradana,Bas,Driver 5 Pm,,,+917869725804,,,+917869725804,,
Suresh Mamaji Bidwal,Mamaji,,Bidwal,Suresh,,9755773252,,,9755773252,,
Bhabhi Kn 3,Bhabhi,Kn,3,,,+917999592367,,,+917999592367,,
Shree Ram Ji 2,Shree,Ram,Ji 2,,,9752294345,,,9752294345,,
Pravin Da Kodval,Pravin,Da,Kodval,,,8269712692,,,8269712692,,
Kana Da Pol,Kana,Da,Pol,,,+919752052138,,,+919752052138,,
Dasai surend,Dasai,,surend,,,7470664210,,,7470664210,,
Vijay Bhaiya Kod,Vijay,Bhaiya,Kod,,,9981739540,,,9981739540,,
Jiju D,Jiju,,D,,,9893411498,,,9893411498,,
Dasai Pravin Patidar,Pravin,,Patidar,Dasai,,8269712692,,,8269712692,,
Dasai Kamal Sir Khacroda,Kamal,Sir,Khacroda,Dasai,,9179148499,,,9179148499,,
Dasai Nilesh Patidar Class Met,Nilesh,Patidar,Class Met,Dasai,,+919179065519,,,+919179065519,,
Dasai Punamchand Bhut Patidar,Punamchand,Bhut,Patidar,Dasai,,+918827959473,,,+918827959473,,
Dasai Ritesh Sanmji,Ritesh,,Sanmji,Dasai,,+917566472021,,,+917566472021,,
Vaibhav Maida,Vaibhav,,Maida,,,+917879911259,,,+917879911259,,
Dasai Bharat Samaje,Bharat,,Samaje,Dasai,,9893995929,,,9893995929,,
Dasai Narayn Nabardas,Narayn,,Nabardas,Dasai,,+919755372441,9074826160,,+919755372441 | 9074826160,,
ravi echer,ravi,,echer,,,9179016009,,,9179016009,,
Vijay Da Plastik Bandar,Vijay,Da,Plastik Bandar,,,9669799644,,,9669799644,,
Chanchal Maida,Chanchal,,Maida,,,+917354429499,,,+917354429499,,
Vijay Jagaji,Vijay,,Jagaji,,,+919131840541,,,+919131840541,,
Dasai Abhishek Kevlje,Abhishek,,Kevlje,Dasai,,9754369238,,,9754369238,,
Gaju Mandalik,Gaju,,Mandalik,,,9993434990,,,9993434990,,
Shubam Da Fassion Telar,Shubam,Da,Fassion Telar,,,7000233178,,,7000233178,,
Mahaveer Rajestan,Mahaveer,,Rajestan,,,+917014503626,,,+917014503626,,
Depak Chodary,Depak,,Chodary,,,8269791293,,,8269791293,,
Pardep Kadi,Pardep,,Kadi,,,9752893490,,,9752893490,,
Dasai Aayush Meghaji Jcb Harvester,Aayush,Meghaji,Jcb Harvester,Dasai,,+917987638712,,,+917987638712,,
Sattu Da Morgav,Sattu,Da,Morgav,,,9685807709,,,9685807709,,
Karan Ustad,Karan,,Ustad,,,7024471712,,,7024471712,,
Depak Valasiva,Depak,,Valasiva,,,+919109075768,,,+919109075768,,
Rohit Banna 🤡,Banna,,🤡,Rohit,,+918349173595,,,+918349173595,,
shivam samji,shivam,,samji,,,+917223896705,,,+917223896705,,
Jaynarayan Chodari,Jaynarayan,,Chodari,,,+919893291180,,,+919893291180,,
Kumarpat Mekenik,Kumarpat,,Mekenik,,,7987377962,,,7987377962,,
babalu battary,babalu,,battary,,,9893705221,,,9893705221,,
Manoj Da Deri,Da,,Deri,Manoj,,+919752029613,,,+919752029613,,
Gopal Ancale Kobvala,Ancale,,Kobvala,Gopal,,9993356298,,,9993356298,,
Depak Da Rajput Gatoda,Depak,Da,Rajput Gatoda,,,8965990511,,,8965990511,,
Ravi Ren,Ravi,,Ren,,,+919074282944,,,+919074282944,,
Shiva Ji The Boss,Shiva,Ji,The Boss,,,+919893369454,,,+919893369454,,
Vinod Da Pol,Da,,Pol,Vinod,,+919752863203,,,+919752863203,,
Pawan Da Danaji,Pawan,Da,Danaji,,,+919893986122,,,+919893986122,,
Sandeep Gadiya,Sandeep,,Gadiya,,,9179976295,,,9179976295,,
Arpit Da Mandir,Arpit,Da,Mandir,,,8269718915,,,8269718915,,
Vikash Valasiva,Vikash,,Valasiva,,,8085912054,,,8085912054,,
Nilesh Da Pol,Da,,Pol,Nilesh,,+918770138016,,,+918770138016,,
Bhamndekhi Nilesh Maru,Bhamndekhi,Nilesh,Maru,,,9893608074,,,9893608074,,
Depak Da Balod,Depak,Da,Balod,,,+919179149158,,,+919179149158,,
Dasai Pavan Bhut,Pavan,,Bhut,Dasai,,+919685794879,,,+919685794879,,
Ghatoda Kamal Solanki,Kamal,,Solanki,Ghatoda,,+918839889851,,,+918839889851,,
Dasai Ravi Mukesh Samji,Ravi,Mukesh,Samji,Dasai,,7225875639,,,7225875639,,
Dasai Sunil Valaseva,Sunil,,Valaseva,Dasai,,08770319376,,,08770319376,,
Dasai Govind Patidar Ukarji,Govind,Patidar,Ukarji,Dasai,Madhya Pradesh  India,+917987363558,,,+917987363558,,
Dakash Bazar,Dakash,,Bazar,,,+916268988251,,,+916268988251,,
Dasai Vijay Pol 2,Vijay,Pol,2,Dasai,,+918319631985,,,+918319631985,,
Dasai Akashy Palwan,Akashy,,Palwan,Dasai,,+919074400283,,,+919074400283,,
Narendra Nambardar,Narendra,,Nambardar,,,8269259160,,,8269259160,,
Dasai jankalal katliya,jankalal,,katliya,Dasai,,9993655929,,,9993655929,,
Pandit Chay,Pandit,,Chay,,,8602347717,,,8602347717,,
Manoj Da Bhaggaphitha 2,Da,Bhaggaphitha,2,Manoj,,+919993435016,,,+919993435016,,
Vikaram Da mandir,Vikaram,Da,mandir,,,+919340905704,,,+919340905704,,
Dasai Golu Bhut,Golu,,Bhut,Dasai,Madhya Pradesh  India,+919981775825,,,+919981775825,,
Dasai Golu Maru Drivar,Golu,Maru,Drivar,Dasai,,+919589122451,,,+919589122451,,
Sunil Patel,Sunil,,Patel,,,+917389452620,,,+917389452620,,
Dharmendra Bhaloda,Dharmendra,,Bhaloda,,,9993930981,,,9993930981,,
Dasai Kaneya Parmar Sarpnch,Kaneya,Parmar,Sarpnch,Dasai,,+917970207455,,,+917970207455,,
Dasai Seru Bhopa,Seru,,Bhopa,Dasai,,9893506857,,,9893506857,,
Ganshyam Ji Kanaji,Ganshyam,Ji,Kanaji,,,+917566683340,,,+917566683340,,
Sandeep Da Ren,Da,,Ren,Sandeep,,+919074228836,,,+919074228836,,
lalu ji ramchand,lalu,ji,ramchand,,,+919893509309,,,+919893509309,,
Nanalal Da Nagumaji,Nanalal,Da,Nagumaji,,,+919685109602,,,+919685109602,,
Dasai Kana Pol,Kana,,Pol,Dasai,,+919752052138,,,+919752052138,,
Piru Bhut,Piru,,Bhut,,,+919589244428,,,+919589244428,,
Hariram Pawar,Hariram,,Pawar,,,9977454825,,,9977454825,,
ghansyam bhimaji,ghansyam,,bhimaji,,,9993525568,,,9993525568,,
Nilesh Da Baravda,Da,,Baravda,Nilesh,,+919977621155,,,+919977621155,,
kana hirateja,kana,,hirateja,,,+919131370747,,,+919131370747,,
Vijay Da Fatkiya,Vijay,Da,Fatkiya,,,+919685067336,,,+919685067336,,
Subham Bhaiya Davai,Subham,Bhaiya,Davai,,,+917770808885,,,+917770808885,,
Premsing Da Thekedar,Premsing,Da,Thekedar,,,8349888448,,,8349888448,,
Nikku Pandit,Nikku,,Pandit,,,+919399709254,,,+919399709254,,
Tarun Palava,Tarun,,Palava,,,+919074321871,,,+919074321871,,
Dasai Raju Patel Smill,Raju,Patel,Smill,Dasai,,7223905828,+917223905828,,7223905828 | +917223905828,,
Soni Sir Sonar,Soni,Sir,Sonar,,,+917000725859,,,+917000725859,,
Kanha Pana,Kanha,,Pana,,,9179309309,,,9179309309,,
Satveer Pana,Satveer,,Pana,,,9009713792,,,9009713792,,
chirag ghati,chirag,,ghati,,,+917470545814,,,+917470545814,,
Ashok Ancale Herateja,Ancale,,Herateja,Ashok,,9993355849,,,9993355849,,
Nikil Ratakana,Nikil,,Ratakana,,,+917898213991,,,+917898213991,,
Dilip Sir,Dilip,,Sir,,,+919827250602,,,+919827250602,,
Chayan Dada,Chayan,,Dada,,,+919575452011,,,+919575452011,,
vinay kasikodi,vinay,,kasikodi,,,+919098621738,,,+919098621738,,
Vikash Gadi,Vikash,,Gadi,,,+919074291640,,,+919074291640,,
Arjun Da Bhaggaphitha,Arjun,Da,Bhaggaphitha,,,9981561332,,,9981561332,,
Mayur Dodiya,Mayur,,Dodiya,,,+919993824221,,,+919993824221,,
Harshit Kanjigangaram,Harshit,,Kanjigangaram,,,+919589030550,,,+919589030550,,
Kamlesh Da Pol,Kamlesh,Da,Pol,,,+919893443992,,,+919893443992,,
Vijay Chodary,Vijay,,Chodary,,,+917000601934,,,+917000601934,,
Manish Da Pol,Manish,Da,Pol,,,+918085225151,,,+918085225151,,
Next Electronics and computers C,Next,Electronics,and computers C,,,7389125221,,,7389125221,,
parash da,parash,,da,,,+919993963104,,,+919993963104,,
Chintu Darbar 2,Darbar,,2,Chintu,,9755685528,,,9755685528,,
Kamal Patel Jcb Gatoda,Patel,Jcb,Gatoda,Kamal,,9981241632,,,9981241632,,
Brather G,Brather,,G,,,+919584908903,,,+919584908903,,
pankaj Songara,pankaj,,Songara,,,9993157758,,,9993157758,,
Sunil Da Pol,Sunil,Da,Pol,,,+918269963065,,,+918269963065,,
Rohit Pol,Rohit,,Pol,,,7898738740,,,7898738740,,
Sunil samji,Sunil,,samji,,,08085909345,,,08085909345,,
Vinod Hemadala,Vinod,,Hemadala,,,7974950823,,,7974950823,,
Jiju S,Jiju,,S,,,+919993055350,,,+919993055350,,
pritan balu,pritan,,balu,,,+917024566711,,,+917024566711,,
Ajay Danaji,Ajay,,Danaji,,,7389235676,,,7389235676,,
Gorav Maida,Gorav,,Maida,,,9589649710,,,9589649710,,
manohar kiledi lasan chalni,kiledi,lasan,chalni,manohar,,9893683973,,,9893683973,,
Gaju Da Dugaji,Da,,Dugaji,Gaju,,+919893994837,,,+919893994837,,
Rohit Maru,Rohit,,Maru,,,+919926143033,,,+919926143033,,
Suresh Ji Shyambanej,Ji,,Shyambanej,Suresh,,+919893794562,,,+919893794562,,
Govardan Seth Killed,Govardan,Seth,Killed,,,9826665677,,,9826665677,,
Vikram Ancale Baloda Fata,Vikram,Ancale,Baloda Fata,,,9981303345,,,9981303345,,
Sandeep Da Mekenik,Da,,Mekenik,Sandeep,,+919893692352,,,+919893692352,,
Sanju Darbar,Sanju,,Darbar,,,+917024071390,,,+917024071390,,
Dasai Rehab Patel,Rehab,,Patel,Dasai,,8959301035,,,8959301035,,
Dasai Gope Palaseya,Gope,,Palaseya,Dasai,,+919074509050,,,+919074509050,,
Nilesh Kadi,Nilesh,,Kadi,,,+919074146887,,,+919074146887,,
Nilesh Patel,Nilesh,,Patel,,,9893613424,,,9893613424,,
Jatin Panda Gerej,Jatin,Panda,Gerej,,,+919770537248,,,+919770537248,,
Dasai Pankanj Kanjigagaram,Pankanj,,Kanjigagaram,Dasai,,8630680382,,,8630680382,,
Dasai Retek Limaji,Retek,,Limaji,Dasai,,+916232478821,,,+916232478821,,
पवन मामाजी,पवन,,मामाजी,,,9826786245,,,9826786245,,
Padmpura Girdharilal Maru,Girdharilal,,Maru,Padmpura,,+919926203571,,,+919926203571,,
Vinod Lohar,Vinod,,Lohar,,,9685766378,,,9685766378,,
Dasai Amrit Ghari,Amrit,,Ghari,Dasai,,8269632867,,,8269632867,,
Yogesh Kanjigangaram,Yogesh,,Kanjigangaram,,,+919179760852,,,+919179760852,,
Rahul Dodiya,Rahul,,Dodiya,,,+919589773527,,,+919589773527,,
Kavarlal Seth Herateja,Kavarlal,Seth,Herateja,,,+919893368617,,,+919893368617,,
Ayush Bhut,Ayush,,Bhut,,,+919993525513,,,+919993525513,,
Anil Da But,Anil,Da,But,,,9981561400,,,9981561400,,
Nanuram Bhai Jcb Gadota,Nanuram,Bhai,Jcb Gadota,,,7067586092,,,7067586092,,
महेश वालासिवा,महेश,,वालासिवा,,,9981906864,,,9981906864,,
Aman Bhaiya Prajapat,Bhaiya,,Prajapat,Aman,,+918085455693,,,+918085455693,,
Banti Bhimaji,Banti,,Bhimaji,,,+919584699863,,,+919584699863,,
Ravi Bhut,Ravi,,Bhut,,,+919981561337,,,+919981561337,,
Allokh Badanavar K N P,Allokh,Badanavar,K N P,,,9981959141,,,9981959141,,
Motilal Kodalaksaman,Motilal,,Kodalaksaman,,,8878875029,,,8878875029,,
Manohar ranavat,Manohar,,ranavat,,,+919399816614,,,+919399816614,,
jevan da ukarji,jevan,da,ukarji,,,8269376562,,,8269376562,,
Vikash Megaji,Vikash,,Megaji,,,9644811374,,,9644811374,,
Bura Da Photo Grafar,Bura,Da,Photo Grafar,,,+919584307572,,,+919584307572,,
Depak Da Jivachand 2,Depak,Da,Jivachand 2,,,8269285803,,,8269285803,,
Rahul Semlavda,Rahul,,Semlavda,,,9074019435,,,9074019435,,
Yogesh Badshah,Yogesh,,Badshah,,,8827402623,,,8827402623,,
Dinesh Da Valasiva,Da,,Valasiva,Dinesh,,9993123965,,,9993123965,,
Abhisekh Kumavat Adar Card,Abhisekh,Kumavat,Adar Card,,,+919893255167,,,+919893255167,,
Dinesh Ji Naranmoti,Ji,,Naranmoti,Dinesh,,9993169452,,,9993169452,,
bola valasiva,bola,,valasiva,,,9993538799,,,9993538799,,
Jitu Da Naranmoti,Jitu,Da,Naranmoti,,,9981278427,,,9981278427,,
पवन खडीवाला,पवन,,खडीवाला,,,+919755932725,,,+919755932725,,
Aman Toran Darvaja,Toran,,Darvaja,Aman,,7470572344,,,7470572344,,
Sunil Da Maida,Sunil,Da,Maida,,,9630731909,,,9630731909,,
Depak Balod 2,Depak,Balod,2,,,8819959294,,,8819959294,,
kamal sir,kamal,,sir,,,9179713081,,,9179713081,,
Umesh Da Hotal,Umesh,Da,Hotal,,,+919098941802,,,+919098941802,,
Manoj Da Shidu,Da,,Shidu,Manoj,,+919522479499,,,+919522479499,,
Arav Sen 2,Arav,Sen,2,,,7067488700,,,7067488700,,
ashvin mandlik,ashvin,,mandlik,,,+919238166557,,,+919238166557,,
Navin Da Jagotra,Navin,Da,Jagotra,,,8269622834,,,8269622834,,
Pankaj Panditji,Pankaj,,Panditji,,,9179065533,,,9179065533,,
Golu Da Bhaggaphitha,Golu,Da,Bhaggaphitha,,,+919752254833,,,+919752254833,,
Krishna Da Bhaggaphitha Bado 2,Krishna,Da,Bhaggaphitha Bado 2,,,+917987347320,,,+917987347320,,
Vinay Da Tapara,Vinay,Da,Tapara,,,+918827957179,,,+918827957179,,
Darbar Chai,Darbar,,Chai,,,9752847128,,,9752847128,,
Hariom Patidar Safa Bidwal,Hariom,Patidar,Safa Bidwal,,,7247555648,,,7247555648,,
Ravi Ramchand,Ravi,,Ramchand,,,+919752864662,,,+919752864662,,
Rosan Kachroda,Rosan,,Kachroda,,,9516047761,,,9516047761,,
Vijay Danaji,Vijay,,Danaji,,,+918959294595,,,+918959294595,,
Rupesh Dr. Ren,Rupesh,Dr.,Ren,,,+917024405670,,,+917024405670,,
arun da ren,arun,da,ren,,,+918349648019,,,+918349648019,,
Indore Akchay Sharma Battery,Akchay,Sharma,Battery,Indore,,7697882269,,,7697882269,,
Dasai Magal Jen,Magal,,Jen,Dasai,,+919617899807,,,+919617899807,,
Pulesss,Pulesss,,,,,9131836238,,,9131836238,,
Ratlam Amit Hansari Foras Chandra Moters,Amit,Hansari,Foras Chandra Moters,Ratlam,,+918871768477,,,+918871768477,,
Indore Okaya Vikash Sir,Okaya,Vikash,Sir,Indore,,+918103338647,,,+918103338647,,
Ex,Ex,,,,,,,,,,
Livgurad Sarviss Aakash Ji,Sarviss,Aakash,Ji,Livgurad,,9893827937,,,9893827937,,
Dasai Puspendra Vishkrama Carpenter,Puspendra,Vishkrama,Carpenter,Dasai,,7000541740,,,7000541740,,
Rajdeep Power Point,Rajdeep,Power,Point,,,+919669705221,,,+919669705221,,
Dasai Kavi Pol 2,Kavi,Pol,2,Dasai,,+917987045242,,,+917987045242,,
Khilede Kelash Khokar,Kelash,,Khokar,Khilede,,9752002641,,,9752002641,,
Dasai Krisna Khachroda,Krisna,,Khachroda,Dasai,,+918770507652,,,+918770507652,,
Pana Denesh,Pana,,Denesh,,,9993152047,,,9993152047,,
Indore Sukala Auto Patas,Sukala,Auto,Patas,Indore,,+919826017819,,,+919826017819,,
Dasai Sambhu Ukarje,Sambhu,,Ukarje,Dasai,,9981265714,,,9981265714,,
Khelide Madan Khokhar,Khelide,Madan,Khokhar,,,+919754547500,,,+919754547500,,
Dasai Rajesh Bhut Lic,Rajesh,Bhut,Lic,Dasai,,9993355856,,,9993355856,,
Sentral Bus Mangal,Sentral,Bus,Mangal,,,9685550283,,,9685550283,,
Bharavda Bablu Bati,Bablu,,Bati,Bharavda,,+916263655863,,,+916263655863,,
Takravda Veren Darbar,Veren,,Darbar,Takravda,,9993352055,,,9993352055,,
Dasai Mama Hotal,Mama,,Hotal,Dasai,,+919981974690,,,+919981974690,,
Baloda Dharmendraje Vaglecha,Dharmendraje,,Vaglecha,Baloda,,+917987782464,,,+917987782464,,
Bank Of Maharastra Dasai,Bank,Of,Maharastra Dasai,,,+9160188788703,,,+9160188788703,,
Indore Shobhag Chohan,Shobhag,,Chohan,Indore,,+918770681248,,,+918770681248,,
Dasai Pavan Himgaga Watar,Pavan,Himgaga,Watar,Dasai,,+917987766739,,,+917987766739,,
Dasai Omprakas Kanjigagaram,Omprakas,,Kanjigagaram,Dasai,,9893310329,,,9893310329,,
Dasai Manohar Kanjigagaram,Manohar,,Kanjigagaram,Dasai,,9630111628,,,9630111628,,
Barmandal Jamak Shreekar,Jamak,,Shreekar,Barmandal,,+919993238625,,,+919993238625,,
Khilede Jetu Kalavt,Jetu,,Kalavt,Khilede,,+919630780982,,,+919630780982,,
Dasai Umesh Herateja,Umesh,,Herateja,Dasai,,+919981561391,,,+919981561391,,
Bodvada Tent House,Bodvada,Tent,House,,,9826847162,,,9826847162,,
Khachroda Sunil Patidar Tent House,Khachroda,Sunil,Patidar Tent House,,,9165893334,,,9165893334,,
Dasai Sunil Suleya,Sunil,,Suleya,Dasai,,9993434959,,,9993434959,,
Khilede Shayam Patidar Khokhar,Shayam,Patidar,Khokhar,Khilede,,+919589968164,,,+919589968164,,
Kod Ajay Patidar,Ajay,,Patidar,Kod,,+919179190146,,,+919179190146,,
Dasai Gordan Megaji,Gordan,,Megaji,Dasai,,+919993442057,,,+919993442057,,
Ralamandal Mukesh Bordeya,Mukesh,,Bordeya,Ralamandal,,+919993055366,,,+919993055366,,
Chdeya Balod Kavarlal Khajurvale,Chdeya,Balod,Kavarlal Khajurvale,,,+919907913536,,,+919907913536,,
Dasai Ashok Raguvnsi,Ashok,,Raguvnsi,Dasai,,9926041235,,,9926041235,,
Ledgav Magal Sir,Magal,,Sir,Ledgav,,9981242384,,,9981242384,,
Fuledi Delip Patidar,Delip,,Patidar,Fuledi,,+919893794460,,,+919893794460,,
Raja Jen2,Raja,,Jen2,,,+918269857497,,,+918269857497,,
Ligwa,Ligwa,,,,,9826461179,,,9826461179,,
Khelede Vinod Patidar,Khelede,Vinod,Patidar,,,+917999960954,,,+917999960954,,
Khiledi Pravin Mukati,Pravin,,Mukati,Khiledi,,8839707561,,,8839707561,,
Soneya Khedi Suresh Patel,Soneya,Khedi,Suresh Patel,,,9993119885,,,9993119885,,
Morgav Pretam Patidar Video Mekar,Pretam,Patidar,Video Mekar,Morgav,,8085895738,,,8085895738,,
Dasai Paras Emli,Paras,,Emli,Dasai,,9752053861,,,9752053861,,
Khilede Vijay Shree,Vijay,,Shree,Khilede,,7898439523,,,7898439523,,
Dasai Babalu Bhut,Babalu,,Bhut,Dasai,,+919179713118,,,+919179713118,,
Fuledi Akelesh Pentar,Akelesh,,Pentar,Fuledi,,+918815939860,,,+918815939860,,
Seloda Naren Je Swaraj,Naren,Je,Swaraj,Seloda,,8435384924,,,8435384924,,
Bharavda Shubham Patel,Shubham,,Patel,Bharavda,,6261380364,,,6261380364,,
Galunda Bherusing Sonalika,Bherusing,,Sonalika,Galunda,,8120395408,,,8120395408,,
Galunada Rajesh Sonalika,Galunada,Rajesh,Sonalika,,,6260217993,,,6260217993,,
Check. Balod Mahendra Patidar Sonaleka,Check.,Balod,Mahendra Patidar Sonaleka,,,6263301378,,,6263301378,,
Kutpala Setaram Gerwal,Setaram,,Gerwal,Kutpala,,+917096253453,,,+917096253453,,
Khilede Shubhasm Patai,Shubhasm,,Patai,Khilede,,9630765192,,,9630765192,,
Khilede Kamal Hada,Kamal,,Hada,Khilede,,+919630121257,,,+919630121257,,
Dasai Ashok Servi,Ashok,,Servi,Dasai,,+919340870036,,,+919340870036,,
Cherakhan Sanjy Jaysaval,Sanjy,,Jaysaval,Cherakhan,,+919977525294,,,+919977525294,,
Dasai Motilala Se Ren Sonalika,Motilala,Se,Ren Sonalika,Dasai,,9993123964,,,9993123964,,
Bamnkhidi Arju Maru,Bamnkhidi,Arju,Maru,,,+919644545205,,,+919644545205,,
Seloda Kalu Patel,Kalu,,Patel,Seloda,,+919977011674,,,+919977011674,,
Fuledi Rajendra Patel Messy Jondeyar,Rajendra,Patel,Messy Jondeyar,Fuledi,,+919340482254,,,+919340482254,,
Pana Amrat Service Farmetek,Amrat,Service,Farmetek,Pana,,9993539069,,,9993539069,,
Balod Govind Patidar Messe,Govind,Patidar,Messe,Balod,,9752294359,,,9752294359,,
Khilede Sohan Nenama Mahendra,Sohan,Nenama,Mahendra,Khilede,,+919106014066,,,+919106014066,,
Kadod Chetan Dhakad,Chetan,,Dhakad,Kadod,,+918770084244,,,+918770084244,,
Bidwal Magilal Servi,Magilal,,Servi,Bidwal,,9752199736,,,9752199736,,
Bidwal Raj Chodhare,Raj,,Chodhare,Bidwal,,9685484906,,,9685484906,,
Lohari Magilal Parmar,Magilal,,Parmar,Lohari,,9265696713,,,9265696713,,
Padampura Santilal Je,Santilal,,Je,Padampura,,9669720471,,,9669720471,,
Kapastal Sunil,Kapastal,,Sunil,,,8458902155,,,8458902155,,
Dasai Gogul Ramchan,Gogul,,Ramchan,Dasai,,8349867550,,,8349867550,,
Ralamandal Mukesh Je,Mukesh,,Je,Ralamandal,,9713405868,,,9713405868,,
Fuledi Mugli Mesee,Mugli,,Mesee,Fuledi,,9179100353,,,9179100353,,
Dasai Rajesh Khadi,Rajesh,,Khadi,Dasai,,+919993124063,,,+919993124063,,
Baloda Kamal Kulhara,Kamal,,Kulhara,Baloda,,8349080151,,,8349080151,,
Utavda Arvind Patidar Harvest,Arvind,Patidar,Harvest,Utavda,,9098218825,,,9098218825,,
Morgav Omprakas Je Patidar,Omprakas,Je,Patidar,Morgav,,+919926976961,,,+919926976961,,
Dasai Motilala Baloda Vale,Motilala,Baloda,Vale,Dasai,,9993565296,,,9993565296,,
Indore Shobhag Singh Chouhan,Shobhag,Singh,Chouhan,Indore,,9753488889,,,9753488889,,
Dasai Mahesh Gati,Mahesh,,Gati,Dasai,,9893998329,,,9893998329,,
Kutpala Kelash Je Kutpala Swaraj,Kelash,Je,Kutpala Swaraj,Kutpala,,+919977773154,,,+919977773154,,
Dasai Govind Kumar,Govind,,Kumar,Dasai,,+919893789259,,,+919893789259,,
Ledgav Prajapat Stone Kreshar,Prajapat,Stone,Kreshar,Ledgav,,+918889282332,,,+918889282332,,
Dasai Ghanyam Kanaji,Ghanyam,,Kanaji,Dasai,,+918085676506,,,+918085676506,,
khalsa sound sistam,khalsa,sound,sistam,,,8685870336,,,8685870336,,
dasai denesh khacroda,denesh,,khacroda,dasai,,+919893310415,,,+919893310415,,
dasai selu mander jio,selu,mander,jio,dasai,,+917000541552,,,+917000541552,,
Dasai Umesh Darbar,Umesh,,Darbar,Dasai,,+919893536642,,,+919893536642,,
Baloda Gogul Kalhara,Gogul,,Kalhara,Baloda,,9926037783,7974987697,,9926037783 | 7974987697,,
Ujjen Raj Battery 2 Friend,Raj,Battery,2 Friend,Ujjen,,+919669529666,,,+919669529666,,
Dasai Lala Bus,Lala,,Bus,Dasai,,8827262089,,,8827262089,,
Bharvda Sanjay Hada 744,Bharvda,Sanjay,Hada 744,,,+919981270412,,,+919981270412,,
Just Auto Training Centar,Just,Auto,Training Centar,,,9426721222,,,9426721222,,
Nabha Sef Express,Nabha,Sef,Express,,,9999283931,,,9999283931,,
Kharsoda Nirjan Sharma,Nirjan,,Sharma,Kharsoda,,9893947108,,,9893947108,,
Dasai Anil Bick M. K,Anil,Bick,M. K,Dasai,,+919630408428,,,+919630408428,,
Seff Express Boy,Seff,Express,Boy,,,+918882806680,,,+918882806680,,
Dasai Vikram Beragi Bick M. K,Vikram,Beragi,Bick M. K,Dasai,,+917869858300,7869858300,,+917869858300 | 7869858300,,
Panjab Indore Ditto,Indore,,Ditto,Panjab,,+919417194484,,,+919417194484,,
Padampura Kamanl Ankal,Kamanl,,Ankal,Padampura,,+919575100912,,,+919575100912,,
Padampura Denesh Eicher Tracter,Denesh,Eicher,Tracter,Padampura,,+917697678904,,,+917697678904,,
Bidwal Gattu Kotwal 2,Gattu,Kotwal,2,Bidwal,,+917354407295,,,+917354407295,,
Dhar Dharmendra Patidar Jcb,Dharmendra,Patidar,Jcb,Dhar,,+917974620539,,,+917974620539,,
Massimo Catamar Care,Massimo,Catamar,Care,,,7680083831,,,7680083831,,
Dilraj Singh Patel Banglore,Dilraj,Singh,Patel Banglore,,,+917415171281,,,+917415171281,,
Dasai Raghav Patidar Ren,Raghav,Patidar,Ren,Dasai,,+919074163363,,,+919074163363,,
Ratlam Mega. Auto Patas Sachin Ji Rathod,Mega.,Auto,Patas Sachin Ji Rathod,Ratlam,,+919753045160,,,+919753045160,,
Dasai Mahendra Patidar Pol,Mahendra,Patidar,Pol,Dasai,,+919713682100,,,+919713682100,,
Ch. Balod Mahendra Patidar School Frind,Ch.,Balod,Mahendra Patidar School Frind,,,9981781892,,,9981781892,,
Lohari Aarti Patidar,Aarti,,Patidar,Lohari,,+919329540090,,,+919329540090,,
Dantoli Gagarama Aklechji,Gagarama,,Aklechji,Dantoli,,7974150799,,,7974150799,,
Dasai Deepak Mahankal Auto Patas,Deepak,Mahankal,Auto Patas,Dasai,,+917999030695,+919893383293,,+917999030695 | +919893383293,,
Microtek Hariom Shukla,Microtek,Hariom,Shukla,,,7692922284,,,7692922284,,
Kutpla Kamlesh Maru,Kamlesh,,Maru,Kutpla,,+918120619556,,,+918120619556,,
Delhi Audio Borad Cabinet,Audio,Borad,Cabinet,Delhi,,9810907801,,,9810907801,,
Ingenss Swichh,Ingenss,,Swichh,,,+918660155638,,,+918660155638,,
Dantoli Pream Aglecha,Pream,,Aglecha,Dantoli,,7000571028,,,7000571028,,
Jeer,Jeer,,,,,+919993986421,,,+919993986421,,
Delhi Hi Lux And Wessco,Hi,Lux,And Wessco,Delhi,,9176494676,,,9176494676,,
Bosch Deepak Dube,Bosch,Deepak,Dube,,,7768086870,,,7768086870,,
Dasai Arjun Dhobi,Arjun,,Dhobi,Dasai,,+919343955338,,,+919343955338,,
Mansor Manish Ghar,Manish,,Ghar,Mansor,,+916262802511,,,+916262802511,,
Dasai Deepak Bhimaji,Deepak,,Bhimaji,Dasai,,+919993935362,,,+919993935362,,
Delhi Fargo,Delhi,,Fargo,,,+918010968891,,,+918010968891,,
Ratlam Invetar Repeyar,Invetar,,Repeyar,Ratlam,,+919667796648,,,+919667796648,,
Ledgav Dharmendra Chohan,Dharmendra,,Chohan,Ledgav,,+919993453762,,,+919993453762,,
Balod Smill Kavarlal,Smill,,Kavarlal,Balod,,+917879588144,,,+917879588144,,
Dasai Behari,Dasai,,Behari,,,+919109543953,,,+919109543953,,
Dasai Mukesh Suleya,Mukesh,,Suleya,Dasai,,+919755301292,,,+919755301292,,
Battery Tarminal Potekatar,Tarminal,,Potekatar,Battery,,+917249357231,,,+917249357231,,
Livgurad Sarviss,Livgurad,,Sarviss,,,7428191000,,,7428191000,,
New Delihi Wiring Harness Speyar,New,Delihi,Wiring Harness Speyar,,,8700877514,,,8700877514,,
Magrol Shaym Jija,Magrol,Shaym,Jija,,,+918269034999,,,+918269034999,,
Harness Canetarkar,Harness,,Canetarkar,,,9667959790,,,9667959790,,
Rajpura Depak Darbar,Depak,,Darbar,Rajpura,,7471178129,,,7471178129,,
Amla Baloda Remesh Bheya,Amla,Baloda,Remesh Bheya,,,+917898519660,,,+917898519660,,
Indore Shree Mohan Transport Godawn,Shree,Mohan,Transport Godawn,Indore,,7049457594,,,7049457594,,
Delhi Ad Prodet,Ad,,Prodet,Delhi,,8820685952,,,8820685952,,
Indore Mahadev Road Line,Mahadev,Road,Line,Indore,,9907246779,,,9907246779,,
Indore Kb Tracter Patas,Kb,Tracter,Patas,Indore,,9425320542,9425057821,,9425320542 | 9425057821,,
Ralamandal Dulesing Chodhri,Dulesing,,Chodhri,Ralamandal,,9993356368,,,9993356368,,
Neb Feck Nabar,Neb,Feck,Nabar,,,+918085233229,,,+918085233229,,
Dasai Tonu Bhrothar New Nabar,Tonu,Bhrothar,New Nabar,Dasai,,+918871979029,,,+918871979029,,
Indore Yogi Ele,Yogi,,Ele,Indore,,+919977721001,,,+919977721001,,
Dasai Dasrth Sonareya,Dasrth,,Sonareya,Dasai,,9893160865,+919893160865,,9893160865 | +919893160865,,
All In One Invetar,All,In,One Invetar,,,9977333263,,,9977333263,,
Indore Sef Express,Sef,,Express,Indore,,9301037010,,,9301037010,,
Dantoli Sakti Darbar,Sakti,,Darbar,Dantoli,,+918839858897,,,+918839858897,,
Dasai Ashok Prajapat,Ashok,,Prajapat,Dasai,,+919993735469,,,+919993735469,,
Bhelgun Bherusing,Bhelgun,,Bherusing,,,+917000541550,7000541550,,+917000541550 | 7000541550,,
Dasai Motilal Semlavda,Motilal,,Semlavda,Dasai,,+919340896194,,,+919340896194,,
Dasai Govind Kher,Govind,,Kher,Dasai,,+919179490792,,,+919179490792,,
Dasai Kelash Ji Jevaharchan,Kelash,Ji,Jevaharchan,Dasai,,9755183937,,,9755183937,,
Dasai Kelash Ji Mayda,Kelash,Ji,Mayda,Dasai,,+919993734848,,,+919993734848,,
Dasai Natuji Ju Khadi,Natuji,Ju,Khadi,Dasai,,+919993538796,,,+919993538796,,
Dhar Rahul Marking Boy,Rahul,Marking,Boy,Dhar,,+917509813823,,,+917509813823,,
Delhi Wiyring Harness Speyar 2,Wiyring,Harness,Speyar 2,Delhi,,+919810479733,,,+919810479733,,
Tarod Umrav Ji Darbar,Umrav,Ji,Darbar,Tarod,,+919826997012,9826997012,,+919826997012 | 9826997012,,
Dasai Hariheragpba,Dasai,,Hariheragpba,,,+919993446856,,,+919993446856,,
Dasai Naren Jen Sanjay Calonay,Naren,Jen,Sanjay Calonay,Dasai,,+919893848899,,,+919893848899,,
Dasai Madan Dj,Madan,,Dj,Dasai,,+918349554473,,,+918349554473,,
BadwaniShubham Javai,BadwaniShubham,,Javai,,,+917879975434,,,+917879975434,,
Ghatoda Isvar Sing Patel Jaondeyar Farmetek,Isvar,Sing,Patel Jaondeyar Farmetek,Ghatoda,,7067608153,9926782108,,7067608153 | 9926782108,,
Indore Prins Pus,Prins,,Pus,Indore,,9098442752,,,9098442752,,
Padmpra Swaraj 735 Maru,Padmpra,Swaraj,735 Maru,,,8815488127,,,8815488127,,
Sound Audio Kit,Sound,Audio,Kit,,,9884171788,,,9884171788,,
New Audio,New,,Audio,,,9557783438,,,9557783438,,
Dasai Ravi Jiju Pana Vale,Ravi,Jiju,Pana Vale,Dasai,,9644874612,,,9644874612,,
Padpura Swaraj 735 Maru,Padpura,Swaraj,735 Maru,,,,,,,,
Khiledi Magal Dhobi,Magal,,Dhobi,Khiledi,,9755965348,,,9755965348,,
Khiledi Jagdesh Ji Fores And Sonalika,Jagdesh,Ji,Fores And Sonalika,Khiledi,,+916261395702,,,+916261395702,,
Ujjen Foto,Ujjen,,Foto,,,9827282178,,,9827282178,,
Utacda Mukesh Jat,Utacda,Mukesh,Jat,,,7240972322,,,7240972322,,
Dasai Lachhu Kaka Samji,Lachhu,Kaka,Samji,Dasai,,9893505479,,,9893505479,,
Dasai Sanju Mevati,Sanju,,Mevati,Dasai,,9893994970,,,9893994970,,
Dasai Sunil Bick M. K,Sunil,Bick,M. K,Dasai,,+918269259163,8269259163,,+918269259163 | 8269259163,,
Merat हर्ष अग्रवाल,Merat,हर्ष,अग्रवाल,,,+919368166759,,,+919368166759,,
Sarvesh,Sarvesh,,,,,+918888086336,,,+918888086336,,
Luminous Rahul Sing Parmar,Luminous,Rahul,Sing Parmar,,,777387772,,,777387772,,
Suresh Old Battery Skerp,Old,Battery,Skerp,Suresh,,+917999189026,,,+917999189026,,
Lohari Mamaji,Lohari,,Mamaji,,,9301749717,,,9301749717,,
Indore Sef Express,Sef,,Express,Indore,,+919300155682,,,+919300155682,,
"Okaya As, Office",Okaya,"As,",Office,,,+917389914036,,,+917389914036,,
Sagwal Mukesh Bhavsar Jondeyar Mahendra,Mukesh,Bhavsar,Jondeyar Mahendra,Sagwal,,+919981702182,,,+919981702182,,
Liteyam Battery,Liteyam,,Battery,,,9897707111,,,9897707111,,
Batttery Laknaw,Batttery,,Laknaw,,,+919335845180,,,+919335845180,,
matchline pawan sir ji nemuch,matchline,pawan,sir ji nemuch,,,+919425922124,,,+919425922124,,okaya\;dealer
Nimach Pentu Mechline,Pentu,,Mechline,Nimach,,9425106466,,,9425106466,,
Indrval Chetan Dhakad,Indrval,Chetan,Dhakad,,,7795680010,,,7795680010,,
Fuledi Kamal Sing,Kamal,,Sing,Fuledi,,9993356254,,,9993356254,,
Dasai Ramprasad Mstar,Ramprasad,,Mstar,Dasai,,9755216193,,,9755216193,,
Indore Auto Loding Arjun,Auto,Loding,Arjun,Indore,,9009716624,,,9009716624,,
Dasai Shree Computar,Shree,,Computar,Dasai,,7999529538,,,7999529538,,
Indore Kelas Stekar,Kelas,,Stekar,Indore,,+918120181388,,,+918120181388,,
Khiledi Yash Prajapat,Yash,,Prajapat,Khiledi,,+919630121137,,,+919630121137,,
Papa,Papa,,,,,+919893369454,,,+919893369454,,
Indore Jondeyar Tracter Patas,Jondeyar,Tracter,Patas,Indore,,+919977075003,,,+919977075003,,
Pra,Pra,,,,,,,,,,
Bidwal Suresh Katareya,Suresh,,Katareya,Bidwal,,9981867011,,,9981867011,,
Dasai Papu Ji Naranmoti,Papu,Ji,Naranmoti,Dasai,,9893678309,,,9893678309,,
Hedrolik Clipeing Mashin,Hedrolik,Clipeing,Mashin,,,9606030693,,,9606030693,,
Loding Gadi Dasai Chohan,Loding,Gadi,Dasai Chohan,,,+919685638092,,,+919685638092,,
Dhamnda Depak Patidar,Depak,,Patidar,Dhamnda,,+918770287245,,,+918770287245,,
Dasai Sachin Prajapat,Sachin,,Prajapat,Dasai,,7987888701,,,7987888701,,
Bidwal Sajan Sing Ji Laenmen,Sajan,Sing,Ji Laenmen,Bidwal,,9644852568,9754622568,,9644852568 | 9754622568,,
Dasai Mofatlal Patidar Bhalod,Mofatlal,Patidar,Bhalod,Dasai,,7999732728,,,7999732728,,
Badwani Kaneheya Patidar,Kaneheya,,Patidar,Badwani,,9993687774,,,9993687774,,
Da,Da,,,,,,,,,,
Utavda Rohit Patidar New Holland,Rohit,Patidar,New Holland,Utavda,,7869673810,,,7869673810,,
Kadod Selesh Rathod,Selesh,,Rathod,Kadod,,+919630155879,9630155879,,+919630155879 | 9630155879,,
Khiledi Akchay,Khiledi,,Akchay,,,+917389869086,,,+917389869086,,
Dasai Narayan Valaseva,Narayan,,Valaseva,Dasai,,9993344580,,,9993344580,,
Dasai Vimal Ghadi,Vimal,,Ghadi,Dasai,,9893723278,,,9893723278,,
Dasai Shayam Pat,Shayam,,Pat,Dasai,,,,,,,
Dasai Yasvant Bhimaji,Yasvant,,Bhimaji,Dasai,,+919685277577,,,+919685277577,,
Khiladi Sanju Khokhar,Khiladi,Sanju,Khokhar,,,+919644514787,,,+919644514787,,
Ghatoda Isverar Sing,Isverar,,Sing,Ghatoda,,9926782108,,,9926782108,,
Dasai Prasant Ele,Prasant,,Ele,Dasai,,+919893079016,9893079016,,+919893079016 | 9893079016,,
Mukesh Megaji,Mukesh,,Megaji,,,9981735748,,,9981735748,,
Utavada Jitendra Patidar Johndeer,Utavada,Jitendra,Patidar Johndeer,,,9993434905,,,9993434905,,
Niku,Niku,,,,,+916265756681,,,+916265756681,,
Kutpala Krisna Shreekar,Krisna,,Shreekar,Kutpala,,9589066175,,,9589066175,,
Dasai Gogul Narnmoti,Gogul,,Narnmoti,Dasai,,+917987871511,7987871511,,+917987871511 | 7987871511,,
Dasai Upendra Pandet,Upendra,,Pandet,Dasai,,9993835864,,,9993835864,,
Kutpala Jimmy,Kutpala,,Jimmy,,,9630991172,8517991172,,9630991172 | 8517991172,,
Sultapur Naren M. K,Sultapur,Naren,M. K,,,9111749707,,,9111749707,,
Khiledi Venod Patil,Venod,,Patil,Khiledi,,9993575558,,,9993575558,,
Indore Jen Auto Patas Helper,Jen,Auto,Patas Helper,Indore,,+917828877284,,,+917828877284,,
Soniji Raw 2,Soniji,Raw,2,,,+917987595094,,,+917987595094,,
Soniji Rau-2,Soniji,,Rau-2,,,+917987595094,,,+917987595094,,
Laxmi Motars Niten,Laxmi,Motars,Niten,,,+919993590111,,,+919993590111,,
Indore Jagdish Enterprises,Jagdish,,Enterprises,Indore,,9926026170,,,9926026170,,
Dasai Zank Bhut,Zank,,Bhut,Dasai,,+919893759954,,,+919893759954,,
Khiledi Rakesh Patidar Jcb,Rakesh,Patidar,Jcb,Khiledi,,+919977525386,9977525386,,+919977525386 | 9977525386,,
Ligva Mahesh Mama,Ligva,Mahesh,Mama,,,7697658004,,,7697658004,,
Hospital Sistar,Hospital,,Sistar,,,+919165898183,,,+919165898183,,
Indore Faybar Hoot And Coolar,Faybar,Hoot,And Coolar,Indore,,9039301558,,,9039301558,,
Indore Bahadursing Exide Battery,Bahadursing,Exide,Battery,Indore,,9926578099,,,9926578099,,
Dasai Ramesh Sirvi,Ramesh,,Sirvi,Dasai,,+919617880585,,,+919617880585,,
Feck Coll,Feck,,Coll,,,+919675967704,,,+919675967704,,
Hdrc Rajgad,Hdrc,,Rajgad,,,+918770831281,,,+918770831281,,
Dasai Rakesh Bhemaji,Rakesh,,Bhemaji,Dasai,,6265493166,,,6265493166,,
Dasai Ravi Parmar,Ravi,,Parmar,Dasai,,9589293346,,,9589293346,,
Dasai Umesh Maru,Umesh,,Maru,Dasai,,9009190912,,,9009190912,,
Khiedi Jug,Khiedi,,Jug,,,9179393082,,,9179393082,,
Dasai Sachin Prajapat,Sachin,,Prajapat,Dasai,,9179839292,,,9179839292,,
Khiledi Kalu Patel 855,Kalu,Patel,855,Khiledi,,7898159112,,,7898159112,,
Dasai Bhagavati Bhut,Bhagavati,,Bhut,Dasai,,9893889359,,,9893889359,,
Dasai Antiji Water,Antiji,,Water,Dasai,,+918718876752,,,+918718876752,,
Dasai Selu Lali,Selu,,Lali,Dasai,,7067265509,,,7067265509,,
Ankit,Ankit,,,,,+919993208217,,,+919993208217,,
Indore Raju Jen,Raju,,Jen,Indore,,8269535386,,,8269535386,,
A 1 Coolar Motar,A,1,Coolar Motar,,,+919607900668,,,+919607900668,,
Indore Veethree,Indore,,Veethree,,,9827247582,,,9827247582,,
Siloda Balu Patel 855,Balu,Patel,855,Siloda,,+919993678934,,,+919993678934,,
Dasai Light Repering Ravi Patidar,Light,Repering,Ravi Patidar,Dasai,,7049489494,,,7049489494,,
Ujjen Kirti Auto Patas,Kirti,Auto,Patas,Ujjen,,9827323535,,,9827323535,,
Dasai Dilip Raghuvanshi,Dilip,,Raghuvanshi,Dasai,,+919993666194,,,+919993666194,,
Dasai Gogul Megaji,Gogul,,Megaji,Dasai,,+917389972381,,,+917389972381,,
Dasai Manoj Patidar Balod,Manoj,Patidar,Balod,Dasai,,+917999861247,,,+917999861247,,
Dasai Amart Kanjigagaram,Amart,,Kanjigagaram,Dasai,,+919981620887,,,+919981620887,,
Dasai Balram Kriparam,Balram,,Kriparam,Dasai,,9993618413,,,9993618413,,
Dasai Jivan Chay,Jivan,,Chay,Dasai,,9009803735,,,9009803735,,
Dasai Kamal Jen,Kamal,,Jen,Dasai,,8839004042,,,8839004042,,
Ch. Balod Rameshwar Ji Dheri Vale,Ch.,Balod,Rameshwar Ji Dheri Vale,,,+918720825075,,,+918720825075,,
Audio Bord,Audio,,Bord,,,8700637426,,,8700637426,,
Indore Kee Chen,Kee,,Chen,Indore,,8817171709,,,8817171709,,
Dantoli Mahesh Dr,Mahesh,,Dr,Dantoli,,9977175170,,,9977175170,,
Dasai Nilesh Bhopa,Nilesh,,Bhopa,Dasai,,+919584275396,,,+919584275396,,
Dasai Kavar Pol,Kavar,,Pol,Dasai,,8827688394,,,8827688394,,
Bhamnkhidi Krasna Maru,Bhamnkhidi,Krasna,Maru,,,7047186882,,,7047186882,,
Kharsoda Sharmahe,Kharsoda,,Sharmahe,,,+919644088502,,,+919644088502,,
Indore Seetal Jen,Seetal,,Jen,Indore,,+917470511066,,,+917470511066,,
Kutpala Manesh Maru Swaraj,Manesh,Maru,Swaraj,Kutpala,,+919165485694,9165485694,,+919165485694 | 9165485694,,
Takravda Shaym Patel,Shaym,,Patel,Takravda,,+919399083150,,,+919399083150,,
Swaraj Shoroom,Swaraj,,Shoroom,,,9981302728,,,9981302728,,
Microtek Subhash Dasore,Microtek,Subhash,Dasore,,,9300016473,,,9300016473,,
Mltone,Mltone,,,,,9811757064,,,9811757064,,
Dasai Shilu MAnder,Shilu,,MAnder,Dasai,,+919993126473,,,+919993126473,,
Kiijijj Just And I Could Have A In Fv Go,Kiijijj,Just,And I Could Have A In Fv Go,,,2180020833884,882282182009,1.0111481180111502e+17,2180020833884 | 882282182009 | 0101114811801115024 | 200881851585258208221281011055101800 | 8 | 844959993 | 500080000088008008080008802 | 05000020002002005800200000010150205058 | 0 | 800511,,
Cherakhan Shaym Jaywal,Shaym,,Jaywal,Cherakhan,,+919977776833,,,+919977776833,,
Seema Rajput,Seema,,Rajput,,,9340855947,,,9340855947,,
Dasai Mukesh Logrji,Mukesh,,Logrji,Dasai,,9926275050,,,9926275050,,
Indore Jain Auto,Jain,,Auto,Indore,,9981547995,,,9981547995,,
Dasai Ravi Valas,Ravi,,Valas,Dasai,,9074427501,,,9074427501,,
Ratlam Durgesh Prajapat,Durgesh,,Prajapat,Ratlam,,+919770809102,,,+919770809102,,
Belgun Arun Pawar,Belgun,Arun,Pawar,,,+919753792020,,,+919753792020,,
Dasai Devendra Bhimaji,Devendra,,Bhimaji,Dasai,,7869622792,,,7869622792,,
Indore Gupta Je,Gupta,,Je,Indore,,+919584390545,,,+919584390545,,
Led Light,Led,,Light,,,+919601551733,,,+919601551733,,
Mansor Manesh 2,Manesh,,2,Mansor,,+916260793434,,,+916260793434,,
Dasai Hetesh Doggaje,Hetesh,,Doggaje,Dasai,,9993636571,,,9993636571,,
Takeravda Sundarlalpatidar,Takeravda,,Sundarlalpatidar,,,+919977634449,,,+919977634449,,
Dasai Kamal Texi,Kamal,,Texi,Dasai,,7869678578,,,7869678578,,
Dasai Dharmendra Samje Ghar,Dharmendra,Samje,Ghar,Dasai,,9340050315,,,9340050315,,
Seloda Mas,Seloda,,Mas,,,+917354026318,,,+917354026318,,
Khiledi Sandep Patidar,Sandep,,Patidar,Khiledi,,9993503459,,,9993503459,,
Dantoli Ghanhaym Swaraj,Ghanhaym,,Swaraj,Dantoli,,9630713874,7089228126,,9630713874 | 7089228126,,
Bidaval Shivam Patil,Bidaval,Shivam,Patil,,,+919827725266,,,+919827725266,,
Okiya Sarves,Okiya,,Sarves,,,18001037011,,,18001037011,,
Nimnol Jagdesh Kamdar,Nimnol,Jagdesh,Kamdar,,,+919893239117,,,+919893239117,,
Dasai Shuresh Bhopa,Shuresh,,Bhopa,Dasai,,9993355870,,,9993355870,,
Maharast Raju Patil,Maharast,Raju,Patil,,,+917666407078,,,+917666407078,,
Dantoli Shakti Darbar,Shakti,,Darbar,Dantoli,,+919926974540,,,+919926974540,,
Exide Harishkesh Panday,Exide,Harishkesh,Panday,,,+919826762999,,,+919826762999,,
Kemeleya Keids School,Kemeleya,Keids,School,,,+917000461761,,,+917000461761,,
Dasai Arjun Chodhre,Arjun,,Chodhre,Dasai,,+916261567143,,,+916261567143,,
Dasai Mittu Maeda,Mittu,,Maeda,Dasai,,+917898044909,,,+917898044909,,
Dasai Narseg Faleya Mas,Narseg,Faleya,Mas,Dasai,,7583848461,,,7583848461,,
Dasai Pankaj Prajapat,Pankaj,,Prajapat,Dasai,,+917987812368,,,+917987812368,,
Okaya Sarvesh Whatsab,Okaya,Sarvesh,Whatsab,,,9870902020,,,9870902020,,
Dasai Anil Aramashin,Anil,,Aramashin,Dasai,,9993055349,,,9993055349,,
Dasai Baderam Samje,Baderam,,Samje,Dasai,,9893693411,,,9893693411,,
Mansor Manish Invetar Repyar,Manish,Invetar,Repyar,Mansor,,+917987523812,,,+917987523812,,
Nimbol Deveya Patidar,Deveya,,Patidar,Nimbol,,9755584226,,,9755584226,,
Ruperta Kalu Jeja,Ruperta,Kalu,Jeja,,,8964828476,,,8964828476,,
Indore Vaseka Battery,Vaseka,,Battery,Indore,,9826700355,,,9826700355,,
Dasai Mohan Tent,Mohan,,Tent,Dasai,,9826367031,,,9826367031,,
Porushottam Patidar MAmaje,Porushottam,Patidar,MAmaje,,,+919424696589,,,+919424696589,,
Lalitheshvar Livgurad Or Livfa,Lalitheshvar,Livgurad,Or Livfa,,,7428191059,,,7428191059,,
Deepak Naranmoti,Deepak,,Naranmoti,,,+917869188924,,,+917869188924,,
Jugad11,Jugad11,,,,,7519327853,,,7519327853,,
Dasai Anil Makvana,Anil,,Makvana,Dasai,,8349553409,,,8349553409,,
Bidwal Mahesh Doleya,Mahesh,,Doleya,Bidwal,,9752053068,,,9752053068,,
Exide Sandeep Khare,Exide,Sandeep,Khare,,,+919893272549,,,+919893272549,,
Ujjen Raj Battery,Raj,,Battery,Ujjen,,+919644952666,,,+919644952666,,
Gotampura Rajesh Patidar,Gotampura,Rajesh,Patidar,,,+918085181089,,,+918085181089,,
Dasai Papau Ankal,Papau,,Ankal,Dasai,,9752060591,,,9752060591,,
Battery Watar,Battery,,Watar,,,+919009251925,,,+919009251925,,
Pana Manohar,Pana,,Manohar,,,9993992003,,,9993992003,,
Dasai Kana Sanjy Kalone,Kana,Sanjy,Kalone,Dasai,,7000809834,,,7000809834,,
mPaani - WhatsApp,mPaani,-,WhatsApp,,,02230932044,,,02230932044,,
Nasaka Castamar Nabar,Nasaka,Castamar,Nabar,,,,,,,,
Kadmal Sante M0se,Sante,,M0se,Kadmal,,9174264336,,,9174264336,,
Dasai Prya Bedval,Prya,,Bedval,Dasai,,9589933038,,,9589933038,,
Dasai Gajupandet,Dasai,,Gajupandet,,,9753975547,,,9753975547,,
Dasai Kamal Gelot,Kamal,,Gelot,Dasai,,9977100348,,,9977100348,,
Segana Papapu,Segana,,Papapu,,,+919752659360,,,+919752659360,,
Dasai Ganesh Bagabera,Ganesh,,Bagabera,Dasai,,9993124292,,,9993124292,,
Dhar Nilesh Exide,Nilesh,,Exide,Dhar,,8966049045,,,8966049045,,
Dhar Mohan Bheya Exide Battery,Mohan,Bheya,Exide Battery,Dhar,,09827525421,,,09827525421,,
"Jagad 20 6, 2018",Jagad,20,"6, 2018",,,+916260948952,,,+916260948952,,
Lasudeya Deepk Patidar,Lasudeya,Deepk,Patidar,,,+917440613700,,,+917440613700,,
Dhamnda Dhud,Dhamnda,,Dhud,,,9977442319,,,9977442319,,
Railway Enquiry,Railway,,Enquiry,,,139,,,139,,
Rajpura Manor Sir,Manor,,Sir,Rajpura,,9584215613,,,9584215613,,
Pavan,Pavan,,,,,9098057482,,,9098057482,,
Rajgad Balaram M. k,Balaram,M.,k,Rajgad,,9753333413,,,9753333413,,
Dasai Deveya Jagad Mast,Deveya,Jagad,Mast,Dasai,,9685112768,,,9685112768,,
Dasai Hemant Patidar,Hemant,,Patidar,Dasai,,8839753450,,,8839753450,,
Ledgav Sandep Patidar Sonaleka,Sandep,Patidar,Sonaleka,Ledgav,,9981964064,,,9981964064,,
Narayn,Narayn,,,,,+918827828898,,,+918827828898,,
Dasai Santosh Patel,Santosh,,Patel,Dasai,,+919584521940,,,+919584521940,,
Big Brathar Jio,Big,Brathar,Jio,,,+918770083819,,,+918770083819,,
Nalcha Masahen,Nalcha,,Masahen,,,8305423397,,,8305423397,,
New Delhi Auto P,New,Delhi,Auto P,,,+918588037856,,,+918588037856,,
Indore Hedrolik 1,Hedrolik,,1,Indore,,9179474663,,,9179474663,,
Indore Hydraulic Motar 2,Hydraulic,Motar,2,Indore,,9753188242,,,9753188242,,
Dasai Hdfc,Dasai,,Hdfc,,,9981291987,,,9981291987,,
GhatodaDaharmen Seth,GhatodaDaharmen,,Seth,,,+919575804858,,,+919575804858,,
Choto Zulelal,Choto,,Zulelal,,,+917697486057,,,+917697486057,,
Kukche Puja a Jugad,Kukche,Puja,a Jugad,,,7999582358,,,7999582358,,
Galunda Choutu,Galunda,,Choutu,,,+918965985858,,,+918965985858,,
Okaya Serves Sentar,Okaya,Serves,Sentar,,,+918871280209,,,+918871280209,,
Prkas Rajod Dhakd Trospoet,Prkas,Rajod,Dhakd Trospoet,,,+917987933097,,,+917987933097,,
Petrol Pump Bhabhi,Petrol,Pump,Bhabhi,,,9993124033,,,9993124033,,
Dasai Motilala Palva,Motilala,,Palva,Dasai,,+918349467614,,,+918349467614,,
Dulsar Sister,Dulsar,,Sister,,,+917987908967,,,+917987908967,,
Dasai Arjan Jugad,Arjan,,Jugad,Dasai,,9669839609,,,9669839609,,
Dasai Bhara Maru,Bhara,,Maru,Dasai,,9589244432,,,9589244432,,
Galunada Ranjet,Galunada,,Ranjet,,,8319019977,+919589694062,918319019977.0,8319019977 | +919589694062 | +918319019977,,
Dasai Raju Jen,Raju,,Jen,Dasai,,9981517700,,,9981517700,,
Papau ZUzula,Papau,,ZUzula,,,+917909348175,,,+917909348175,,
Dasai Venod Kodalman,Venod,,Kodalman,Dasai,,+918319859080,,,+918319859080,,
Mamata Dasai Sanjay Coloni,Mamata,Dasai,Sanjay Coloni,,,+916261707372,,,+916261707372,,
Dhar Rupal Jugad,Rupal,,Jugad,Dhar,,8120382196,,,8120382196,,
Dhile,Dhile,,,,,+918527762830,,,+918527762830,,
Kesrpura Anurada,Kesrpura,,Anurada,,,7697480027,,,7697480027,,
"Dasai Pawan Mes, Jr.",Pawan,"Mes,",Jr.,Dasai,,9827636913,,,9827636913,,
Lotas Marbal Raju Dange,Marbal,Raju,Dange,Lotas,,+917742459842,,,+917742459842,,
Dhar Mashen,Dhar,,Mashen,,,9755105395,,,9755105395,,
Kanardi Sageta Bhabhi,Kanardi,Sageta,Bhabhi,,,7089086842,,,7089086842,,
Mona,Mona,,,,,09630521150,,,09630521150,,
Nilam Jugad,Nilam,,Jugad,,,9713502595,,,9713502595,,
Istekar,Istekar,,,,,+919424824990,,,+919424824990,,
Raman Kaka,Raman,,Kaka,,,+917225941826,,,+917225941826,,
Pana Sanjy Sir,Sanjy,,Sir,Pana,,9893125412,,,9893125412,,
Dasai Sheru Bhopa,Sheru,,Bhopa,Dasai,,+918269594326,,,+918269594326,,
Iskrem,Iskrem,,,,,+918461816623,,,+918461816623,,
Poj Jaysaval,Poj,,Jaysaval,,,9893937834,,,9893937834,,
Latas Marbal Sanju,Latas,Marbal,Sanju,,,+918107074385,,,+918107074385,,
Sarde Ujjen,Sarde,,Ujjen,,,+918815113131,,,+918815113131,,
Kod Mona,Kod,,Mona,,,6260862143,,,6260862143,,
J Guruje,J,,Guruje,,,+918827406607,,,+918827406607,,
Pana,Pana,,,,,+917047747245,,,+917047747245,,
Ratlam,Ratlam,,,,,+919171253931,,,+919171253931,,
Pagal,Pagal,,,,,9740632859,,,9740632859,,
Mashen,Mashen,,,,,7441104497,,,7441104497,,
Pana Amarsinhmk,Pana,,Amarsinhmk,,,7970241545,,,7970241545,,
O m. g,O,m.,g,,,+917223096886,,,+917223096886,,
Manavar Palak,Manavar,,Palak,,,8462964004,,,8462964004,,
Dasai Aashesh Gati,Aashesh,,Gati,Dasai,,9993124314,,,9993124314,,
Dasai Dharmendr Samaje Patidar,Dharmendr,Samaje,Patidar,Dasai,,9893411498,,,9893411498,,
Rajkumar Patidar,Rajkumar,,Patidar,,,+919893505757,,,+919893505757,,
Lalit Bhai Loni,Lalit,Bhai,Loni,,,+919907530318,,,+919907530318,,
Kod Jejaje,Kod,,Jejaje,,,9893466855,,,9893466855,,
Indore Kepash Amron Battery,Kepash,Amron,Battery,Indore,,9109109112,,,9109109112,,
Distress Number,Distress,,Number,,,112,,,112,,
Dasai Pintu Brothar,Pintu,,Brothar,Dasai,,+918964986992,8964986992,,+918964986992 | 8964986992,,
Add Ke Leye Jankari,Add,Ke,Leye Jankari,,,9530038888,,,9530038888,,
Ch. Balod Retesh Sosayti,Ch.,Balod,Retesh Sosayti,,,9993888763,,,9993888763,,
Nilpura Vinod Banjara,Nilpura,Vinod,Banjara,,,8120576383,,,8120576383,,
Balod Denish Ji Johndeer,Denish,Ji,Johndeer,Balod,,+917987862647,,,+917987862647,,
Badodeya Sima Bhabhi,Sima,,Bhabhi,Badodeya,,+917024992474,,,+917024992474,,
Hdfc Pankaj,Hdfc,,Pankaj,,,+917509531524,,,+917509531524,,
Bidwal Doleya Ji,Doleya,,Ji,Bidwal,,9755359945,,,9755359945,,
Dasai Pradip Drivar,Pradip,,Drivar,Dasai,,9753485325,,,9753485325,,
M Tek Dharmendra Chohan,M,Tek,Dharmendra Chohan,,,+918839855398,,,+918839855398,,
My Contact,My,,Contact,,,9893705221,,,9893705221,,
Livgurad Branding,Livgurad,,Branding,,,+916267476128,,,+916267476128,,
Dr. Meena,Dr.,,Meena,,,+919770978348,,,+919770978348,,
Dhar Raj Songara,Raj,,Songara,Dhar,,7000982506,,,7000982506,,
Ujjen Akarm Raj battery,Akarm,Raj,battery,Ujjen,,+918349638071,8817507093,,+918349638071 | 8817507093,,
Indore Kannada Load Testar,Kannada,Load,Testar,Indore,,9302540404,,,9302540404,,
Dasai Bhagvati Kumar,Bhagvati,,Kumar,Dasai,,9893997488,,,9893997488,,
Chirakhan Ramsingh Ramsingh,Ramsingh,,Ramsingh,Chirakhan,,+919752285198,9752285198,,+919752285198 | 9752285198,,
Dhar Dr Bhushan,Dr,,Bhushan,Dhar,,7415971773,9131153543,,7415971773 | 9131153543,,
V Gurad Battery,V,Gurad,Battery,,,9633503333,,,9633503333,,
Estmenn Castmar NAbar,Estmenn,Castmar,NAbar,,,7678532264,,,7678532264,,
Idfc Bank Kis,Idfc,Bank,Kis,,,9009624014,,,9009624014,,
Papu Zulala,Papu,,Zulala,,,+919822627890,,,+919822627890,,
Rajeshtan Hanumangd Sound,Rajeshtan,Hanumangd,Sound,,,+919549513655,,,+919549513655,,
Ujjen Bick Batteey,Bick,,Batteey,Ujjen,,7089798584,,,7089798584,,
Khiledi S patidar,S,,patidar,Khiledi,,+918109791813,,,+918109791813,,
Jj,Jj,,,,,6269635101,,,6269635101,,
Ratlam Sanjay Halvai,Sanjay,,Halvai,Ratlam,,8349058081,,,8349058081,,
Magod Barf,Magod,,Barf,,,+919993863293,,,+919993863293,,
Microtek International,Microtek,,International,,,+918800255733,,,+918800255733,,Microtek International
Udaypur Geonix Air Coolar,Geonix,Air,Coolar,Udaypur,,+919414167076,,,+919414167076,,
Indore Princ Bus,Princ,,Bus,Indore,,+919893636341,,,+919893636341,,
Dasai Bherusing,Dasai,,Bherusing,,,+919981620816,,,+919981620816,,
Dasai Mohan Parmar Tent,Mohan,Parmar,Tent,Dasai,,+918305115464,,,+918305115464,,
Dasai Ashok Chenaje,Ashok,,Chenaje,Dasai,,+919691153061,,,+919691153061,,
Ch balod Ankalji,balod,,Ankalji,Ch,,9981345405,,,9981345405,,
Indore Sigdi,Indore,,Sigdi,,,09827523451,,,09827523451,,
Dasai Pavan Panchayat Ke Samne,Pavan,Panchayat,Ke Samne,Dasai,,7047709909,,,7047709909,,
My Brother's,My,,Brother's,,,+916260515963,,,+916260515963,,
Ledgav Rahul Tent House,Rahul,Tent,House,Ledgav,,+918827774296,,,+918827774296,,
Dasai Jaynarayn Meramaa,Jaynarayn,,Meramaa,Dasai,,9755216626,,,9755216626,,
Aalot Coolar,Aalot,,Coolar,,,9425124704,,,9425124704,,
Dhar Kokilbe. Ambani. Opd. Hospital,Kokilbe.,Ambani.,Opd. Hospital,Dhar,,+916232008612,,,+916232008612,,
Khildei Pravin Mukati,Pravin,,Mukati,Khildei,,+919752199471,,,+919752199471,,
Udaypur Zonix Coolar,Zonix,,Coolar,Udaypur,,+919983799066,,,+919983799066,,
Dasai Okarllal Khacroda,Okarllal,,Khacroda,Dasai,,+919993339680,,,+919993339680,,
Sf Batteery,Sf,,Batteery,,,+916289011111,,,+916289011111,,
Microtek Invetar 2023,Microtek,Invetar,2023,,,+919926385872,,,+919926385872,,
Exide Sandeep 2023,Exide,Sandeep,2023,,,9755286567,,,9755286567,,
Indore Rek,Indore,,Rek,,,9685521703,,,9685521703,,
Dasai Ghanshaym Dhannaji,Ghanshaym,,Dhannaji,Dasai,,+919893364865,,,+919893364865,,
Ratlam Amron Battery,Amron,,Battery,Ratlam,,+919685331616,,,+919685331616,,
Video Mekar,Video,,Mekar,,,+919756170713,,,+919756170713,,
Akoda Devendra Mesee,Devendra,,Mesee,Akoda,,+918120154895,,,+918120154895,,
Jivan Redeyo Dharad,Redeyo,,Dharad,Jivan,,+919754360942,,,+919754360942,,
Dasai Mahakal Fanichar,Mahakal,,Fanichar,Dasai,,+917000725862,,,+917000725862,,
Okaya Catmarcere Nabarv2023,Okaya,Catmarcere,Nabarv2023,,,9818909090,,,9818909090,,
Ratlam Tracter Sound,Tracter,,Sound,Ratlam,,7974465018,9753837266,,7974465018 | 9753837266,,
Ralamandal Prahlad Patel,Prahlad,,Patel,Ralamandal,,+917000727221,,,+917000727221,,
Stikar New Delhi,Stikar,New,Delhi,,,+919810756883,,,+919810756883,,
Bidwal Kamal Patidar,Kamal,,Patidar,Bidwal,,+919589490468,,,+919589490468,,
Panjab Lakuu Sound,Lakuu,,Sound,Panjab,,9876819010,,,9876819010,,
Simslkhedi Arjun Maru 855,Simslkhedi,Arjun,Maru 855,,,+919074282748,,,+919074282748,,
Gatoda Ranjit Banna,Ranjit,,Banna,Gatoda,,+919977862011,,,+919977862011,,
Akoda Vimal Patidar Logrji,Vimal,Patidar,Logrji,Akoda,,+918349507340,,,+918349507340,,
Lucas Sarvis Centar,Lucas,Sarvis,Centar,,,9407120343,,,9407120343,,
Dasai Raghav Dhanaji Patidar,Raghav,Dhanaji,Patidar,Dasai,,+917225940272,,,+917225940272,,
Dasai Hariom Gehlot,Hariom,,Gehlot,Dasai,,+917987693188,,,+917987693188,,
Dasai Gatu Khacroda,Gatu,,Khacroda,Dasai,,+919993059351,,,+919993059351,,
Dasai Gopal Hamad,Gopal,,Hamad,Dasai,,+919926203061,9926203061,,+919926203061 | 9926203061,,
Bulk Watsab,Bulk,,Watsab,,,9069825148,,,9069825148,,
Lalli,Lalli,,,,,9301292630,,,9301292630,,
Amzera Ganaa,Amzera,,Ganaa,,,9893202960,,,9893202960,,
Toni Soldar Aayran,Toni,Soldar,Aayran,,,8595278578,,,8595278578,,
Anilkumar Moojoria Okaya,Anilkumar,Moojoria,Okaya,,,+917747060277,,,+917747060277,,
Balid Rohit Kiskok Setnar,Balid,Rohit,Kiskok Setnar,,,+919098174200,,,+919098174200,,
Dasai Badal Chodri,Badal,,Chodri,Dasai,,8349818235,,,8349818235,,
Massimo Battery,Massimo,,Battery,,,+919424097258,,,+919424097258,,
Dasai Bhart Bhut,Bhart,,Bhut,Dasai,,+919425406665,,,+919425406665,,
Aadhar,Aadhar,,,,,879573321786,,,879573321786,,
Dasai Niraj Veva,Niraj,,Veva,Dasai,,+918319067456,,,+918319067456,,
Kiran s,Kiran,,s,,,+919785825829,,,+919785825829,,
railway inquiry,railway,,inquiry,,,139,,,139,,
Fire,Fire,,,,,101,,,101,,
Rachna Ramesh  P,Rachna,Ramesh,P,,,9586231725,,,9586231725,,
Ghatoda Naven,Ghatoda,,Naven,,,09754896285,,,09754896285,,
Dasai H Mohet,H,,Mohet,Dasai,,08223835440,,,08223835440,,
emergency hotline,emergency,,hotline,,,55100,,,55100,,
new delhi hi lux auto ele. patas,new,delhi,hi lux auto ele. patas,,,+919717561650,,,+919717561650,,
facebook,facebook,,,,,325,*325#,,325 | *325#,,
Manavar Arora Sh,Arora,,Sh,Manavar,,7566575328,,,7566575328,,
Dasai Govend Gha,Govend,,Gha,Dasai,,9179894646,,,9179894646,,
customer care,customer,,care,,,121,,,121,,
Rajesthan Papa,Rajesthan,,Papa,,,9602982839,,,9602982839,,
Reena.b,Reena.b,,,,,+919784169915,,,+919784169915,,
Raj Kesan 1,Kesan,,1,Raj,,+917742460177,,,+917742460177,,
GhatodaDaharmen,GhatodaDaharmen,,,,,+919575804858,,,+919575804858,,
Raj Kesan Iskrem,Kesan,,Iskrem,Raj,,+917580877929,,,+917580877929,,
Rajpura Manor Si,Manor,,Si,Rajpura,,9584215613,,,9584215613,,
ambulance,ambulance,,,,,102,,,102,,
"Kod, Nirmal","Kod,",,Nirmal,,,+919981362772,,,+919981362772,,
Dhamnod Jen Mot,Jen,,Mot,Dhamnod,,+919425089458,,,+919425089458,,
AL entertainment,AL,,entertainment,,,543212,,,543212,,
Lala Hukum,Lala,,Hukum,,,9669154334,,,9669154334,,
Dasai Hemant Pat,Hemant,,Pat,Dasai,,8839753450,,,8839753450,,
Instanthelp 24x7,Instanthelp,,24x7,,,121,,,121,,
Pwplode Jadu,Pwplode,,Jadu,,,9981795029,,,9981795029,,
twitter,twitter,,,,,515,*515#,,515 | *515#,,
Ledgav Sandep Pa,Sandep,,Pa,Ledgav,,9981964064,,,9981964064,,
Ludeyana Sound S,Ludeyana,Sound,S,,,+919815918212,,,+919815918212,,
police,police,,,,,100,,,100,,
Dasai Kasuuu,Dasai,,Kasuuu,,,8085019839,,,8085019839,,
AL hello tunes,hello,,tunes,AL,,543211,,,543211,,
Rajgad Jaker M. k,Jaker,M.,k,Rajgad,,9893316110,,,9893316110,,
emergency alert,emergency,,alert,,,8527355100,,,8527355100,,
kailash d,kailash,,d,,,+918107799605,,,+918107799605,,
AL friendz chat,friendz,,chat,AL,,543216,,,543216,,
Instanthelp 24x7,Instanthelp,,24x7,,,*121#,,,*121#,,
Savita Thur,Savita,,Thur,,,+917568504188,,,+917568504188,,
Mom,Mom,,,,,9940566027,,,9940566027,,
my offer,my,,offer,,,12131,,,12131,,
Kadmal  Sante M0,Sante,,M0,Kadmal,,9174264336,,,9174264336,,
doctor on call,doctor,on,call,,,54445,,,54445,,
Gotmpura,Gotmpura,,,,,9691754504,,,9691754504,,
Pari,Pari,,,,,955678098,,,955678098,,
Dasai Jivan Bhut,Jivan,,Bhut,Dasai,,+919893693569,,,+919893693569,,
Kod Shital,Kod,,Shital,,,9926781108,,,9926781108,,
AL * dial,*,,dial,AL,,321,*321#,,321 | *321#,,
AL on demand,on,,demand,AL,,543213,,,543213,,
Dasai Gordan Meg,Gordan,,Meg,Dasai,,+917000519962,,,+917000519962,,
AL cricket,AL,,cricket,,,543212601,,,543212601,,
Dasai Pentu,Dasai,,Pentu,,,+918269909846,,,+918269909846,,
Raju Kanarde,Raju,,Kanarde,,,+919179926790,,,+919179926790,,
Latas Marbal San,Latas,Marbal,San,,,+918107074385,,,+918107074385,,
Rachna Kalpesh Kaka,Rachna,Kalpesh,Kaka,,,+917049920947,,,+917049920947,,
Raw Exzos Fen,Raw,Exzos,Fen,,,8889403835,,,8889403835,,
Shree Ram Kavasha,Shree,Ram,Kavasha,,,9131607753,,,9131607753,,
Sultanpur Gajen Mk Fast,Gajen,Mk,Fast,Sultanpur,,+919753722862,,,+919753722862,,
Ch. Balod Kishor Patidar,Ch.,Balod,Kishor Patidar,,,+919893093789,,,+919893093789,,
Ch. balod Ravinder New Holland,Ch.,balod,Ravinder New Holland,,,9993435011,,,9993435011,,
Balod Bhanusing Je Darbar,Bhanusing,Je,Darbar,Balod,,8435554440,,,8435554440,,
Khutpala Mukesh Maru M. K,Mukesh,Maru,M. K,Khutpala,,9993992009,,,9993992009,,
Jitu Driver Tavera,Jitu,Driver,Tavera,,,+919630408436,,,+919630408436,,
Idfc Bank Rajgad,Idfc,Bank,Rajgad,,,+919826934904,,,+919826934904,,
Indore Kamal Je Battery,Kamal,Je,Battery,Indore,,+919826252536,,,+919826252536,,
Rakesh Seen Bunees Ad,Seen,Bunees,Ad,Rakesh,,+918827092467,,,+918827092467,,
Barmandal Navrang Tent Hohuse,Navrang,Tent,Hohuse,Barmandal,,9685049227,,,9685049227,,
Dhamnod Jen Motars,Jen,,Motars,Dhamnod,,+919399769952,,,+919399769952,,
Dasai Mukesh Kodalaxaman1,Mukesh,,Kodalaxaman1,Dasai,,9981171208,,,9981171208,,
Dasai Joyti Sister,Joyti,,Sister,Dasai,,+918224870242,,,+918224870242,,
Badnavar Sajay Makvana,Sajay,,Makvana,Badnavar,,9977977622,,,9977977622,,
Mansor Dr,Mansor,,Dr,,,9753088449,,,9753088449,,
Kadod Merej,Kadod,,Merej,,,8827895267,,,8827895267,,
Lohare Mamaji Smill,Mamaji,,Smill,Lohare,,+919977547040,,,+919977547040,,
Kadodnewholendswaraj,Kadodnewholendswaraj,,,,,+919981776599,,,+919981776599,,
Dasai Bhola Hotal,Bhola,,Hotal,Dasai,,7828007318,,,7828007318,,
Indore Jen Enjer,Jen,,Enjer,Indore,,9425067995,,,9425067995,,
Dasai Lulemata Mukesh Luhar,Lulemata,Mukesh,Luhar,Dasai,,+917987881744,,,+917987881744,,
Raj Deep Powar Point A. C. Naba,Deep,Powar,Point A. C. Naba,Raj,,918020105356783,,,918020105356783,,
Dasai Rajes Bhut,Rajes,,Bhut,Dasai,,9893793651,,,9893793651,,
Dadai Badre Bhut,Badre,,Bhut,Dadai,,+919644779491,,,+919644779491,,
Badvani Aaus,Badvani,,Aaus,,,07024911808,,,07024911808,,
"Mansor Dr, I","Dr,",,I,Mansor,,8827867648,,,8827867648,,
Dasai Gajendra Poranek,Gajendra,,Poranek,Dasai,,,,,,,
Danthatole Reshee,Danthatole,,Reshee,,,+918817769755,,,+918817769755,,
Manavar Palak Kenaar,Palak,,Kenaar,Manavar,,9926584496,,,9926584496,,
Dasai Mukeshkodalachama,Dasai,,Mukeshkodalachama,,,+919131522671,,,+919131522671,,
Ratlam Ashok. bhai,Ashok.,,bhai,Ratlam,,+919301230482,,,+919301230482,,
Indore Rakesh Invetar Repayar,Rakesh,Invetar,Repayar,Indore,,+916264323190,,,+916264323190,,
Rchana Gopal Patel,Rchana,Gopal,Patel,,,7745938031,,,7745938031,,
Khilede Depak सिस्टर,Depak,,सिस्टर,Khilede,,8827838504,,,8827838504,,
OPPO India,OPPO,,India,,,,,,,,
Dasai Mohan Jagaje,Mohan,,Jagaje,Dasai,,9993259347,,,9993259347,,
Indore Pujaa Mashen,Pujaa,,Mashen,Indore,,8225891343,,,8225891343,,
Dasai Dee,Dasai,,Dee,,,9179437339,,,9179437339,,
Venod Time Psss,Venod,Time,Psss,,,+918435178637,,,+918435178637,,
Dasai Manoj Logrje,Manoj,,Logrje,Dasai,,+917387168954,,,+917387168954,,
Dasai Kusbhujugad,Dasai,,Kusbhujugad,,,9179745026,,,9179745026,,
Battery Load Tester Maharast,Load,Tester,Maharast,Battery,,8888800895,,,8888800895,,
Dasai Lokesh Gabhaje1,Lokesh,,Gabhaje1,Dasai,,7471199382,,,7471199382,,
Baloda Rahul Swaraj,Rahul,,Swaraj,Baloda,,+918965076465,,,+918965076465,,
Susuri Saketa Mosi,Susuri,Saketa,Mosi,,,08827708590,,,08827708590,,
myBillBook Help,myBillBook,,Help,,,+917400417400,,,+917400417400,,
Papaeya,Papaeya,,,,,+919993539042,,,+919993539042,,
Badodeya Murare M. k,Murare,M.,k,Badodeya,,+919893994446,,,+919893994446,,
Indore Bhagar,Indore,,Bhagar,,,9171133722,6263684546,,9171133722 | 6263684546,,
Dasai Venet Ju,Venet,,Ju,Dasai,,9630754809,,,9630754809,,
myBillBook Research,myBillBook,,Research,,,+916366777341,,,+916366777341,,
myBillBook notification,myBillBook,,notification,,,+916366777344,,,+916366777344,,
Indore Aroora Battery,Aroora,,Battery,Indore,,+917312704256,,,+917312704256,,
Khiledi Gotam Ju,Gotam,,Ju,Khiledi,,6265179495,,,6265179495,,
Dasai Veneta Just,Veneta,,Just,Dasai,,9074030852,,,9074030852,,
Badvele Denesha Patidar,Badvele,Denesha,Patidar,,,9977725128,,,9977725128,,
Dasai Dhrmendr Samaje Patidar,Dhrmendr,Samaje,Patidar,Dasai,,9893411498,,,9893411498,,
Gotmpura Sheru,Gotmpura,,Sheru,,,7722866720,,,7722866720,,
Dasai Rupes Kangegagaram,Rupes,,Kangegagaram,Dasai,,9893118828,,,9893118828,,
Dasai Hotl Tande,Hotl,,Tande,Dasai,,7898350234,,,7898350234,,
Car Mekenek,Car,,Mekenek,,,+919913737480,,,+919913737480,,
Salkanpurogadbaba,Salkanpurogadbaba,,,,,9755644123,,,9755644123,,
Dasai Medam,Dasai,,Medam,,,+919826770108,,,+919826770108,,
Dasai Sumit Parsai,Sumit,,Parsai,Dasai,,+917898050773,,,+917898050773,,
Microtek Ravi Battery,Microtek,Ravi,Battery,,,7047861696,,,7047861696,,
Dasai Bhut Sadabhar Femeliy,Bhut,Sadabhar,Femeliy,Dasai,,9826320334,+916266547946,,9826320334 | +916266547946,,
Rajgad Raj Auto Patas,Raj,Auto,Patas,Rajgad,,+919424820952,,,+919424820952,,
Dasai Niesh Dhahad,Niesh,,Dhahad,Dasai,,+919752271740,7240849160,,+919752271740 | 7240849160,,
Indore Niraj Grafex,Niraj,,Grafex,Indore,,08085537989,,,08085537989,,
Ledgav Ghanshay Ji Patidar Sonalika,Ghanshay,Ji,Patidar Sonalika,Ledgav,,9893790404,,,9893790404,,
Rupeta Dipika Di,Rupeta,Dipika,Di,,,+919098928510,,,+919098928510,,
Shree Ram Pentar,Shree,Ram,Pentar,,,8269791159,,,8269791159,,
Dasai Mahesh Aukal,Mahesh,,Aukal,Dasai,,+919685850887,,,+919685850887,,
Morgav Dc Patidar Tavera,Dc,Patidar,Tavera,Morgav,,+919424599893,,,+919424599893,,
Dasaj Jitu Songara,Dasaj,Jitu,Songara,,,+919977161449,,,+919977161449,,
Dasai Prdeep Drivar Ghar,Prdeep,Drivar,Ghar,Dasai,,+919329746041,,,+919329746041,,
Sagarbhai Jadiya Spoct Welding,Sagarbhai,Jadiya,Spoct Welding,,,+918780499281,,,+918780499281,,
Bharvada Shreeram Tent Arjun Hada,Shreeram,Tent,Arjun Hada,Bharvada,,+919981306658,,,+919981306658,,
Mansor Tent Coolar,Tent,,Coolar,Mansor,,9669923788,,,9669923788,,
Devendraĺ Vandana Fiber Cooler,Devendraĺ,Vandana,Fiber Cooler,,,+919826397899,,,+919826397899,,
Bandei Mshesh Patidar,Mshesh,,Patidar,Bandei,,+919993444800,,,+919993444800,,
Imdore Ram Cooler,Imdore,Ram,Cooler,,,9302985814,,,9302985814,,
Kod Mahadev Tent House,Mahadev,Tent,House,Kod,,+918305364640,,,+918305364640,,
Frb Karegqr,Frb,,Karegqr,,,8653786173,,,8653786173,,
Frb Ivent,Frb,,Ivent,,,9893924488,,,9893924488,,
Sigana Mose,Sigana,,Mose,,,+918103704996,,,+918103704996,,
Dasai Ravi Chohan Drivar,Ravi,Chohan,Drivar,Dasai,,6264123762,,,6264123762,,
Dasai Golu Bhut,Golu,,Bhut,Dasai,,+918103278474,,,+918103278474,,
Bidwal Om Ji,Om,,Ji,Bidwal,,+919993439962,,,+919993439962,,
Udaypur Cooler,Udaypur,,Cooler,,,7878499473,,,7878499473,,
Cooler Frb,Cooler,,Frb,,,7877125842,,,7877125842,,
Bidwal Veren Tent House,Veren,Tent,House,Bidwal,,6265768800,,,6265768800,,
Udaypur Tent Cooler,Tent,,Cooler,Udaypur,,9887585043,9314445672,,9887585043 | 9314445672,,
Frb Cooler Zunzunvala,Cooler,,Zunzunvala,Frb,,9610030464,,,9610030464,,
Kutpala Aashpuri Tent House,Aashpuri,Tent,House,Kutpala,,7896536689,9754848787,,7896536689 | 9754848787,,
Barmandal Mahesh Shreekar,Mahesh,,Shreekar,Barmandal,,+919977525272,,,+919977525272,,
Dasai Devendra Sir Ren,Devendra,Sir,Ren,Dasai,,+919993179934,+918103621344,9993179934.0,+919993179934 | +918103621344 | 9993179934,,
Bidwal Badrilal Tent House Choudhary,Badrilal,Tent,House Choudhary,Bidwal,,+919993353315,,,+919993353315,,
Bidwal Vijay Chodri Tent House Choudhary Vijay Choudhary,Vijay,Chodri,Tent House Choudhary Vijay Choudhary,Bidwal,,+919009966590,,,+919009966590,,
Dasai Kittu😘😘 Pol,Kittu😘😘,,Pol,Dasai,,+917047216894,,,+917047216894,,
Raj Tent Cooler 1,Tent,Cooler,1,Raj,,+919727787603,,,+919727787603,,Raj Cooling System Pvt Ltd
Ranipura Driver Radheshyam Ji Dayama,Driver,Radheshyam,Ji Dayama,Ranipura,,+919644144553,,,+919644144553,,
Shree. Nath Livgurad Jituji,Shree.,Nath,Livgurad Jituji,,,+918878660700,,,+918878660700,,
Microtek 2024 Deepak Singh,Microtek,2024,Deepak Singh,,,+918287830381,,,+918287830381,,
Ratlam Livfast,Ratlam,,Livfast,,,8989606566,,,8989606566,,
Bidwal Himmat Singh Gurjar,Himmat,Singh,Gurjar,Bidwal,,+919669006545,,,+919669006545,,
Dasai Vishnu Sir Vesnu Dharad,Vishnu,Sir,Vesnu Dharad,Dasai,,9993503462,,,9993503462,,
Indore  Bus Prince  Raj Aashi,Bus,Prince,Raj Aashi,Indore,,+917869936179,,,+917869936179,,
Indore Shree Nath Ankit,Shree,Nath,Ankit,Indore,,7999925101,,,7999925101,,
Tata Niten Je Soni,Tata,Niten,Je Soni,,,9826724885,,,9826724885,,
Livguard Prateek Tiwari Shreenathji Lubricants,Livguard,Prateek,Tiwari Shreenathji Lubricants,,,+917723826013,,,+917723826013,,
Dasai My Home Big Brothers,My,Home,Big Brothers,Dasai,,+919893571980,,,+919893571980,,
Khildei Mukesh Patidar,Mukesh,,Patidar,Khildei,,+919630767594,,,+919630767594,,
Balod Mahesh Sir,Mahesh,,Sir,Balod,,+917999277132,+919993342636,9993342636.0,+917999277132 | +919993342636 | 9993342636,,
dasai sanju mevati,sanju,,mevati,dasai,,+917000709501,,,+917000709501,,
Lohari Sohan,Lohari,,Sohan,,,+918962441143,8962441143,,+918962441143 | 8962441143,,
Fuledi arvind patidar,arvind,,patidar,Fuledi,,9893342385,,,9893342385,,
daaai gopal parmar,daaai,gopal,parmar,,,+919926640519,,,+919926640519,,
Khutpala Babulal,Khutpala,,Babulal,,,8120548982,,,8120548982,,
Dasai pravin,Dasai,,pravin,,,8269712699,,,8269712699,,
chirakhan dasarh jayswal,dasarh,,jayswal,chirakhan,,9981278397,,,9981278397,,
Dasai Ravi maru,Ravi,,maru,Dasai,,9111915398,+919111915398,,9111915398 | +919111915398,,
Datoda manshig chavda,Datoda,manshig,chavda,,,9754745031,,,9754745031,,
Magod Manohar Patidar,Manohar,,Patidar,Magod,,+919893543793,9893543793,,+919893543793 | 9893543793,,
khilede bheru patidar,bheru,,patidar,khilede,,7024624062,,,7024624062,,
Fuledi Bavarshig Rathor,Bavarshig,,Rathor,Fuledi,,9424827102,,,9424827102,,
padampura ninama,padampura,,ninama,,,7691932134,,,7691932134,,
Devendr bhimaji,Devendr,,bhimaji,,,8103621344,,,8103621344,,
padampura ramwsh muneya,ramwsh,,muneya,padampura,,9669520123,,,9669520123,,
Dasai ganshyam pol,ganshyam,,pol,Dasai,,9893794761,,,9893794761,,
Dasai shivam manshig kavra,shivam,manshig,kavra,Dasai,,7067510742,,,7067510742,,
Balod kaniram,Balod,,kaniram,,,6263236209,,,6263236209,,
Kod Kushal Patidar,Kushal,,Patidar,Kod,,+918269360220,8269360220,,+918269360220 | 8269360220,,
Bidaval arjun bati,Bidaval,arjun,bati,,,9993756855,,,9993756855,,
kisanpura bharshig davar,kisanpura,bharshig,davar,,,9754945447,,,9754945447,,
dasai ganesh heragoba,ganesh,,heragoba,dasai,,9893505295,,,9893505295,,
Gatoda Bherushig,Gatoda,,Bherushig,,,9484595122,,,9484595122,,
Dasai delip sony,delip,,sony,Dasai,,,,,,,9993434973
retekhodra kisan,retekhodra,,kisan,,,7803852172,,,7803852172,,
Galunda jitenr shig,jitenr,,shig,Galunda,,7617218263,,,7617218263,,
Kutpala Mahesh maru,Mahesh,,maru,Kutpala,,+917089227520,7089227520,,+917089227520 | 7089227520,,
Gatoda Rupashig,Gatoda,,Rupashig,,,9575371055,,,9575371055,,
Dassi pavan rathor,pavan,,rathor,Dassi,,8827823085,,,8827823085,,
tandakheda jagdeish,tandakheda,,jagdeish,,,9009572587,,,9009572587,,
dasai amart patidar,amart,,patidar,dasai,,9589368639,,,9589368639,,
dantoli prakas,dantoli,,prakas,,,9893558785,,,9893558785,,
Fuledi Sardar ji,Sardar,,ji,Fuledi,,8305462176,,,8305462176,,
Dhtoda Gulab shig,Dhtoda,Gulab,shig,,,6959685247,,,6959685247,,
Lohari nandalal thakur,nandalal,,thakur,Lohari,,9399949869,,,9399949869,,
khiledi kamal patidar,kamal,,patidar,khiledi,,9977525300,,,9977525300,,
Baravada Lakhan bhati,Lakhan,,bhati,Baravada,,9981620900,,,9981620900,,
Balod Dinesh patidar,Dinesh,,patidar,Balod,,+917987862647,,,+917987862647,,
kakoda Barram shig,kakoda,Barram,shig,,,7999648785,,,7999648785,,
takravda dinesh patidar,dinesh,,patidar,takravda,,8889147528,,,8889147528,,
padmpura gampat muniya,gampat,,muniya,padmpura,,9755225239,,,9755225239,,
Dasai madan variya,madan,,variya,Dasai,,8349554473,,,8349554473,,
Dharad lachminarayn,Dharad,,lachminarayn,,,9893157532,,,9893157532,,
Khiledi shankar chohan,shankar,,chohan,Khiledi,,9755965348,,,9755965348,,
Bidwal dinesh kamdar,dinesh,,kamdar,Bidwal,,9981333032,,,9981333032,,
Khiledi arunsing,Khiledi,,arunsing,,,7067115843,,,7067115843,,
Bilgun subhm rathor,Bilgun,subhm,rathor,,,7440897578,,,7440897578,,
Dasai ravi patidar,ravi,,patidar,Dasai,,9752355140,,,9752355140,,
Khiledi babulal patidar,babulal,,patidar,Khiledi,,9893125429,,,9893125429,,
amjera manoj kumar,amjera,manoj,kumar,,,90009820660,,,90009820660,,
Dasai Ganesh bolavale,Ganesh,,bolavale,Dasai,,9893623583,,,9893623583,,
Dasai Babu lal patidar bhimaji,Babu,lal,patidar bhimaji,Dasai,,6261689080,,,6261689080,,
Padampura munnalal maru,munnalal,,maru,Padampura,,8964977404,,,8964977404,,
Dasai kaval lal bhalod,kaval,lal,bhalod,Dasai,,9755204660,,,9755204660,,
Baloda Takhd sing,Takhd,,sing,Baloda,,6265913617,,,6265913617,,
Galunda ramlal,Galunda,,ramlal,,,7354034553,,,7354034553,,
Bidawal savan shag,savan,,shag,Bidawal,,9644852568,,,9644852568,,
Baloda setan sing,setan,,sing,Baloda,,8349544351,,,8349544351,,
chirakhn kanheya,chirakhn,,kanheya,,,9753407814,,,9753407814,,
sangit beragi,sangit,,beragi,,,7389406699,,,7389406699,,
Dasai ratanlal,Dasai,,ratanlal,,,9993678717,,,9993678717,,
kharsoda lakhan patel,lakhan,,patel,kharsoda,,8462002254,,,8462002254,,
shyam ji vyash,shyam,ji,vyash,,,9755772033,,,9755772033,,
chirakhan ramkishn,chirakhan,,ramkishn,,,9893971684,,,9893971684,,
dasai ssnjay renvale,ssnjay,,renvale,dasai,,7067849568,,,7067849568,,
siloda jitendr,siloda,,jitendr,,,9826324795,,,9826324795,,
Ralamndal jagadish ranchor,jagadish,,ranchor,Ralamndal,,9179320952,,,9179320952,,
baravada santosh patel,santosh,,patel,baravada,,9893632158,,,9893632158,,
Baravada vijaj kulhara,vijaj,,kulhara,Baravada,,7974643465,,,7974643465,,
Dasai bhart patidar bhimaji,bhart,patidar,bhimaji,Dasai,,9993055358,,,9993055358,,
dasai vishal jen,vishal,,jen,dasai,,9993344052,,,9993344052,,
dasai erfan,dasai,,erfan,,,9074785585,,,9074785585,,
Dasai vinay patidar,vinay,,patidar,Dasai,,8319046157,,,8319046157,,
Dasai deepak parmar,deepak,,parmar,Dasai,,6263799742,,,6263799742,,
dasai arjun hatik,arjun,,hatik,dasai,,9893269723,,,9893269723,,
Panda jitendr chodri,Panda,jitendr,chodri,,,7354453144,,,7354453144,,
Dasai papu mekenuk kumarpat,papu,mekenuk,kumarpat,Dasai,,9770425254,,,9770425254,,
khiledi kelash patidar,kelash,,patidar,khiledi,,9893892497,,,9893892497,,
Balod Satu Jagerdar,Satu,,Jagerdar,Balod,,9993151651,+917987182197,,9993151651 | +917987182197,,
tandakheda nahar sing,nahar,,sing,tandakheda,,9630830806,,,9630830806,,
Dasai dhrmedr patidar,dhrmedr,,patidar,Dasai,,9893794984,,,9893794984,,
Dasai manohar,Dasai,,manohar,,,9755561826,,,9755561826,,
Chirakhan kuladeep patidar,kuladeep,,patidar,Chirakhan,,9685114351,,,9685114351,,
Bidawal bupendr shig bati,bupendr,shig,bati,Bidawal,,9753997715,,,9753997715,,
Dassi dinesh jala,dinesh,,jala,Dassi,,9993356292,,,9993356292,,
Bidwal vhivnarayan shirvi,vhivnarayan,,shirvi,Bidwal,,7803984356,,,7803984356,,
Siloda Mahipal sing,Mahipal,,sing,Siloda,,7770931024,,,7770931024,,
Lakhan sihg patel,Lakhan,sihg,patel,,,9993055384,+919993055384,,9993055384 | +919993055384,,
Dantoli parkash ninama,parkash,,ninama,Dantoli,,6261477375,,,6261477375,,
Gatoda sohan bariya,sohan,,bariya,Gatoda,,9617191419,+919617191419,,9617191419 | +919617191419,,
khakhedi jitend,khakhedi,,jitend,,,9098053126,,,9098053126,,
Dasai manohar dhund,manohar,,dhund,Dasai,,7694885008,,,7694885008,,
takravada juvan shig,juvan,,shig,takravada,,9752811180,,,9752811180,,
kadod ajay katare,ajay,,katare,kadod,,89597221879,,,89597221879,,
khiledi vikarm shig patel,vikarm,shig,patel,khiledi,,9993168446,,,9993168446,,
Dasai mahendr,Dasai,,mahendr,,,9685066313,,,9685066313,,
Ganpat meda baloda,Ganpat,meda,baloda,,,9589857281,,,9589857281,,
bhilgun delip sharma,delip,,sharma,bhilgun,,9893361488,,,9893361488,,
Tolaram patidar,Tolaram,,patidar,,,9993167052,,,9993167052,,
panda ramchn jadhav,panda,ramchn,jadhav,,,8435019752,,,8435019752,,
omprakas aau,omprakas,,aau,,,7697924436,,,7697924436,,
dasai suresh samji,suresh,,samji,dasai,,9893587685,,,9893587685,,
chirakhan,chirakhan,,,,,9752002639,,,9752002639,,
Dasai Anil Bhut,Anil,,Bhut,Dasai,,9981561400,,,9981561400,,
Dasai Mahesh Tapra,Mahesh,,Tapra,Dasai,,+919893889441,,,+919893889441,,
Dasai Bhart Dharad,Bhart,,Dharad,Dasai,,+919993179914,,,+919993179914,,
Bidwal Ret,Bidwal,,Ret,,,8827784598,,,8827784598,,
Ramesh vasuniya endarval,Ramesh,vasuniya,endarval,,,7917962701,,,7917962701,,
Mahavir dhamanda,Mahavir,,dhamanda,,,7649338061,,,7649338061,,
dasai maguji ratakana,maguji,,ratakana,dasai,,9893735994,,,9893735994,,
seloda narayan chohan,narayan,,chohan,seloda,,8989420226,,,8989420226,,
khilede nand kishor,nand,,kishor,khilede,,9755372577,,,9755372577,,
dasai uvraj,dasai,,uvraj,,,9644228555,,,9644228555,,
dasai ashok serve,ashok,,serve,dasai,,9893994667,,,9893994667,,
dasai madukar vishkama,madukar,,vishkama,dasai,,+919893284492,,,+919893284492,,
dasa igudu dhannaji,dasa,igudu,dhannaji,,,9993492733,,,9993492733,,
dasai amart megaji,amart,,megaji,dasai,,9893370518,,,9893370518,,
Sunil patidar hiragoba dasai,Sunil,patidar,hiragoba dasai,,,9893381209,,,9893381209,,
seloda jaypal,seloda,,jaypal,,,9926531971,,,9926531971,,
dasai dhugd seva sameti,dhugd,seva,sameti,dasai,,9826996594,,,9826996594,,
Nrendr patidar takravda,Nrendr,patidar,takravda,,,9993413839,,,9993413839,,
galunda sukram,galunda,,sukram,,,8959472105,,,8959472105,,
Khemchan patidar palva dasai,Khemchan,patidar,palva dasai,,,9893935811,+919893935811,,9893935811 | +919893935811,,
dasai motilal semlavda,motilal,,semlavda,dasai,,9630256854,,,9630256854,,
balod nanuram ji beragi,nanuram,ji,beragi,balod,,9993341465,,,9993341465,,
gatoda fatesing,gatoda,,fatesing,,,8462942439,,,8462942439,,
virendr rator pana,virendr,rator,pana,,,9617977345,,,9617977345,,
chirekhan kamal patidar,chirekhan,kamal,patidar,,,9630891764,,,9630891764,,
depak suravt,depak,,suravt,,,7692931496,,,7692931496,,
Radeshyam dasai,Radeshyam,,dasai,,,9893623578,,,9893623578,,
Amrat patidar ranipura,Amrat,patidar,ranipura,,,9993892604,,,9993892604,,
bidwal isvar kelotra,isvar,,kelotra,bidwal,,9926653414,,,9926653414,,
gatoda ratan,gatoda,,ratan,,,96303555243,,,96303555243,,
dantoli devyaa,dantoli,,devyaa,,,9926782427,,,9926782427,,
Anrat sirvi pana,Anrat,sirvi,pana,,,9995539069,,,9995539069,,
dasai suresh okarji,suresh,,okarji,dasai,,8269718830,,,8269718830,,
bharavda vijay lavvanshi,vijay,,lavvanshi,bharavda,,9893349357,,,9893349357,,
Lalit kharivale dasai,Lalit,kharivale,dasai,,,9455953880,,,9455953880,,
Tarod umaravt sing,umaravt,,sing,Tarod,,9826937012,,,9826937012,,
Nathuram katara tandakheda,Nathuram,katara,tandakheda,,,9899125480,,,9899125480,,
kutpla nandram gamad,nandram,,gamad,kutpla,,9179187570,,,9179187570,,
bidwal hari om veshav,hari,om,veshav,bidwal,,9993434962,,,9993434962,,
dasai motilal,dasai,,motilal,,,9878875029,,,9878875029,,
baloda ratan fulareya,ratan,,fulareya,baloda,,9926047595,,,9926047595,,
Balu tandakhera,Balu,,tandakhera,,,8463014507,,,8463014507,,
dasai chagan mukati,chagan,,mukati,dasai,,9893693670,,,9893693670,,
Jagadish patidar dasai,Jagadish,patidar,dasai,,,6232752494,,,6232752494,,
yogendr rator dantoli,yogendr,rator,dantoli,,,8964974642,,,8964974642,,
Rakesh pol dasai,pol,,dasai,Rakesh,,9993315403,,,9993315403,,
darmendr devada datoda,darmendr,devada,datoda,,,9826194966,,,9826194966,,
gajnod nilesh patidar,gajnod,nilesh,patidar,,,7898151724,,,7898151724,,
kesrpura sanjay nenama,sanjay,,nenama,kesrpura,,9685242393,,,9685242393,,
dasai nandram servi,nandram,,servi,dasai,,8085676571,,,8085676571,,
Amjera manoj,Amjera,,manoj,,,9009820660,,,9009820660,,
ch. balod nilesh patidar,ch.,balod,nilesh patidar,,,9929935972,,,9929935972,,
dasai hari khadi,hari,,khadi,dasai,,989357935,,,989357935,,
jaytimata bhojraj,jaytimata,,bhojraj,,,9993666197,,,9993666197,,
madan padampura,madan,,padampura,,,9755326798,,,9755326798,,
dasai ashok chodri,ashok,,chodri,dasai,,9993338815,,,9993338815,,
dasai amaet khacroda,amaet,,khacroda,dasai,,9893310629,,,9893310629,,
morgav santosh katara,santosh,,katara,morgav,,9752721789,,,9752721789,,
pana arjun servi,arjun,,servi,pana,,9926706039,,,9926706039,,
dasai lachcu kaka samji,lachcu,kaka,samji,dasai,,9893504779,,,9893504779,,
retikhodra kisan,retikhodra,,kisan,,,9111894372,,,9111894372,,
tandakheda manohar,tandakheda,,manohar,,,7746849962,,,7746849962,,
Bheru maru khutpala,Bheru,maru,khutpala,,,9981165490,,,9981165490,,
Mukesh chtiya,Mukesh,,chtiya,,,6260213560,,,6260213560,,
Vishnu patidar takravada,Vishnu,patidar,takravada,,,9754737380,,,9754737380,,
Kelash manpura,Kelash,,manpura,,,7748088548,,,7748088548,,
Bhim shig baloda,Bhim,shig,baloda,,,8085289593,,,8085289593,,
Lalshig takaravda,Lalshig,,takaravda,,,9981805231,,,9981805231,,
Karshna pilipada,Karshna,,pilipada,,,7610605952,,,7610605952,,
Narayan khutpala,Narayan,,khutpala,,,7869023360,,,7869023360,,
khemchanji dasai,khemchanji,,dasai,,,9589169808,,,9589169808,,
Radesayam galunda,Radesayam,,galunda,,,7067427307,,,7067427307,,
Vebav jen dasai,Vebav,jen,dasai,,,9993390683,,,9993390683,,
dasai kelash logerji,kelash,,logerji,dasai,,9098781099,,,9098781099,,
Devendr bhimaji dasai,Devendr,bhimaji,dasai,,,7869622792,,,7869622792,,
Dinesh rador pana,rador,,pana,Dinesh,,89592612159,,,89592612159,,
Dasai Rahul Viskarma,Rahul,,Viskarma,Dasai,,9993572384,,,9993572384,,
Dasai Rakesh Suleya,Rakesh,,Suleya,Dasai,,+919755301341,,,+919755301341,,
Dasai Kamlesh Pol,Kamlesh,,Pol,Dasai,,+919893443992,,,+919893443992,,
Gatoda Kamal J. c. b,Kamal,J.,c. b,Gatoda,,9981241632,,,9981241632,,
Dasai Narayan Oukarje,Narayan,,Oukarje,Dasai,,+919752052996,,,+919752052996,,
Nilesh patidar khelidi,patidar,,khelidi,Nilesh,,9993010491,,,9993010491,,
pavan chodri barmandal,pavan,chodri,barmandal,,,9575753766,,,9575753766,,
Ramesh patidar bidwal,Ramesh,patidar,bidwal,,,9755124860,,,9755124860,,
Kamal banjara jayntimata,banjara,,jayntimata,Kamal,,7470624529,,,7470624529,,
Anokhilal patidar dasai,Anokhilal,patidar,dasai,,,9893692886,,,9893692886,,
Kelash tandakheda,Kelash,,tandakheda,,,7225813865,,,7225813865,,
mahesh jashval siloda,jashval,,siloda,mahesh,,9926653409,,,9926653409,,
Dasai Chetan Ren,Chetan,,Ren,Dasai,,8085405846,,,8085405846,,
sarkari dugd deri fuledi,sarkari,dugd,deri fuledi,,,9752470845,,,9752470845,,
Darmedr shig siloda,Darmedr,shig,siloda,,,9009086094,,,9009086094,,
Gokul ratod dasai,ratod,,dasai,Gokul,,7999743893,,,7999743893,,
jamtimata deepak suravt,jamtimata,deepak,suravt,,,7489257576,,,7489257576,,
Nakul jayntimata,Nakul,,jayntimata,,,8223828151,,,8223828151,,
Ishvar damar tandakhera,Ishvar,damar,tandakhera,,,8435328549,,,8435328549,,
Jivan vashuniya bharavda,vashuniya,,bharavda,Jivan,,7067796147,,,7067796147,,
Amarshig baloda,Amarshig,,baloda,,,7354877136,,,7354877136,,
Magilal ji baravada,Magilal,ji,baravada,,,9993055415,,,9993055415,,
Mukesh balod dasai,balod,,dasai,Mukesh,,6263685769,,,6263685769,,
chirakhan rameshavar babu,rameshavar,,babu,chirakhan,,7223095244,,,7223095244,,
Barat patidar chodri,patidar,,chodri,Barat,,9977525370,,,9977525370,,
Sanjay ji panditji dasai,Sanjay,ji,panditji dasai,,,9340175922,,,9340175922,,
Gokul muniya tantakheda,muniya,,tantakheda,Gokul,,8120131225,,,8120131225,,
Fulachan maru khutpala,Fulachan,maru,khutpala,,,975293600,,,975293600,,
sagwal ramesh,sagwal,,ramesh,,,8085219963,,,8085219963,,
lohari antar,lohari,,antar,,,9993163606,,,9993163606,,
Dinesh katara dasai,katara,,dasai,Dinesh,,9755263501,,,9755263501,,
Rama patidar samji dasai,Rama,patidar,samji dasai,,,9981270409,,,9981270409,,
ledgav isver patidar,isver,,patidar,ledgav,,7879322274,,,7879322274,,
Arjun joshi kadod,Arjun,joshi,kadod,,,9630135513,,,9630135513,,
jen madir dasai,jen,madir,dasai,,,9893508318,,,9893508318,,
Ishavar datoda,Ishavar,,datoda,,,9926782108,,,9926782108,,
Gopal vashuniya bamankhedi,vashuniya,,bamankhedi,Gopal,,9111749314,,,9111749314,,
kavar ji bardar lohari,kavar,ji,bardar lohari,,,9977112209,,,9977112209,,
Lalaji kodalachman dasai,Lalaji,kodalachman,dasai,,,9993987214,+919993987214,,9993987214 | +919993987214,,
virendr shig siloda,virendr,shig,siloda,,,9926833752,,,9926833752,,
kheshav rator baloda,kheshav,rator,baloda,,,7024664468,,,7024664468,,
Barat patidar balod,patidar,,balod,Barat,,9993714813,,,9993714813,,
vikash patidar takravda,patidar,,takravda,vikash,,9893793711,,,9893793711,,
kadod vijay patidar,vijay,,patidar,kadod,,9993671246,,,9993671246,,
Manohar patidar ledgav,patidar,,ledgav,Manohar,,9893506434,+919893506434,,9893506434 | +919893506434,,
Vishnu patidar takaravda,Vishnu,patidar,takaravda,,,9754757380,,,9754757380,,
Dashrath patiar cho balod,Dashrath,patiar,cho balod,,,9893254784,,,9893254784,,
parkash bidwal,parkash,,bidwal,,,9893501371,,,9893501371,,
begnda papu,begnda,,papu,,,9399094948,,,9399094948,,
kod mabish,kod,,mabish,,,9993426726,,,9993426726,,
amar kuriya kapashtal,amar,kuriya,kapashtal,,,6355782132,,,6355782132,,
jagdish maru padampura,maru,,padampura,jagdish,,7693860558,,,7693860558,,
Dinesh sarma hatod,sarma,,hatod,Dinesh,,88392852284,,,88392852284,,
lohari gopal,lohari,,gopal,,,9516019638,,,9516019638,,
bhamnkhedi jitendra maru,bhamnkhedi,jitendra,maru,,,7440897977,,,7440897977,,
chintu jen dasai,jen,,dasai,chintu,,9630976663,,,9630976663,,
akoda devendra,akoda,,devendra,,,7869442886,,,7869442886,,
Darmendar takur takaravda,Darmendar,takur,takaravda,,,7879454663,,,7879454663,,
dasaibheru shig barod,dasaibheru,shig,barod,,,9993435990,,,9993435990,,
khildi maniram vasuneya,khildi,maniram,vasuneya,,,9179381346,,,9179381346,,
dasai madan gabajj,madan,,gabajj,dasai,,9584738698,,,9584738698,,
neyalpura vinod banjara,neyalpura,vinod,banjara,,,8120576385,,,8120576385,,
takravada magila patidar,magila,,patidar,takravada,,9893454792,,,9893454792,,
rj gopinatji yogi,rj,gopinatji,yogi,,,9630188271,,,9630188271,,
kutpla naring katara,naring,,katara,kutpla,,8224923426,,,8224923426,,
tanda yogesh thakor,yogesh,,thakor,tanda,,9179713185,,,9179713185,,
dasai ravi maru,ravi,,maru,dasai,,9109566418,,,9109566418,,
siloda merban shig,merban,,shig,siloda,,+919826565709,,,+919826565709,,
sultanpur vijay patidar,vijay,,patidar,sultanpur,,997702320,,,997702320,,
cho balod sachin patidar,cho,balod,sachin patidar,,,+917000390456,,,+917000390456,,
Balod radesyam ratod,radesyam,,ratod,Balod,,8827922923,,,8827922923,,
dasai pankaj bhamanda patidar,pankaj,bhamanda,patidar,dasai,,9131828868,,,9131828868,,
Mokajipada jayram,Mokajipada,,jayram,,,8085546457,,,8085546457,,
kharmoda mukesh,kharmoda,,mukesh,,,9755915924,,,9755915924,,
balod dasrath soma,dasrath,,soma,balod,,9754708146,,,9754708146,,
khiledi indar patidar,indar,,patidar,khiledi,,9589641404,,,9589641404,,
dasai motilal valavhiva,motilal,,valavhiva,dasai,,9981383264,,,9981383264,,
morgav babu katara,babu,,katara,morgav,,9893309242,,,9893309242,,
Dasai Manish Jen,Manish,,Jen,Dasai,,+917566621118,7566621118,,+917566621118 | 7566621118,,
khakhedi rajesh dewda,rajesh,,dewda,khakhedi,,9893745905,,,9893745905,,
badanawar niraj gosvami,badanawar,niraj,gosvami,,,+919893354662,,,+919893354662,,
dasai rajesh chohan,rajesh,,chohan,dasai,,7089986556,,,7089986556,,
bohinda amrt patidar,bohinda,amrt,patidar,,,9993735332,,,9993735332,,
rajpura mukesh devada,mukesh,,devada,rajpura,,9893442080,,,9893442080,,
takravada pintu darbar,pintu,,darbar,takravada,,9294565456,,,9294565456,,
dasai hari samaji,hari,,samaji,dasai,,9993446849,,,9993446849,,
dasai mukesh patidar bhimaji,mukesh,patidar,bhimaji,dasai,,9109231181,,,9109231181,,
kadodkla rahul kamdar,kadodkla,rahul,kamdar,,,9981106536,,,9981106536,,
papu jamtimata,papu,,jamtimata,,,957546936,,,957546936,,
dasai chetan patidar renvala,chetan,patidar,renvala,dasai,,+916260356546,,,+916260356546,,
bidwal jagdish besoteya,jagdish,,besoteya,bidwal,,9993396247,,,9993396247,,
rakesh katara,rakesh,,katara,,,7879681524,,,7879681524,,
Galunda,Galunda,,,,,7898304640,,,7898304640,,
ranipura pawan patidar,pawan,,patidar,ranipura,,998122612,,,998122612,,
dasai yashvnt bhimaji,yashvnt,,bhimaji,dasai,,96985277577,,,96985277577,,
lohari lakhan shig,lakhan,,shig,lohari,,9589244589,,,9589244589,,
dasai govind heragoba,govind,,heragoba,dasai,,9630234056,,,9630234056,,
dasai kelash megaji,kelash,,megaji,dasai,,9179762388,,,9179762388,,
khidei vinay mukati,khidei,vinay,mukati,,,7024831894,6268650814,,7024831894 | 6268650814,,
dasai manoj bhagaapeta,manoj,,bhagaapeta,dasai,,+919993435016,,,+919993435016,,
babulal hanumteya,babulal,,hanumteya,,,9644095064,,,9644095064,,
fuledi rajendra patel,rajendra,,patel,fuledi,,9977525278,,,9977525278,,
tandakheda denesh damor,denesh,,damor,tandakheda,,9081436123,,,9081436123,,
bharvda salegram bhati,bharvda,salegram,bhati,,,9575789174,,,9575789174,,
ralamndal vikash mandoli,vikash,,mandoli,ralamndal,,7089975329,,,7089975329,,
panda karn sing,panda,karn,sing,,,9754744929,,,9754744929,,
khiledi sanju tavar,sanju,,tavar,khiledi,,9770886247,,,9770886247,,
dasai mukesh chodri,mukesh,,chodri,dasai,,9879423698,,,9879423698,,
tandakheda ambaram,tandakheda,,ambaram,,,8878265076,,,8878265076,,
shri ram mandir,shri,ram,mandir,,,9926967468,,,9926967468,,
Dasai सुनील पाटीदार!,सुनील,,पाटीदार!,Dasai,,9340123234,,,9340123234,,
chotiya dilip ganava,dilip,,ganava,chotiya,,7489651211,,,7489651211,,
dasai narayan,dasai,,narayan,,,9752721376,,,9752721376,,
Dasai Suresh parjapat,Suresh,,parjapat,Dasai,,7869288297,,,7869288297,,
श्री राम धाकड़!,श्री,राम,धाकड़!,,,7987688034,,,7987688034,,
Dasai भंवर सिंह कुमार।,भंवर,सिंह,कुमार।,Dasai,,9575310559,,,9575310559,,
selu mandir dasai,selu,mandir,dasai,,,70000541552,,,70000541552,,
किशनपुर बबलू डावर।,किशनपुर,बबलू,डावर।,,,6263305530,,,6263305530,,
Tandakheda पप्पू राम जी!,पप्पू,राम,जी!,Tandakheda,,7909352107,,,7909352107,,
Dantoli महेश कटारा!,महेश,,कटारा!,Dantoli,,7749641389,,,7749641389,,
Dhamnda कैलाश मिस्त्री।,कैलाश,,मिस्त्री।,Dhamnda,,9340121916,,,9340121916,,
gatoda kuvan shig,kuvan,,shig,gatoda,,8965990221,,,8965990221,,
lohari balram shig,balram,,shig,lohari,,9977175173,+919977175173,,9977175173 | +919977175173,,
balod ravindr patidar,ravindr,,patidar,balod,,9893489648,,,9893489648,,
Panda रितेश!,Panda,,रितेश!,,,8602680622,,,8602680622,,
Shivnath Traders,Shivnath,,Traders,,,+918839267551,,,+918839267551,,
खोदरा हरीश!,खोदरा,,हरीश!,,,8269584946,,,8269584946,,
राजेश चौहान।,राजेश,,चौहान।,,,9893749978,,,9893749978,,
khiledi mishreelalji,khiledi,,mishreelalji,,,8085124532,,,8085124532,,
Khiledi कमल सिंह।,कमल,,सिंह।,Khiledi,,9977546531,,,9977546531,,
पाडा कैलाश वसुनिया।,पाडा,कैलाश,वसुनिया।,,,7089368074,,,7089368074,,
barmndal magilal patidar,barmndal,magilal,patidar,,,9993425985,,,9993425985,,
Khiledi शिव लाल जी जयसवाल!,शिव,लाल,जी जयसवाल!,Khiledi,,9179377492,,,9179377492,,
Dasai Babulal जी काशी को दी।,Babulal,जी,काशी को दी।,Dasai,,+917223901513,,,+917223901513,,
bamniya jagadish,bamniya,,jagadish,,,7354032335,,,7354032335,,
राजस्थान सूखा! योगी।,राजस्थान,सूखा!,योगी।,,,6352824055,,,6352824055,,
Panda Alanallur,Panda,,Alanallur,,,7869678733,,,7869678733,,
"Pana शंकर जी, पाटीदार!",शंकर,"जी,",पाटीदार!,Pana,,7024538802,,,7024538802,,
Ralamndal मदन लाल पटेल।,मदन,लाल,पटेल।,Ralamndal,,9981793314,,,9981793314,,
Dasai घनश्याम जी! वाला शिवा!,घनश्याम,जी!,वाला शिवा!,Dasai,,9993180167,,,9993180167,,
ranipura sanjay tarodiya,sanjay,,tarodiya,ranipura,,9827575278,,,9827575278,,
kod gopal patidar,gopal,,patidar,kod,,9755124597,,,9755124597,,
dasai shree vari,shree,,vari,dasai,,9626630666,,,9626630666,,
Takaravda mukhesh patidar,Takaravda,mukhesh,patidar,,,9993688157,,,9993688157,,
Galunda राम चंद्र वसुनिया।,राम,चंद्र,वसुनिया।,Galunda,,9977103253,,,9977103253,,
dassimukhesh patidar,dassimukhesh,,patidar,,,9893789448,+919893789448,,9893789448 | +919893789448,,
Khiledi नर्सिंग इन Ninama!,नर्सिंग,इन,Ninama!,Khiledi,,9131847993,,,9131847993,,
घर मोड़ा। श्याम पटेल।,घर,मोड़ा।,श्याम पटेल।,,,8435477580,,,8435477580,,
Panda Shambhu Vasuniya,Panda,Shambhu,Vasuniya,,,9644577201,,,9644577201,,
dasai ravi patidar,ravi,,patidar,dasai,,9893034171,,,9893034171,,
Dasai रामप्रसाद पाटीदार रेन वाला।,रामप्रसाद,पाटीदार,रेन वाला।,Dasai,,7047540748,,,7047540748,,
Indore Ramesh Fate Note,Ramesh,Fate,Note,Indore,,+918959893737,,,+918959893737,,
Microtek Rakesh Parjapat,Microtek,Rakesh,Parjapat,,,+919179688152,+919630153973,,+919179688152 | +919630153973,,
Kannda Sarivss,Kannda,,Sarivss,,,+917020428115,,,+917020428115,,Dispatch
Balod Rajesh Patidar Sonalika,Rajesh,Patidar,Sonalika,Balod,,+919131109982,9993906576,,+919131109982 | 9993906576,,
Surajpur Nandkusor Patidar,Nandkusor,,Patidar,Surajpur,,9098111328,,,9098111328,,
Exide Acces,Exide,,Acces,,,8583000000,,,8583000000,,
Fakri Hamsafar Code,Fakri,Hamsafar,Code,,,55007547,,,55007547,,
Pana Sankarlal patidar,Sankarlal,,patidar,Pana,,9893454179,,,9893454179,,
Dasai Radeshyam Borsepatidar,Radeshyam,,Borsepatidar,Dasai,,+919993055326,,,+919993055326,,
Dasai Mithun Patidar Kanjubhunji Patidar,Mithun,Patidar,Kanjubhunji Patidar,Dasai,,+916263716219,,,+916263716219,,
Dasai Narayan Patidar Badsha,Narayan,Patidar,Badsha,Dasai,,+919752213200,,,+919752213200,,
Gopalpura Rohit,Gopalpura,,Rohit,,,9131536070,,,9131536070,,
Dasai Vijay Paridar Hiragoba,Vijay,Paridar,Hiragoba,Dasai,,9074785937,,,9074785937,,
Jijai Mirjapur,Jijai,,Mirjapur,,,9770356020,,,9770356020,,
Pithampur Aaran Cooler,Pithampur,Aaran,Cooler,,,+919893443974,,,+919893443974,,Navin Sharma
Ch. Balod kamlesh patidar,Ch.,Balod,kamlesh patidar,,,+918770806807,,,+918770806807,,
mySandesh Support,mySandesh,,Support,,,+919108433144,,,+919108433144,,
Dasai Shatu AnkalPatidar JAGOTRA,Shatu,AnkalPatidar,JAGOTRA,Dasai,,+919131196635,,,+919131196635,,
Badnaver Panditji,Badnaver,,Panditji,,,+918085001324,,,+918085001324,,
Buness Remayndar Aap,Buness,Remayndar,Aap,,,+919012665559,,,+919012665559,,
Kadmal Mose Ac,Mose,,Ac,Kadmal,,+919009548616,,,+919009548616,,
News,News,,,,,9205253397,,,9205253397,,
Mandsor,Mandsor,,,,,+919691846372,,,+919691846372,,
Rakha Ju,Rakha,,Ju,,,8405033459,,,8405033459,,
Obd 2indore,Obd,,2indore,,,+918770111798,,,+918770111798,,
Fholede,Fholede,,,,,9630760350,,,9630760350,,
Rachna Moven,Rachna,,Moven,,,+917389389052,,,+917389389052,,
Sagwal Goswami Tent House,Goswami,Tent,House,Sagwal,,+919993144380,,,+919993144380,,
Badnavar Mamaji Tent House,Mamaji,Tent,House,Badnavar,,9425990071,,,9425990071,,
Maharst Sanjaya Patil,Maharst,Sanjaya,Patil,,,+919823815550,,,+919823815550,,
Indore Nitesh Patidar,Nitesh,,Patidar,Indore,,+919009444767,,,+919009444767,,
Indore Sigdi 2,Sigdi,,2,Indore,,9406773451,,,9406773451,,
Manawar Pratik Patinadr Ele. shop,Manawar,Pratik,Patinadr Ele. shop,,,7049490524,,,7049490524,,
Dasai Akchay Pahalvan,Akchay,,Pahalvan,Dasai,,7909739101,,,7909739101,,
Nimad Cooler,Nimad,,Cooler,,,+919827217182,,,+919827217182,,
Lergav khemraj patidar,Lergav,khemraj,patidar,,,9755281880,+919755281880,,9755281880 | +919755281880,,
Bidwal Bhanu Bhati,Bhanu,,Bhati,Bidwal,,+919755133563,,,+919755133563,,
Dasai Lakhan Patidar M. k,Lakhan,Patidar,M. k,Dasai,,+917898628356,,,+917898628356,,
Dasai Sanjay Chohan,Sanjay,,Chohan,Dasai,,+919630620530,,,+919630620530,,
Raju Dangi,Raju,,Dangi,,,+918619826811,,,+918619826811,,
Dasai Khemchnd Ramchan,Khemchnd,,Ramchan,Dasai,,+919131695778,,,+919131695778,,
Dassi Dhnaa Chay,Dhnaa,,Chay,Dassi,,8085676440,,,8085676440,,
Bidwal Sunil Prajapat Tent House Light,Sunil,Prajapat,Tent House Light,Bidwal,,8269747873,,,8269747873,,
Morgav Ganet Light Tent Houae,Ganet,Light,Tent Houae,Morgav,,9179979794,,,9179979794,,
Sagwal Tent House,Tent,,House,Sagwal,,9755840798,,,9755840798,,
Dasai Zabuaa Navin Vishksrma,Zabuaa,Navin,Vishksrma,Dasai,,9826085033,,,9826085033,,
Madan Panwar Panwar,Madan,Panwar,Panwar,,,+919893170233,,,+919893170233,,
Dasai Mahesh Parmar Sanjaycoliney,Mahesh,Parmar,Sanjaycoliney,Dasai,,+919893448155,,,+919893448155,,
Jagdish Kumawat Light Dekoreshan Tent House,Kumawat,Light,Dekoreshan Tent House,Jagdish,,+918839777566,,,+918839777566,,
Hdfc Bank,Hdfc,,Bank,,,7070022222,,,7070022222,,
Bidwal Harsh Sahu Tent House,Harsh,Sahu,Tent House,Bidwal,,7489046106,,,7489046106,,
Dasai Sanju Helper,Sanju,,Helper,Dasai,,+918225817079,,,+918225817079,,
Kanvan Jen Tent House,Jen,Tent,House,Kanvan,,8878072008,,,8878072008,,
Shree Ram Tent House,Shree,Ram,Tent House,,,9827266973,,,9827266973,,
Bidwal Rameshwar Patidar,Rameshwar,,Patidar,Bidwal,,+919993296639,,,+919993296639,,
Dasai Nimchok Chay,Nimchok,,Chay,Dasai,,8085633214,,,8085633214,,
Chama Zulevala,Chama,,Zulevala,,,9571319797,,,9571319797,,
Badwai Jitu Tent House,Badwai,Jitu,Tent House,,,+919516441502,,,+919516441502,,
Palvada Alamnur Mansuri Tent House,Palvada,Alamnur,Mansuri Tent House,,,+918827582608,,,+918827582608,,
Dasai Sister Manish Pol,Sister,Manish,Pol,Dasai,,+918817171775,8817171775,,+918817171775 | 8817171775,,
Indore Rk Battery,Rk,,Battery,Indore,,9827226956,,,9827226956,,
Karsoda Delip Sharma,Karsoda,Delip,Sharma,,,+917999783818,,,+917999783818,,
Dntole Arjun Solanki,Dntole,Arjun,Solanki,,,9981763865,,,9981763865,,
Dasai Yash Damar Driver,Yash,Damar,Driver,Dasai,,+919630402130,,,+919630402130,,
Molana yash Patidar,Molana,yash,Patidar,,,+917489704708,,,+917489704708,,
Besola chanchu Patidar,Besola,chanchu,Patidar,,,+919691673540,,,+919691673540,,
Karsod Sunal Javai,Karsod,Sunal,Javai,,,9713709965,,,9713709965,,
Indore Numan Bhai Rk Battery Account,Numan,Bhai,Rk Battery Account,Indore,,+919926012042,,,+919926012042,,
MY BAT Avount,BAT,,Avount,MY,,107701,,,107701,,
Kod Mahaver Ele,Mahaver,,Ele,Kod,,7771836962,,,7771836962,,
Kod K.k Ji,K.k,,Ji,Kod,,+919981395001,,,+919981395001,,
Kod K.k. Rakesh Patidar,K.k.,Rakesh,Patidar,Kod,,+919981395003,,,+919981395003,,
Dhar Mukesh Sir,Mukesh,,Sir,Dhar,,+919993118180,,,+919993118180,,
Bujjaj Fayness,Bujjaj,,Fayness,,,+916261460664,,,+916261460664,,
Dasai Anil Banduji,Anil,,Banduji,Dasai,,+918602211971,,,+918602211971,,
Indore Barkot Janret,Barkot,,Janret,Indore,,9131225294,,,9131225294,,
Invaro Battery,Invaro,,Battery,,,+918358862302,,,+918358862302,,
Ranipura Sanjay Patel,Sanjay,,Patel,Ranipura,,+919826195999,,,+919826195999,,
Manorath Poster,Manorath,,Poster,,,+919826860991,,,+919826860991,,
Dasai Lokesh Gabhaje,Lokesh,,Gabhaje,Dasai,,9755391791,,,9755391791,,
Lala Parmar,Lala,,Parmar,,,9893692984,,,9893692984,,
Ranipura Vinod,Ranipura,,Vinod,,,9826426999,,,9826426999,,
Dasai Banti Nal,Banti,,Nal,Dasai,,+918815361587,,,+918815361587,,
Ranipura Vinod Patider Swaraj,Vinod,Patider,Swaraj,Ranipura,,+919926426999,,,+919926426999,,
Dhar Sonalalika Sohel  Work Shop,Sonalalika,Sohel,Work Shop,Dhar,,+917898353829,,,+917898353829,,
Mahadev Transport Ramji Jayswal. Indor,Mahadev,Transport,Ramji Jayswal. Indor,,,+919174000344,,,+919174000344,,
microtek,microtek,,,,,7283838383,,,7283838383,,
Chay Toran Darvaja,Chay,Toran,Darvaja,,,9752847128,,,9752847128,,
Shivaji nadarmanna,Shivaji,,nadarmanna,,,9589239739,,,9589239739,,
Takravda Jaydeep Chandel,Jaydeep,,Chandel,Takravda,,+919826755619,,,+919826755619,,
Utavda Sunil Patidar,Sunil,,Patidar,Utavda,,+919827201438,,,+919827201438,,
Indraval Shambhulal Dhakad,Indraval,Shambhulal,Dhakad,,,+918959697981,,,+918959697981,,
Ch. balod Sandeep Patider,Ch.,balod,Sandeep Patider,,,+919753882905,,,+919753882905,,
Delhi Paras Cooler Body Patas,Paras,Cooler,Body Patas,Delhi,,9711901029,,,9711901029,,
Kod Mahadev Tent House,Mahadev,Tent,House,Kod,,+917400730269,,,+917400730269,,
Dasai Pankaj Kanjjgagaram,Pankaj,,Kanjjgagaram,Dasai,,+917747070853,,,+917747070853,,Pankuvarshu
Moon Air Cooler Rajeev Garg,Moon,Air,Cooler Rajeev Garg,,,+919837015252,,,+919837015252,,
Dasai Anter Kele ValaVijay Parmar,Anter,Kele,ValaVijay Parmar,Dasai,,+916266542722,,,+916266542722,,
Balod Dharmendra Patidar Fores,Dharmendra,Patidar,Fores,Balod,,9340462738,9399837141,,9340462738 | 9399837141,,
Nananvasa Vijay Jawarsingh,Vijay,,Jawarsingh,Nananvasa,,9589808548,,,9589808548,,
Nananvasa Sanjay,Nananvasa,,Sanjay,,,9770428044,,,9770428044,,
Ralamadal Sanjay Badwala,Ralamadal,Sanjay,Badwala,,,6232407818,,,6232407818,,
Baloda Rakesh Bhura,Rakesh,,Bhura,Baloda,,8821964787,,,8821964787,,
Sonyakhedi Devi Singh,Sonyakhedi,Devi,Singh,,,9993734979,,,9993734979,,
Dantoli Dinesh Bariya,Dinesh,,Bariya,Dantoli,,9165561295,,,9165561295,,
Kapasthal Suresh Mukati,Suresh,,Mukati,Kapasthal,,9752721720,,,9752721720,,
Bablu Kulariya Baloda,Bablu,Kulariya,Baloda,,,9826584207,,,9826584207,,
Lohari Dinesh Goyal,Dinesh,,Goyal,Lohari,,9644152603,,,9644152603,,
Lalchand Meda Chotiya Balod,Lalchand,Meda,Chotiya Balod,,,9753567915,,,9753567915,,
Balod Munnalal Meda,Munnalal,,Meda,Balod,,8103233596,,,8103233596,,
Siloda Pradip Dayma,Pradip,,Dayma,Siloda,,9131392740,,,9131392740,,
Khakhedi Mohan Danvaya,Mohan,,Danvaya,Khakhedi,,9009404185,,,9009404185,,
Dantoli Janak Kanhaiya Lal,Janak,Kanhaiya,Lal,Dantoli,,9977118208,,,9977118208,,
Kadod Narayan Ji,Narayan,,Ji,Kadod,,9755124497,,,9755124497,,
Khiledi Vikram Girwal,Vikram,,Girwal,Khiledi,,7470508548,,,7470508548,,
Dasai Nilesh Gadi Bhola Gadi,Nilesh,Gadi,Bhola Gadi,Dasai,,+917869364642,,,+917869364642,,
Bamankhedi Omprakash Meda,Omprakash,,Meda,Bamankhedi,,7879691314,,,7879691314,,
Dasai Bhura Mandloi,Bhura,,Mandloi,Dasai,,9755475638,,,9755475638,,
Padampura Balram Maru,Balram,,Maru,Padampura,,8224078513,,,8224078513,,
Baloda Kailash,Baloda,,Kailash,,,9340090621,,,9340090621,,
Ralamandal Pawan Umarwal,Pawan,,Umarwal,Ralamandal,,9340357676,,,9340357676,,
Dasai Shobharam Kanji Gangaram,Shobharam,Kanji,Gangaram,Dasai,,6261709579,,,6261709579,,
Galunda Anil Bariya,Anil,,Bariya,Galunda,,8815877507,,,8815877507,,
Kotdakala Mishrilal Ji,Kotdakala,Mishrilal,Ji,,,9399842119,,,9399842119,,
Balod Balram Ganava,Balram,,Ganava,Balod,,8889239883,,,8889239883,,
Morgav Lakhan Dawar,Lakhan,,Dawar,Morgav,,7223990185,,,7223990185,,
Dasai Subhash Jhala,Subhash,,Jhala,Dasai,,9754953627,,,9754953627,,
Indrawal Kanhaiyalal Paggi,Indrawal,Kanhaiyalal,Paggi,,,6263813052,,,6263813052,,
Dasai Bhupwndra Samji,Bhupwndra,,Samji,Dasai,,9752057308,,,9752057308,,
Chirakhan Vishal,Chirakhan,,Vishal,,,8817463399,,,8817463399,,
Padampura Girdhari Meda,Girdhari,,Meda,Padampura,,8889842031,,,8889842031,,
ChirakhanGovind Bhabhar,ChirakhanGovind,,Bhabhar,,,9577643766,,,9577643766,,
Lohari Mansingh Ji,Mansingh,,Ji,Lohari,,9685722727,,,9685722727,,
Dasai Khemchand Palwa Wale,Khemchand,Palwa,Wale,Dasai,,+919630866950,,,+919630866950,,
Indraval Surendra Meda,Indraval,Surendra,Meda,,,6261983739,,,6261983739,,
Takrawda Mohann Meda,Mohann,,Meda,Takrawda,,9752244657,,,9752244657,,
Khiledi Vijay Girwal,Vijay,,Girwal,Khiledi,,9754031442,,,9754031442,,
Dhamanda Mukesh Ji,Mukesh,,Ji,Dhamanda,,7771043653,,,7771043653,,
Kapasthal Bherulal,Kapasthal,,Bherulal,,,9179733382,,,9179733382,,
Dasai Ramlal Patidar Vakil,Ramlal,Patidar,Vakil,Dasai,,9424043231,,,9424043231,,
Utawda Arvind Patidar,Arvind,,Patidar,Utawda,,8770307729,,,8770307729,,
Utavda Nanuram Ji,Nanuram,,Ji,Utavda,,9981308625,,,9981308625,,
Bani Khutpala Tolaram Maru,Bani,Khutpala,Tolaram Maru,,,9977368458,,,9977368458,,
Padampur Yamuna,Padampur,,Yamuna,,,8435940481,,,8435940481,,
Takrawda Guddu Bhai,Guddu,,Bhai,Takrawda,,9993103917,,,9993103917,,
Chotiya Balod Manohar Patidar,Balod,Manohar,Patidar,Chotiya,,8085627024,,,8085627024,,
Ledgav Rajendra Patidar,Rajendra,,Patidar,Ledgav,,9179187678,,,9179187678,,
Khutpala Ajay Jat,Ajay,,Jat,Khutpala,,7898236050,,,7898236050,,
Khiledi Ravi Ninama,Ravi,,Ninama,Khiledi,,9630345569,,,9630345569,,
Khiledi Rajendra Rathor,Rajendra,,Rathor,Khiledi,,9893410719,,,9893410719,,
Lohari Rajaram Katara,Rajaram,,Katara,Lohari,,9343533178,,,9343533178,,
Ghatoda Rajendra Singh Ji,Rajendra,Singh,Ji,Ghatoda,,9617955751,,,9617955751,,
Dasai Manohar Hiragoba,Manohar,,Hiragoba,Dasai,,9993434276,,,9993434276,,
Lohari Mahesh,Lohari,,Mahesh,,,9752297748,,,9752297748,,
Chirakhan Gopal Ji Dabi,Gopal,Ji,Dabi,Chirakhan,,7067004757,,,7067004757,,
Laxminarayan Ji,Laxminarayan,,Ji,,,8085830348,,,8085830348,,
Dantoli Basant Singh,Basant,,Singh,Dantoli,,9009361974,,,9009361974,,
Dasai Pawan Rathor,Pawan,,Rathor,Dasai,,8872823085,,,8872823085,,
Takrawda Gorav Patidar,Gorav,,Patidar,Takrawda,,8770002686,,,8770002686,,
Baloda Rajesh Ji Patidar,Rajesh,Ji,Patidar,Baloda,,9179146824,,,9179146824,,
Baloda Yash Maida,Yash,,Maida,Baloda,,6261493150,9691950677,,6261493150 | 9691950677,,
Dasai Rakesh Chohan,Rakesh,,Chohan,Dasai,,9755864998,,,9755864998,,
Kadod Sonu Dhakad,Sonu,,Dhakad,Kadod,,8959459371,,,8959459371,,
Kharsoda Mukesh Khandwal,Mukesh,,Khandwal,Kharsoda,,8224894821,,,8224894821,,
Banderi Suresh Patidar,Suresh,,Patidar,Banderi,,9893254638,,,9893254638,,
Ralamandal Jorawar Singh,Jorawar,,Singh,Ralamandal,,9993339679,,,9993339679,,
Dasai Ritesh Patidar,Ritesh,,Patidar,Dasai,,7987713927,,,7987713927,,
Khakhedi Satnarayan Dangaya,Satnarayan,,Dangaya,Khakhedi,,8085328806,,,8085328806,,
Dasai Sohan Kanji Gangaram,Sohan,Kanji,Gangaram,Dasai,,9302873805,,,9302873805,,
Nananvasa Bherulal,Nananvasa,,Bherulal,,,7898379129,,,7898379129,,
Ranipura Prahlad Patidar,Prahlad,,Patidar,Ranipura,,9981128217,,,9981128217,,
Baloda Pappu Singh,Pappu,,Singh,Baloda,,7723036956,,,7723036956,,
Dasai Jiwan Ukarji,Jiwan,,Ukarji,Dasai,,6269376562,,,6269376562,,
Sagwal Lakhan Puri Goswami,Lakhan,Puri,Goswami,Sagwal,,6260307085,,,6260307085,,
Lohari Manohar Singh Ji,Manohar,Singh,Ji,Lohari,,9893255267,,,9893255267,,
BamanKhedi Arjun Maru,Arjun,,Maru,BamanKhedi,,9893368541,,,9893368541,,
Dasai Prakash Patider Khamaliya,Prakash,Patider,Khamaliya,Dasai,,+919074831195,,,+919074831195,,
barmandal aandilal kumavat,aandilal,,kumavat,barmandal,,8085146163,,,8085146163,,
khiledi vajay beragi,vajay,,beragi,khiledi,,9630761395,,,9630761395,,
pana amart sirvi,amart,,sirvi,pana,,7999410052,,,7999410052,,
kisorsing takravda,kisorsing,,takravda,,,9893968854,,,9893968854,,
kadod jivan gehalotjivan,jivan,,gehalotjivan,kadod,,9009307564,,,9009307564,,
khiledi shivam more,shivam,,more,khiledi,,9993538648,,,9993538648,,
dasai arun hiragoba,arun,,hiragoba,dasai,,9638667599,,,9638667599,,
chirakhan ashok patider,ashok,,patider,chirakhan,,9993447175,,,9993447175,,
kudan sih pawar,kudan,sih,pawar,,,9993737467,,,9993737467,,
ch balodbherulal dodiya,balodbherulal,,dodiya,ch,,9977634511,,,9977634511,,
bandedi manoj chodhri,manoj,,chodhri,bandedi,,9752076698,,,9752076698,,
dantoli naren bhayal,naren,,bhayal,dantoli,,9926446355,,,9926446355,,
baloda hatesing kulareya,hatesing,,kulareya,baloda,,9770692954,,,9770692954,,
dasai balram jivaharvhan,balram,,jivaharvhan,dasai,,9981561360,,,9981561360,,
chatiya vijay vaskle,chatiya,vijay,vaskle,,,9343392985,,,9343392985,,
ragakhidi vikas trvidi,ragakhidi,vikas,trvidi,,,794836664,,,794836664,,
kharoda lakhan patel,kharoda,lakhan,patel,,,9462002284,,,9462002284,,
ch balod ramsing,balod,,ramsing,ch,,91748782325,,,91748782325,,
Indore Cooler Navkar Markrting,Cooler,Navkar,Markrting,Indore,,6232654398,,,6232654398,,
Sagwal Omprakash Solanki,Omprakash,,Solanki,Sagwal,,9893356461,,,9893356461,,
Khiledi Sunil More,Sunil,,More,Khiledi,,9993535648,,,9993535648,,
Rangarakhedi Vikash Trivedi,Rangarakhedi,Vikash,Trivedi,,,7974836664,,,7974836664,,
Dasai Harinarayan Patidar,Harinarayan,,Patidar,Dasai,,8349817128,,,8349817128,,
Ghatoda Aashram Indu Singh,Aashram,Indu,Singh,Ghatoda,,9179466951,,,9179466951,,
Balod Prakash Ramsingh,Prakash,,Ramsingh,Balod,,9174782325,,,9174782325,,
Bidwal Santosh Kamdar,Santosh,,Kamdar,Bidwal,,9893509755,,,9893509755,,
Dasai Ambaram Koda laxman,Ambaram,Koda,laxman,Dasai,,9893692557,,,9893692557,,
Kadod Pravin Mukati,Pravin,,Mukati,Kadod,,9685835912,,,9685835912,,
Khakhedi Dariyab Singh,Dariyab,,Singh,Khakhedi,,9691416518,,,9691416518,,
Pana Bahadur Singh,Bahadur,,Singh,Pana,,9993446863,,,9993446863,,
Ghatoda Tejpal Singh,Tejpal,,Singh,Ghatoda,,+918839239644,,,+918839239644,,
Dasai Gokul Bamniya,Gokul,,Bamniya,Dasai,,8085676499,,,8085676499,,
Kesarpura Sukhram Patidar,Sukhram,,Patidar,Kesarpura,,7389496692,,,7389496692,,
Khiledi Rajpal,Khiledi,,Rajpal,,,9893936583,,,9893936583,,
Takrawda Sundarlal Patidar,Sundarlal,,Patidar,Takrawda,,+919893285408,,,+919893285408,,
Kapasthal Devendra,Kapasthal,,Devendra,,,7828897477,,,7828897477,,
Dasai Mukesh Meghaji,Mukesh,,Meghaji,Dasai,,7974335510,,,7974335510,,
Pana Gajraj Singh,Gajraj,,Singh,Pana,,8717927990,,,8717927990,,
Lohari Mahesh Singh Rathor,Mahesh,Singh,Rathor,Lohari,,7000541676,,,7000541676,,
Ralamandal Prakash Jayaswal,Prakash,,Jayaswal,Ralamandal,,9977135810,,,9977135810,,
Indrawal Laxman Chodhri,Indrawal,Laxman,Chodhri,,,8770984362,,,8770984362,,
Mogjipada Shankar Katara,Shankar,,Katara,Mogjipada,,9109844315,,,9109844315,,
Baloda Parmanand Chohan,Parmanand,,Chohan,Baloda,,8349118722,,,8349118722,,
Dasai Govind Salaji,Govind,,Salaji,Dasai,,9174714142,,,9174714142,,
Banderi Gorav Tamboliya,Gorav,,Tamboliya,Banderi,,6261497423,,,6261497423,,
Tandakheda Sonu Dawar,Sonu,,Dawar,Tandakheda,,8982728995,,,8982728995,,
Baloda Kamlesh Patidar,Kamlesh,,Patidar,Baloda,,8889694753,,,8889694753,,
Dasai Anil Parmar Kumarpath,Anil,Parmar,Kumarpath,Dasai,,9009765903,,,9009765903,,
Dhamanda Madhu Sudan Patidar,Madhu,Sudan,Patidar,Dhamanda,,9752754493,,,9752754493,,
Takrawda Dhiraj Rathor,Dhiraj,,Rathor,Takrawda,,8815383988,,,8815383988,,
Baloda Kawarlal Patidar,Kawarlal,,Patidar,Baloda,,99078135364,,,99078135364,,
Dasai Vishnu Bhagirath,Vishnu,,Bhagirath,Dasai,,7879663789,,,7879663789,,
Panipura Kalyansingh,Panipura,,Kalyansingh,,,9589325382,,,9589325382,,
Dasai Siddharth Jain,Siddharth,,Jain,Dasai,,8349544138,,,8349544138,,
Beganda Vishnu Bamniya,Beganda,Vishnu,Bamniya,,,9893727795,,,9893727795,,
Takrawda Aaditya Kamdar,Aaditya,,Kamdar,Takrawda,,6265251902,,,6265251902,,
Dasai Mukesh Prajapat,Mukesh,,Prajapat,Dasai,,8989456143,,,8989456143,,
Ranipura Vijay Jagotra Patidar,Vijay,Jagotra,Patidar,Ranipura,,9893771517,,,9893771517,,
Tanda Kheda Sukhram,Kheda,,Sukhram,Tanda,,7223989842,,,7223989842,,
Fuledi Rakesh Ji,Rakesh,,Ji,Fuledi,,9589177849,,,9589177849,,
Panda Ramesh Maru,Panda,Ramesh,Maru,,,7987782341,,,7987782341,,
Ranipura Ajay Patidar,Ajay,,Patidar,Ranipura,,9575100113,,,9575100113,,
Hanumantiya bola Mohan Lal,Hanumantiya,bola,Mohan Lal,,,+919754766575,,,+919754766575,,
Ranipura Gopal Patidar,Gopal,,Patidar,Ranipura,,9755204396,,,9755204396,,
Tandakheda Mohan Girwal,Mohan,,Girwal,Tandakheda,,9644109162,,,9644109162,,
Bamankhedi Kanha,Bamankhedi,,Kanha,,,7999908471,,,7999908471,,
Chirakhan Kanhaiya Lal Payidar,Kanhaiya,Lal,Payidar,Chirakhan,,8839776241,,,8839776241,,
Bidwal Virendra Bhati,Virendra,,Bhati,Bidwal,,9630396368,,,9630396368,,
Soniya Khedi Jitendra Patel,Soniya,Khedi,Jitendra Patel,,,8839913904,,,8839913904,,
Tandakheda Dhan Singh,Dhan,,Singh,Tandakheda,,9617303630,,,9617303630,,
Baloda Gopal Patidar Ekranga,Gopal,Patidar,Ekranga,Baloda,,9755685616,,,9755685616,,
Kadod Rajaram Ji Dhakad,Rajaram,Ji,Dhakad,Kadod,,9755544874,,,9755544874,,
Khiledi Aashish Patidar,Aashish,,Patidar,Khiledi,,9981589937,,,9981589937,,
Soniya Khedi Balram Ghatiya,Soniya,Khedi,Balram Ghatiya,,,6291760399,,,6291760399,,
Dhamanda Sachin Jain,Sachin,,Jain,Dhamanda,,6261658755,,,6261658755,,
Padampura Dinesh Maru,Dinesh,,Maru,Padampura,,7771001118,,,7771001118,,
Takrawda Jitendra Singh,Jitendra,,Singh,Takrawda,,9993135153,,,9993135153,,
Khiledi Ravi,Khiledi,,Ravi,,,9165938349,,,9165938349,,
Dasai Jiwan Bhalod,Jiwan,,Bhalod,Dasai,,9691504369,,,9691504369,,
Barmandal Reva Shankar,Reva,,Shankar,Barmandal,,+919754491015,,,+919754491015,,
Dasai Rajesh Prajapat,Rajesh,,Prajapat,Dasai,,+919754173099,,,+919754173099,,
Dasai Hariom Khadi Wala,Hariom,Khadi,Wala,Dasai,,9893357935,,,9893357935,,
Dasai Kailash Prajapat,Kailash,,Prajapat,Dasai,,9993165940,,,9993165940,,
Tandakheda Nathuram Katara,Nathuram,,Katara,Tandakheda,,9893125480,,,9893125480,,
Bidwal Shivam Patil,Shivam,,Patil,Bidwal,,98277725266,,,98277725266,,
Dhamanda Mahavir Kirana,Mahavir,,Kirana,Dhamanda,,7898159195,7649338061,,7898159195 | 7649338061,,
Balod Anil Patidar,Anil,,Patidar,Balod,,8770807306,,,8770807306,,
Bidwal Jitu Solanki,Jitu,,Solanki,Bidwal,,+919893506280,,,+919893506280,,
Kutpala shantilal maru,shantilal,,maru,Kutpala,,9993426951,,,9993426951,,
Bamnkhedi Pyarchand Maru Maru,Bamnkhedi,Pyarchand,Maru Maru,,,+919131307350,,,+919131307350,,
Barmandal Jeevan Patel,Jeevan,,Patel,Barmandal,,+919926086962,,,+919926086962,,
Dasai Sanjay Patider Valashiva,Sanjay,Patider,Valashiva,Dasai,,+919993948399,,,+919993948399,,
Pana Manoher Sir,Manoher,,Sir,Pana,,+918839157452,,,+918839157452,,
Balod Bhuralal Harad,Bhuralal,,Harad,Balod,,9981978713,,,9981978713,,
Jalampura Hiralal Ji,Jalampura,Hiralal,Ji,,,9755369821,,,9755369821,,
Balod Gajendra Shambhulal 855,Gajendra,Shambhulal,855,Balod,,9993955280,,,9993955280,,
Balod Prabhu Lal Ji,Prabhu,Lal,Ji,Balod,,9754282041,,,9754282041,,
Dasai Shri Krishna Hotal Bharat Ji,Shri,Krishna,Hotal Bharat Ji,Dasai,,7000911248,,,7000911248,,
Ghatoda Mansingh Ji,Mansingh,,Ji,Ghatoda,,9645745031,,,9645745031,,
Pana Shobha Ram Chodhri,Shobha,Ram,Chodhri,Pana,,9754946298,,,9754946298,,
Sultanpur Gendalal Ji,Gendalal,,Ji,Sultanpur,,9981926855,,,9981926855,,
Pana Sanjay Kaniram,Sanjay,,Kaniram,Pana,,9630747927,,,9630747927,,
Fuledi Arjun Singh,Arjun,,Singh,Fuledi,,9981437119,,,9981437119,,
Padampura Govind Ji Maru,Govind,Ji,Maru,Padampura,,9977694623,,,9977694623,,
Dasai Narendra Mukati,Narendra,,Mukati,Dasai,,8319626097,,,8319626097,,
Bhilgun Gangaram Ji,Gangaram,,Ji,Bhilgun,,9993341397,,,9993341397,,
Dasai Suresh Patel Sanjay Coloni,Suresh,Patel,Sanjay Coloni,Dasai,,9981620822,,,9981620822,,
DharAjay Sisodiya,DharAjay,,Sisodiya,,,6265026978,9393622540,,6265026978 | 9393622540,,
Hdfc 26. 11. 2025 Balnece,26.,11.,2025 Balnece,Hdfc,,12007,,,12007,,
Aadivasi King,Aadivasi,,King,,,+919977045511,,,+919977045511,,
Visim Khan,Visim,,Khan,,,+919713015124,,,+919713015124,,
Bharavda Vijay Bhati,Vijay,,Bhati,Bharavda,,+919993123962,,,+919993123962,,
Runji Javai,Runji,,Javai,,,8717878799,,,8717878799,,
Khakhilei Jalam Sing,Khakhilei,Jalam,Sing,,,9752030112,,,9752030112,,
Takravda Lakhan Patel,Lakhan,,Patel,Takravda,,9993955384,,,9993955384,,
Ghtoda Mansing,Ghtoda,,Mansing,,,9654745031,,,9654745031,,
Dasai Rugnath Maru ²,Rugnath,Maru,²,Dasai,,9424043415,,,9424043415,,
Ghatoda Vikram Singh,Vikram,,Singh,Ghatoda,,6291341466,,,6291341466,,
Balod Amar Singh,Amar,,Singh,Balod,,73554877136,,,73554877136,,
Hatod Dinesh Sharma,Hatod,Dinesh,Sharma,,,8839285284,,,8839285284,,
Dasai Dashrath Ukarji,Dashrath,,Ukarji,Dasai,,7974447997,,,7974447997,,
Mokji Pada Jairam,Mokji,Pada,Jairam,,,8085346457,,,8085346457,,
Dasai Shambgu Singh,Shambgu,,Singh,Dasai,,9669304249,,,9669304249,,
Kod Chanchal Patidar Kanapana Sala,Chanchal,Patidar,Kanapana Sala,Kod,,+919179769471,,,+919179769471,,
Jalmpura Softwere,Jalmpura,,Softwere,,,9303684345,,,9303684345,,
maaaami,maaaami,,,,,6260060173,,,6260060173,,
Dasai Reshma bhabhi,Reshma,,bhabhi,Dasai,,9893448009,,,9893448009,,
Dasai Deveya Jag,Deveya,,Jag,Dasai,,9685112768,,,9685112768,,
Tanda Kheda Charansingh,Kheda,,Charansingh,Tanda,,7693027028,,,7693027028,,
Nihalpura Chandan Singh,Nihalpura,Chandan,Singh,,,9893636551,,,9893636551,,
Kadod Vijay Laxman,Vijay,,Laxman,Kadod,,8839226711,,,8839226711,,
Jolana Santosh Chohan,Jolana,Santosh,Chohan,,,8959070947,,,8959070947,,
Kod Brajmohan Khokar,Brajmohan,,Khokar,Kod,,8641077288,,,8641077288,,
Dasai Chagan Mukati,Chagan,,Mukati,Dasai,,8305932595,,,8305932595,,
Tanda Kheda Gopal ninama,Kheda,Gopal,ninama,Tanda,,9111798366,,,9111798366,,
Dasai Chodhri Kirana,Chodhri,,Kirana,Dasai,,8827058168,,,8827058168,,
Pana Ranjit Chohan,Ranjit,,Chohan,Pana,,8085423492,,,8085423492,,
Bhilgun Rudan Singh,Rudan,,Singh,Bhilgun,,9131077009,,,9131077009,,
Kharsoda Ravi Khandwal,Ravi,,Khandwal,Kharsoda,,7773030913,,,7773030913,,
Khiledi Radheshyam Bhuriya,Radheshyam,,Bhuriya,Khiledi,,9755556927,,,9755556927,,
Sagwal Maa Aashapura Fuel,Maa,Aashapura,Fuel,Sagwal,,9926777173,,,9926777173,,
Mogjipada Girdhari,Mogjipada,,Girdhari,,,8719069740,,,8719069740,,
Padunikala Sonu Vasuniya,Padunikala,Sonu,Vasuniya,,,8815218125,,,8815218125,,
Takrawda Arjun Osari,Arjun,,Osari,Takrawda,,8959221537,,,8959221537,,
Khodra Thawar Singh,Khodra,Thawar,Singh,,,9685253625,,,9685253625,,
Akoda Subhash,Akoda,,Subhash,,,9329933255,,,9329933255,,
Dasai Uttam Jayaswal,Uttam,,Jayaswal,Dasai,,9993355884,,,9993355884,,
Khutpala Sitaram Girwal,Sitaram,,Girwal,Khutpala,,7771815208,,,7771815208,,
Utawda Balram Patidar,Balram,,Patidar,Utawda,,9691739143,,,9691739143,,
Dasai O. prakash Narayan Moti,O.,prakash,Narayan Moti,Dasai,,9630662208,,,9630662208,,
Utawda Aasharam Patidar,Aasharam,,Patidar,Utawda,,9755031358,,,9755031358,,
Chotiya Balod Ashok Jat,Balod,Ashok,Jat,Chotiya,,9893506471,,,9893506471,,
Dasai Shankarlal Mansingh Kawra,Shankarlal,Mansingh,Kawra,Dasai,,9755954267,,,9755954267,,
Khiledi Rahul Girwal,Rahul,,Girwal,Khiledi,,8120037723,,,8120037723,,
Kod Jiwan Patidar,Jiwan,,Patidar,Kod,,9826661854,,,9826661854,,
Lohari Antar Singh,Antar,,Singh,Lohari,,8878188406,,,8878188406,,
Dasai Rakesh Maru,Rakesh,,Maru,Dasai,,7223096804,,,7223096804,,
Chotiya Balod Badrilal Damar,Balod,Badrilal,Damar,Chotiya,,7089449585,,,7089449585,,
Kapasthal Tulsiram Arad,Tulsiram,,Arad,Kapasthal,,9179848971,,,9179848971,,
Ranipura Kamal Patidar,Kamal,,Patidar,Ranipura,,8839825263,,,8839825263,,
Dasai Dharmen Chohan Kumarpath,Dharmen,Chohan,Kumarpath,Dasai,,8319514414,,,8319514414,,
Dasai Rakesh Lohari,Rakesh,,Lohari,Dasai,,9630982325,,,9630982325,,
Takrawda Mangilal Ji,Mangilal,,Ji,Takrawda,,9039393435,,,9039393435,,
Chirakhan Sudama Jayaswal,Sudama,,Jayaswal,Chirakhan,,6261221576,,,6261221576,,
Dhamanda Paramdas Vaishnav,Paramdas,,Vaishnav,Dhamanda,,7000176722,,,7000176722,,
Khutpala Motilal Rathor,Motilal,,Rathor,Khutpala,,9754704173,,,9754704173,,
Bidwal Rajaram Daima,Rajaram,,Daima,Bidwal,,9907682137,,,9907682137,,
Indore Vinod Bhalra,Vinod,,Bhalra,Indore,,9926078494,,,9926078494,,
Lohari Mahesh Ji,Mahesh,,Ji,Lohari,,9752292748,,,9752292748,,
Dasai Hari Ram Simlawda,Hari,Ram,Simlawda,Dasai,,9893623076,,,9893623076,,
Dasai Govind Kanabhopa,Govind,,Kanabhopa,Dasai,,9993356275,,,9993356275,,
Khiledi Tufan Singh,Tufan,,Singh,Khiledi,,9893362189,,,9893362189,,
Dasai Rajesh Chohan,Rajesh,,Chohan,Dasai,,8269963112,,,8269963112,,
Khiledi Sanjay,Khiledi,,Sanjay,,,8827908043,,,8827908043,,
Jcb Ghatoda,Jcb,,Ghatoda,,,6353700141,,,6353700141,,
Khakhedi Jitendra Ji,Jitendra,,Ji,Khakhedi,,7869018682,,,7869018682,,
Dasai Sohan Parmar,Sohan,,Parmar,Dasai,,9893787796,,,9893787796,,
Dasai Jeewan Kharadi,Jeewan,,Kharadi,Dasai,,7898439528,,,7898439528,,
Lohari Magan Lal Parmar,Magan,Lal,Parmar,Lohari,,9111715713,,,9111715713,,
Takrawda Pradeep Kamdar,Pradeep,,Kamdar,Takrawda,,8770285826,,,8770285826,,
Dhar Faruk Shaikj Janeter,Faruk,Shaikj,Janeter,Dhar,,+919993447664,,,+919993447664,,
ice crem,ice,,crem,,,+917850075153,,,+917850075153,,
Indore Moon Air Cooler,Moon,Air,Cooler,Indore,,+919981697977,,,+919981697977,,
Dasai Gordhan Bangar Dasai,Gordhan,Bangar,Dasai,Dasai,,+919754758533,,,+919754758533,,
Indore Lalit Gour,Lalit,,Gour,Indore,,+919993043030,,,+919993043030,,
Khiledi Mangilal Parmar,Mangilal,,Parmar,Khiledi,,9893006799,,,9893006799,,
shivani bhensola,shivani,,bhensola,,,9977711339,,,9977711339,,
Ratlam Rishab Jen Tent House,Rishab,Jen,Tent House,Ratlam,,8085433431,,,8085433431,,
Badnager Jitendra Panchal,Badnager,Jitendra,Panchal,,,+919977607728,,,+919977607728,,
Rajcooler Sarviss,Rajcooler,,Sarviss,,,+917486816297,,,+917486816297,,
Dedla Mahila Sangh Sangh Samiti,Dedla,Mahila,Sangh Sangh Samiti,,,+919098829458,,,+919098829458,,
Khiledi Ishwar Ishwar Malviya,Ishwar,Ishwar,Malviya,Khiledi,,+919754881651,,,+919754881651,,
bhabzi,bhabzi,,,,,+918962146576,,,+918962146576,,
Baledi Raju,Baledi,,Raju,,,+919630213288,,,+919630213288,,
Indode Tent Cooler Speyer Raj Tent,Indode,Tent,Cooler Speyer Raj Tent,,,+919770261369,,,+919770261369,,
Dasai Genatjali Glass,Genatjali,,Glass,Dasai,,+919770045002,,,+919770045002,,
Dasai Mohan Sir Gabaji,Mohan,Sir,Gabaji,Dasai,,+919993448587,,,+919993448587,,
Chirakhan Nandi Tent House,Nandi,Tent,House,Chirakhan,,+919926129906,,,+919926129906,,
Dasai Shiva Bheya Palva,Shiva,Bheya,Palva,Dasai,,+917869375770,,,+917869375770,,
Kutpala Divilal Tent House,Divilal,Tent,House,Kutpala,,7224874122,,,7224874122,,
Rajpura Shree Ig Tent House,Shree,Ig,Tent House,Rajpura,,9993619435,,,9993619435,,
Labreya Sai Tent House,Labreya,Sai,Tent House,,,6264706502,,,6264706502,,
Dasai Moher Driver  Anter Kele Vala,Moher,Driver,Anter Kele Vala,Dasai,,+919522924830,,,+919522924830,,
Kod Jayesh Tent House,Jayesh,Tent,House,Kod,,+919755555347,,,+919755555347,,
Kadod Vahit Mansuri Tent House,Vahit,Mansuri,Tent House,Kadod,,7987096258,,,7987096258,,
Vahid Mansuri,Vahid,,Mansuri,,,+919993796557,,,+919993796557,,
Indore Raj Cooler Selss,Raj,Cooler,Selss,Indore,,+917486942934,,,+917486942934,,
Ratlam Mahaver Halvai,Mahaver,,Halvai,Ratlam,,+919340724873,,,+919340724873,,
Kutpala Rajkumar Tent Houae,Rajkumar,Tent,Houae,Kutpala,,9755685687,,,9755685687,,
Soniyakhedi Deepak Rathore Jmd Tent House,Soniyakhedi,Deepak,Rathore Jmd Tent House,,,+916264870175,,,+916264870175,,
ii,ii,,,,,6261247436,,,6261247436,,
lingwa,lingwa,,,,,+919109930068,,,+919109930068,,
ruhika,ruhika,,,,,+917225921075,,,+917225921075,,
Sagwal Mahesh Patidar,Mahesh,,Patidar,Sagwal,,9893066140,,,9893066140,,
manju didi samne,manju,didi,samne,,,+919977044690,,,+919977044690,,
dasai tara didi,tara,,didi,dasai,,+919669074267,,,+919669074267,,
Okaya Rupesh Kevat,Okaya,Rupesh,Kevat,,,+917898165220,,,+917898165220,,
Dasai Balmukun Valaseva,Balmukun,,Valaseva,Dasai,,+919993180065,,,+919993180065,,
Dasai Asvin Patidar Ramchan,Asvin,Patidar,Ramchan,Dasai,,7047614472,,,7047614472,,
Padampura Kisan Eskat,Kisan,,Eskat,Padampura,,8435610620,,,8435610620,,
bidwal Jitu Margala,Jitu,,Margala,bidwal,,+919630188470,,,+919630188470,,
Dasai Nilesh Parmar,Nilesh,,Parmar,Dasai,Madhya Pradesh  India,+916260053071,,,+916260053071,,
Dasai Ashok Dhanaaji,Ashok,,Dhanaaji,Dasai,Madhya Pradesh  India,+919893188923,,,+919893188923,,
Indore Nirbhay Invrtar Repering,Nirbhay,Invrtar,Repering,Indore,Madhya Pradesh  India,+919826612129,,,+919826612129,,
Chetan Singh Balod,Chetan,Singh,Balod,,Madhya Pradesh  India,+916264387101,9993110312,,+916264387101 | 9993110312,,
Minda Wiring Harness,Minda,Wiring,Harness,,Delhi  India,+917042496100,,,+917042496100,,
Bidwal Sudhir Panwar,Sudhir,,Panwar,Bidwal,Madhya Pradesh  India,+916261877400,,,+916261877400,,
Dasai Sudama Vishwakarma,Sudama,,Vishwakarma,Dasai,Madhya Pradesh  India,+917999033863,9981620890,,+917999033863 | 9981620890,,
Khiledi Vinod Khokar Prett,Vinod,Khokar,Prett,Khiledi,Madhya Pradesh  India,+919131724717,,,+919131724717,,
Balod Anil Patidar Swaraj Old Mod,Anil,Patidar,Swaraj Old Mod,Balod,Madhya Pradesh  India,+919752586013,,,+919752586013,,
Sultanpur Vijay Om P Patidar,Vijay,Om,P Patidar,Sultanpur,Madhya Pradesh  India,+918770107545,,,+918770107545,,
Dasai Sunil Aramashin Patidar,Sunil,Aramashin,Patidar,Dasai,Madhya Pradesh  India,+919340123234,,,+919340123234,,
Pana Bantu Banaaswaraj 735,Bantu,Banaaswaraj,735,Pana,Madhya Pradesh  India,+919981606398,,,+919981606398,,
Exide Amay Tiwari Jeep,Exide,Amay,Tiwari Jeep,,Madhya Pradesh  India,+917987976942,,,+917987976942,,
Ledgav Kana Patidar New Holland,Kana,Patidar,New Holland,Ledgav,Madhya Pradesh  India,+919617519560,,,+919617519560,,
Khiledi Indar Patidar,Indar,,Patidar,Khiledi,Madhya Pradesh  India,+919589641401,,,+919589641401,,
Kutpala Gopal Maru,Gopal,,Maru,Kutpala,Madhya Pradesh  India,+919752294556,,,+919752294556,,
Khiledi Jagdish Patidar,Jagdish,,Patidar,Khiledi,Madhya Pradesh  India,+919981457397,,,+919981457397,,
Ktutpla Narayan Kumawat,Ktutpla,Narayan,Kumawat,,Madhya Pradesh  India,+919589044141,,,+919589044141,,
Dasai Suresh Patel Big Farmtek,Suresh,Patel,Big Farmtek,Dasai,Madhya Pradesh  India,+919981620795,,,+919981620795,,
Sagar Okaya,Sagar,,Okaya,,Madhya Pradesh  India,+918319255706,,,+918319255706,,
Gotampura Mukesh Sharmaji,Gotampura,Mukesh,Sharmaji,,Madhya Pradesh  India,+919109604293,,,+919109604293,,
Dasai Suresh Prajapat,Suresh,,Prajapat,Dasai,Madhya Pradesh  India,+919993355784,,,+919993355784,,
Tandakheda Laxman Laxmankatare,Laxman,,Laxmankatare,Tandakheda,Madhya Pradesh  India,+916266211323,,,+916266211323,,
Tandakheda Banshilal Dawar,Banshilal,,Dawar,Tandakheda,Madhya Pradesh  India,+917828197046,,,+917828197046,,
Bidwal Sir Nahar,Sir,,Nahar,Bidwal,Madhya Pradesh  India,+918959441978,,,+918959441978,,
Shriram Dhakad,Shriram,,Dhakad,,Madhya Pradesh  India,+917987688034,,,+917987688034,,
Dasai Jayesh Khachroda,Jayesh,,Khachroda,Dasai,Madhya Pradesh  India,+918827716738,,,+918827716738,,
Dasai Jitu Ji Pol,Jitu,Ji,Pol,Dasai,Madhya Pradesh  India,+917999785759,9755216392,,+917999785759 | 9755216392,,
Indore Kavaliti,Indore,,Kavaliti,,Madhya Pradesh  India,+919826688022,,,+919826688022,,
Bharvada Bhati,Bharvada,,Bhati,,Madhya Pradesh  India,+918319208210,,,+918319208210,,
Sandla Shreepal Patidar,Sandla,Shreepal,Patidar,,Madhya Pradesh  India,+919926086045,,,+919926086045,,
Bharavda Ganesh Kumar Bhati,Ganesh,Kumar,Bhati,Bharavda,Madhya Pradesh  India,+919893704153,,,+919893704153,,
Rakesh Pal,Rakesh,,Pal,,Delhi  India,+919717111819,,,+919717111819,,
Gotam Pura,Gotam,,Pura,,PR ENTPRISES Gautampura  453220 India,8878881101,,,8878881101,,
Gobind Rai Panjab Tracter Hood,Gobind,Rai,Panjab Tracter Hood,,Punjab  India,+918727806032,,,+918727806032,,
Kadod Jitendra Patidar Light Dekoreshan,Jitendra,Patidar,Light Dekoreshan,Kadod,Madhya Pradesh  India,+916263108755,,,+916263108755,,
Cherakhan Sudama Jayswal,Sudama,,Jayswal,Cherakhan,Madhya Pradesh  India,+919826993558,,,+919826993558,,
Balod Chagan Pagidar,Chagan,,Pagidar,Balod,Madhya Pradesh  India,+919630713491,9630713491,,+919630713491 | 9630713491,,
Dasai Gopal Patidar Maknanda,Gopal,Patidar,Maknanda,Dasai,Madhya Pradesh  India,+919752257051,,,+919752257051,,
Khiledi Mohan Drayvar,Mohan,,Drayvar,Khiledi,Madhya Pradesh  India,+918085631085,8085631085,,+918085631085 | 8085631085,,
Shalu Electric Video Ke Leye Enfrmeshan,Shalu,Electric,Video Ke Leye Enfrmeshan,,Uttar Prades  India,+919927351419,,,+919927351419,,
Monty Sound,Monty,,Sound,,Delhi  India,+919953306506,,,+919953306506,,
Bilkul Bane Singh Ji Darbar,Bilkul,Bane,Singh Ji Darbar,,Madhya Pradesh  India,+919754281540,,,+919754281540,,
Sultanpur Gaju Parsanl,Gaju,,Parsanl,Sultanpur,Madhya Pradesh  India,+918640030877,,,+918640030877,,
Lohari rupshig ratod,rupshig,,ratod,Lohari,,9893997529,,,9893997529,,
Faridabad Tractor Parts,Faridabad,Tractor,Parts,,Delhi  India,+917303276669,,,+917303276669,,
Dasai Kasiram Jugadi,Kasiram,,Jugadi,Dasai,Madhya Pradesh  India,+919893125401,,,+919893125401,,
Dasai Raju Patil Smill,Raju,Patil,Smill,Dasai,Madhya Pradesh  India,+919893776490,,,+919893776490,,
Dasai Mukesh Pol,Mukesh,,Pol,Dasai,Madhya Pradesh  India,+917999135883,,,+917999135883,,
Dasai Tonu Bhothar,Tonu,,Bhothar,Dasai,Madhya Pradesh  India,+918827179029,,,+918827179029,,
Dasai Naru Ren,Naru,,Ren,Dasai,Madhya Pradesh  India,+919993124318,,,+919993124318,,
Indore Amit Livfast,Amit,,Livfast,Indore,Madhya Pradesh  India,+917441102953,,,+917441102953,,
Dasai Sukram Drivar,Sukram,,Drivar,Dasai,Madhya Pradesh  India,+919752041310,,,+919752041310,,
Dasai Bhupendra Samji Messy,Bhupendra,Samji,Messy,Dasai,Madhya Pradesh  India,+919752053308,,,+919752053308,,
Dasai ( Hero Bick ) Sachin Rathod Amjhera,(,Hero,Bick ) Sachin Rathod Amjhera,Dasai,Madhya Pradesh  India,+919893686857,,,+919893686857,,
bhilgun Manohar ji,Manohar,,ji,bhilgun,,9993998773,,,9993998773,,
dasai isver bhimaji,isver,,bhimaji,dasai,,09893149984,,,09893149984,,
battey tray,battey,,tray,,,9781346749,,,9781346749,,
Dasai Ajay Bhaggapita,Ajay,,Bhaggapita,Dasai,,9977881156,,,9977881156,,
Dasai Visnu Bavji Patil,Visnu,Bavji,Patil,Dasai,,+919179140550,,,+919179140550,,
Dasai mahesh dasai Kesakvera,mahesh,dasai,Kesakvera,Dasai,,+919589267268,,,+919589267268,,
Padampura Nilesh Vasuniya,Nilesh,,Vasuniya,Padampura,,9630964895,,,9630964895,,
Dasai Shubam Naranmti,Shubam,,Naranmti,Dasai,,+917770808885,,,+917770808885,,
Khiledi Ghanshyam Ninama,Ghanshyam,,Ninama,Khiledi,,8889192535,,,8889192535,,
vikas chohan,vikas,,chohan,,,8878189239,,,8878189239,,
Dasai Ishwar Ishwar Dhund Nal,Ishwar,Ishwar,Dhund Nal,Dasai,,+916263108022,,,+916263108022,,
Kadod Megaji,Kadod,,Megaji,,,+918109666319,,,+918109666319,,
Badodeya Narayan Kude,Narayan,,Kude,Badodeya,,9424004361,,,9424004361,,
New Jugad,New,,Jugad,,,06260661063,,,06260661063,,
budwal Vinayak Hathi Ptdr,budwal,Vinayak,Hathi Ptdr,,,+917000307111,,,+917000307111,,
Baloda Lakhan Singh,Lakhan,,Singh,Baloda,,9399716951,,,9399716951,,
ajay sisidiya bhar,ajay,sisidiya,bhar,,,9893622548,,,9893622548,,
Takrawda Dinesh Patidar,Dinesh,,Patidar,Takrawda,,8889177528,,,8889177528,,
Choteya Balod nilesh. 1raga,Choteya,Balod,nilesh. 1raga,,,+919926635972,,,+919926635972,,
Bandei Narendra Tawar,Narendra,,Tawar,Bandei,,+919993134547,,,+919993134547,,
Dasai Kalu Valaseva,Kalu,,Valaseva,Dasai,,9993185685,+919993185685,,9993185685 | +919993185685,,C NEXT COMPUTERS AND ELECTRONICS
old battery Buyer,old,battery,Buyer,,,+917947059925,,,+917947059925,,
bidwal mk,bidwal,,mk,,,+917722829341,,,+917722829341,,
Dasai Sanjay Simlavda,Sanjay,,Simlavda,Dasai,,+919589239735,,,+919589239735,,
My Familey,My,,Familey,,,+919685588861,,,+919685588861,,
Dhamabda Jitendra,Dhamabda,,Jitendra,,,9713504817,,,9713504817,,
Kupala Umesh Kumavat,Kupala,Umesh,Kumavat,,,9770299223,,,9770299223,,
dasai vimal jen,vimal,,jen,dasai,,+919893509241,,,+919893509241,,
indore prins bus gagwal bus stend,prins,bus,gagwal bus stend,indore,,+918871727873,,,+918871727873,,
Dasai Pankaj Viskarma,Pankaj,,Viskarma,Dasai,,7869678147,,,7869678147,,
Dhar Saluja,Dhar,,Saluja,,,+917047474741,,,+917047474741,,Saluja Tour And Travels
Bandedi Tent House,Tent,,House,Bandedi,,+918878499868,,,+918878499868,,
Indore Nabhiraj,Indore,,Nabhiraj,,,9300505971,,,9300505971,,
Indore New Pere,New,,Pere,Indore,,9522222304,,,9522222304,,
Dasai Krisna Khacroda,Krisna,,Khacroda,Dasai,,+918349766879,8349766879,,+918349766879 | 8349766879,,
Magod रेडियम Aart,रेडियम,,Aart,Magod,,+919098018989,9098018989,,+919098018989 | 9098018989,,
Ghatoda Bherusing,Ghatoda,,Bherusing,,Madhya Pradesh  India,+919584595122,,,+919584595122,,
panchmukhi kelash patidar,kelash,,patidar,panchmukhi,,8827718416,,,8827718416,,
Moven Mk,Moven,,Mk,,,+918349009614,,,+918349009614,,
balod rameshvar ji patidar dhug deri,rameshvar,ji,patidar dhug deri,balod,,9993434995,,,9993434995,,
Sagwal Tent House,Tent,,House,Sagwal,,9301980421,,,9301980421,,
Chirakhn subhash muniya,Chirakhn,subhash,muniya,,,8815821389,,,8815821389,,
padmpura meraban,padmpura,,meraban,,,9669550411,,,9669550411,,
Bhilgun Sitaram,Bhilgun,,Sitaram,,,7805856736,,,7805856736,,
Indore Minda Ganesh Rathore,Minda,Ganesh,Rathore,Indore,Madhya Pradesh  India,+917089414052,,,+917089414052,,
Kadod Yashwant Patidar,Yashwant,,Patidar,Kadod,,8827847421,,,8827847421,,
Dsai Bagdiram Patidar,Dsai,Bagdiram,Patidar,,,9981561373,,,9981561373,,
Nimbol Ramdev Patidar,Ramdev,,Patidar,Nimbol,Madhya Pradesh  India,+919752709901,,,+919752709901,,
Dasai Miserlal Kanjibhunji,Miserlal,,Kanjibhunji,Dasai,Madhya Pradesh  India,+917974937277,,,+917974937277,,
Dasai Shubhash Bhimaji,Shubhash,,Bhimaji,Dasai,,9630613871,,,9630613871,,
begnda gopal,begnda,,gopal,,,9981926640,,,9981926640,,
Dasai dilip soni,dilip,,soni,Dasai,,9993434973,,,9993434973,,
Fuledi Bhagirath Vasuniya,Bhagirath,,Vasuniya,Fuledi,,8305331985,,,8305331985,,
Dasai Manoj Maida,Manoj,,Maida,Dasai,,9713544323,,,9713544323,,
Dhar Davar Medam,Davar,,Medam,Dhar,,+917898083771,,,+917898083771,,
Nimach Galaxy Cooler Speyer,Galaxy,Cooler,Speyer,Nimach,,8223930666,,,8223930666,,
Dasai Chagan Patadar,Chagan,,Patadar,Dasai,,+919893551096,,,+919893551096,,
Badnagar Rakesh Jen,Badnagar,Rakesh,Jen,,,9827278002,9425494977,,9827278002 | 9425494977,,
Pana Dinesh Rathor,Dinesh,,Rathor,Pana,,8959262159,7987395313,,8959262159 | 7987395313,,
Bidwal Patil Sir,Patil,,Sir,Bidwal,,+919981115624,,,+919981115624,,
Livgurad Sanjay Ji Shree Nath,Sanjay,Ji,Shree Nath,Livgurad,,+919575061769,,,+919575061769,,
Sandeep 😇🚭🚭🚭🚭,Sandeep,,😇🚭🚭🚭🚭,,,+918770044771,,,+918770044771,,
Dasai Punam Je Logrje,Punam,Je,Logrje,Dasai,,+919893125534,,,+919893125534,,
Nimbol Sukhe Pat,Sukhe,,Pat,Nimbol,,+918827904952,,,+918827904952,,
Dasai Mahesh Maru,Mahesh,,Maru,Dasai,,+919713143443,,,+919713143443,,
Utavda Rohit,Utavda,,Rohit,,,+917974221765,,,+917974221765,,
Sagwal Pump Dhubay Ji,Pump,Dhubay,Ji,Sagwal,,7974227581,,,7974227581,,
Takravda Raj Kumar Patidar,Raj,Kumar,Patidar,Takravda,,+919111355473,,,+919111355473,,
Ghatoda Ambaram,Ghatoda,,Ambaram,,,7773870350,,,7773870350,,
Dasai Rajesh Megaji,Rajesh,,Megaji,Dasai,,9617163760,,,9617163760,,
Lohare Sohan,Lohare,,Sohan,,,9926641143,,,9926641143,,
Sohan baggaji dasai,Sohan,baggaji,dasai,,,9589267094,,,9589267094,,
Dasai aajad patidar,aajad,,patidar,Dasai,,9981620790,,,9981620790,,
takravda bheru sing chandel,bheru,sing,chandel,takravda,,9993355738,,,9993355738,,
Dasai Sunil Patidar Kisan Medeya,Sunil,Patidar,Kisan Medeya,Dasai,,+918827472303,,,+918827472303,,
Indore Igness Swich,Igness,,Swich,Indore,,9826044177,,,9826044177,,
Dasai Kamal Kevalji,Kamal,,Kevalji,Dasai,,7974551892,,,7974551892,,
Rajkot,Rajkot,,,,,9737600778,,,9737600778,,
rrrrrrrrrr,rrrrrrrrrr,,,,,+917724991610,,,+917724991610,,
Ujjen Babu,Ujjen,,Babu,,,+919981777466,,,+919981777466,,
Chirakhan Sanjay Jaiswal,Sanjay,,Jaiswal,Chirakhan,,+919244602672,,,+919244602672,,
Chirakhan Nepal Singh,Nepal,,Singh,Chirakhan,,9977506475,,,9977506475,,
Dewas Shivv Shakti Loha,Dewas,Shivv,Shakti Loha,,,+919997322979,,,+919997322979,,
Nimach Shree Ji Coolar,Shree,Ji,Coolar,Nimach,,8959785468,,,8959785468,,
Shreenathji Peyush,Shreenathji,,Peyush,,,+919425061637,,,+919425061637,,
Akodiya Hiralal,Akodiya,,Hiralal,,,9669809859,,,9669809859,,
General Frb Coolar,General,Frb,Coolar,,,9808558255,,,9808558255,,
Lachaman,Lachaman,,,,,8349833230,,,8349833230,,
Bidwal Nilesh Patidar,Nilesh,,Patidar,Bidwal,,9926015897,,,9926015897,,
Kapasthal Rahul Chodhri,Rahul,,Chodhri,Kapasthal,,8225839139,,,8225839139,,
Khiledi Lakhan Sing Kachava,Lakhan,Sing,Kachava,Khiledi,,+919630508127,9630508127,,+919630508127 | 9630508127,,
Bidwal Sahu Tent House,Sahu,Tent,House,Bidwal,,9893880314,,,9893880314,,
Dasai शैलेंद्र जैन!,शैलेंद्र,,जैन!,Dasai,,9993124323,,,9993124323,,
Dasai Yashwant Linemen,Yashwant,,Linemen,Dasai,,+919179302187,,,+919179302187,,
Rajgad Sager Trsort,Sager,,Trsort,Rajgad,,9826607666,,,9826607666,,
padmpura,padmpura,,,,,9753102323,,,9753102323,,
Kapsatal Anil Jayswal Jaiswal,Kapsatal,Anil,Jayswal Jaiswal,,,+919993255829,,,+919993255829,,
khutpala devilal kumavat,devilal,,kumavat,khutpala,,9685388761,,,9685388761,,
Dasai Manohar Drayvar,Manohar,,Drayvar,Dasai,,6261653077,,,6261653077,,
Dongargaw Jija,Dongargaw,,Jija,,,9131692419,,,9131692419,,
Galunda Mohan,Galunda,,Mohan,,,6263896399,,,6263896399,,
Bidwal Ravi Patidar,Ravi,,Patidar,Bidwal,,+919589484843,,,+919589484843,,
Dasai Ravi Jija Pana Vale,Ravi,Jija,Pana Vale,Dasai,,+919644714612,,,+919644714612,,
Dasai Dinesh Ghati,Dinesh,,Ghati,Dasai,Madhya Pradesh  India,+919981620796,,,+919981620796,,
Dasai Papu Pejar,Papu,,Pejar,Dasai,,9893096121,,,9893096121,,
Dasai Rahul Sharma,Rahul,,Sharma,Dasai,,9685262501,,,9685262501,,
nalcha Tavar Gangaram,nalcha,Tavar,Gangaram,,Madhya Pradesh  India,+918349507234,,,+918349507234,,
Semalkhedi Vikram Ninama,Semalkhedi,Vikram,Ninama,,,8770574667,,,8770574667,,
lohari shaym katare,shaym,,katare,lohari,,9179939219,,,9179939219,,
Dasai Dilip pan,Dilip,,pan,Dasai,,8085692326,,,8085692326,,
Badnawer Vishal Brother,Badnawer,Vishal,Brother,,,+917000479725,,,+917000479725,,
Khiledi Lokendra Dodiya,Lokendra,,Dodiya,Khiledi,,9179713120,,,9179713120,,
Cherakhan Dharmendar PATIDAR Tent House,Dharmendar,PATIDAR,Tent House,Cherakhan,,+919754242004,,,+919754242004,pdharmendra1111@gmail.com,
Patiyala Mobil Box,Patiyala,Mobil,Box,,,9814431440,,,9814431440,,
Ledgav Vijay Prajapat,Vijay,,Prajapat,Ledgav,,9755905944,,,9755905944,,
Dasai Lachu Je Patidar Ekranga,Lachu,Je,Patidar Ekranga,Dasai,Madhya Pradesh  India,+916263068608,9993124297,,+916263068608 | 9993124297,,
Ratalam Luvfast Ratnesh Ji,Ratalam,Luvfast,Ratnesh Ji,,,9977700098,,,9977700098,,
Belvada Bhupender Vaishnav,Belvada,Bhupender,Vaishnav,,Rajasthan  India,+919079614602,,,+919079614602,bhupendervaishnav4321@gmail.com,
dasai gaju dugaji,gaju,,dugaji,dasai,,9893994837,,,9893994837,,
Sagwal Sanjay Tent House Light,Sanjay,Tent,House Light,Sagwal,,8269308538,,,8269308538,,
Gatoda Vikram Sing 735,Vikram,Sing,735,Gatoda,,6261341466,,,6261341466,,
Niyanpura bhart,Niyanpura,,bhart,,,6269635073,,,6269635073,,
Dasai Anil Patidar Renwala,Anil,Patidar,Renwala,Dasai,,9685635513,,,9685635513,,
Dasai Rajesh Sali Patidar,Rajesh,Sali,Patidar,Dasai,Madhya Pradesh  India,+919993305208,,,+919993305208,,
Ranapur Babaji Ele,Ranapur,Babaji,Ele,,,8962352572,,,8962352572,,
Raj Tent Cooler,Tent,,Cooler,Raj,,+918058160417,,,+918058160417,,
Bidwal nankalal,Bidwal,,nankalal,,,9630661400,,,9630661400,,
Dasai Nilesh Patidar,Nilesh,,Patidar,Dasai,West Bengal  India,+917047216912,,,+917047216912,,
Bidwal Rahul Patider Doleya,Rahul,Patider,Doleya,Bidwal,,+919685773742,9685773742,,+919685773742 | 9685773742,,
dhamnda omprakas patidar,omprakas,,patidar,dhamnda,,7898893228,9752294350,,7898893228 | 9752294350,,
kadod foto grafar,foto,,grafar,kadod,,+918518915708,,,+918518915708,,
Indore Baba Ingreying,Baba,,Ingreying,Indore,,8982735821,,,8982735821,,
Dantoli Bhawarlal Katara,Bhawarlal,,Katara,Dantoli,,7745937191,,,7745937191,,
Khachroda Balaram Patidar Tent House,Khachroda,Balaram,Patidar Tent House,,,9165578625,,,9165578625,,
Dasai Kamal Lembaje,Kamal,,Lembaje,Dasai,,9755373103,,,9755373103,,
Dasai sankar sing chohan,sankar,sing,chohan,Dasai,,7697984227,,,7697984227,,
Dasai vishnu kotval,vishnu,,kotval,Dasai,,7869663789,,,7869663789,,
New Jagad,New,,Jagad,,,+918079068796,,,+918079068796,,
Baloda Aashutosh Patidar,Aashutosh,,Patidar,Baloda,,6267292721,,,6267292721,,
Khiledi Raju Patidar Hmt New Holland,Raju,Patidar,Hmt New Holland,Khiledi,,9893937141,,,9893937141,,
ranipura ajit patidar,ajit,,patidar,ranipura,,9755776576,,,9755776576,,
Balod Ukarlalji Patidar Post Office,Ukarlalji,Patidar,Post Office,Balod,,9993055625,,,9993055625,,
Aasjishji Sharma,Aasjishji,,Sharma,,,+918839150600,,,+918839150600,,Ashish Sharma
Dasai Manohar Patel,Manohar,,Patel,Dasai,,+919179929859,9179929859,,+919179929859 | 9179929859,,
Surajpur Rameshchandr Patidar Sir,Rameshchandr,Patidar,Sir,Surajpur,Madhya Pradesh  India,+919993339675,9993339675,,+919993339675 | 9993339675,,
Ghatoda Arjan Yoge M. K,Arjan,Yoge,M. K,Ghatoda,,9522320560,,,9522320560,,
Ghatoda  Arjan Y,Arjan,,Y,Ghatoda,,6260712372,,,6260712372,,
Balod Vikas Patidar,Vikas,,Patidar,Balod,,9893409856,9691427577,,9893409856 | 9691427577,,
Kadod Sayed Patel,Sayed,,Patel,Kadod,,+918319221306,,,+918319221306,,
Akoda Ritesh Patidar Logrji Patidar,Ritesh,Patidar,Logrji Patidar,Akoda,,+919993152379,,,+919993152379,,
Indore Bus Jen Ji,Bus,Jen,Ji,Indore,,9893777724,,,9893777724,,
Kapasthal Mohan Damar,Mohan,,Damar,Kapasthal,,9981584695,,,9981584695,,
Moon Air Cooler,Moon,Air,Cooler,,,+919958756940,,,+919958756940,,
Dasai Mohit Parsai,Mohit,,Parsai,Dasai,,+917047272143,,,+917047272143,,
Jagdish patidar dasai,patidar,,dasai,Jagdish,,+919893795015,,,+919893795015,,
Kadod Raju Raghuvanshi,Raju,,Raghuvanshi,Kadod,,+919993504188,,,+919993504188,,
dasai gogul chodhare,gogul,,chodhare,dasai,,9893535303,,,9893535303,,
Lohari Rajwardhan,Lohari,,Rajwardhan,,,7725055464,,,7725055464,,
Kadod Mahesh Ji Upadyay Sosaytivale,Mahesh,Ji,Upadyay Sosaytivale,Kadod,,+919981115601,,,+919981115601,,
Okaya Sarviess Boy,Okaya,Sarviess,Boy,,Madhya Pradesh  India,+919425368608,,,+919425368608,,
Dasai Dr. k. k. gehlod,Dr.,k.,k. gehlod,Dasai,,9993538830,,,9993538830,,
Dasai Aashish Dhanaji,Aashish,,Dhanaji,Dasai,,+919981719948,,,+919981719948,,
Tent Cooler And Honey Compad,Tent,Cooler,And Honey Compad,,,+917000188824,,,+917000188824,,Roopam Patel
Dasaai Ashok Chidhari Sir,Dasaai,Ashok,Chidhari Sir,,,+919993538815,,,+919993538815,,
Baloda Dhaendra Revateya,Dhaendra,,Revateya,Baloda,,+918435755134,,,+918435755134,,
Dasai Rohit Patidar Lomabji,Rohit,Patidar,Lomabji,Dasai,Madhya Pradesh  India,+918349173595,,,+918349173595,,
Ledgav Rohit Patidar Jonder,Rohit,Patidar,Jonder,Ledgav,,+919179368567,,,+919179368567,,
Kapastal Arjun Chodhri,Arjun,,Chodhri,Kapastal,,8839756396,,,8839756396,,
Rachna Gopal Sir New,Rachna,Gopal,Sir New,,,9925029801,,,9925029801,,
dasai pavan bhopa,pavan,,bhopa,dasai,,7047546117,,,7047546117,,
Ujjen E Bick Rekcha,E,Bick,Rekcha,Ujjen,,+918770667511,,,+918770667511,,
Dasai Kana Bhut,Kana,,Bhut,Dasai,,9174713988,,,9174713988,,
Bidwal Santosh Patidat,Santosh,,Patidat,Bidwal,,8085291105,,,8085291105,,
Jagdish bhimaji dasai,bhimaji,,dasai,Jagdish,,9755723929,,,9755723929,,
Nandu Da Pana,Nandu,Da,Pana,,,+919755891597,,,+919755891597,,
Indore Purnima એળે,Purnima,,એળે,Indore,,+919826081928,,,+919826081928,,
Dasai Sanjay Dhanaaji,Sanjay,,Dhanaaji,Dasai,,8269963095,,,8269963095,,
Dasai Bhart Palva,Bhart,,Palva,Dasai,,+919074443875,,,+919074443875,,
Arihant Electronics And Distributors,Arihant,Electronics,And Distributors,,,+919826310201,,,+919826310201,arrpitjain@live.com,
Akoda Devendra Singh,Devendra,,Singh,Akoda,,7441105969,,,7441105969,,
Microtek Isver Prajapat,Microtek,Isver,Prajapat,,,9752121582,,,9752121582,,
Chirola Hariom Brother,Chirola,Hariom,Brother,,,+919977205966,,,+919977205966,,
rajesh kulara baloda,kulara,,baloda,rajesh,,6267968505,777284842,,6267968505 | 777284842,,
Salcon New Delhi,Salcon,New,Delhi,,,9810115216,,,9810115216,,
Dasai Rugnath Maru,Rugnath,,Maru,Dasai,Madhya Pradesh  India,+919981594790,,,+919981594790,,
magod vipin patidar,vipin,,patidar,magod,,9993055643,,,9993055643,,
Sultanpur Gajen,Sultanpur,,Gajen,,,+918878017217,,,+918878017217,,
Dasai Rakesh Polwala,Rakesh,,Polwala,Dasai,,9993345409,,,9993345409,,
Panchmukhi Dola राम!,Dola,,राम!,Panchmukhi,,9726679438,,,9726679438,,
Shop Video,Shop,,Video,,Kolkata   India,+919830613420,,,+919830613420,,
Indore Led Light,Led,,Light,Indore,,+917000804188,,,+917000804188,,
Dhar Raj Songara Parsanl,Raj,Songara,Parsanl,Dhar,,+919893098505,,,+919893098505,,
Pareshan,Pareshan,,,,,+919607334010,,,+919607334010,,
chanchal sen bhensola,chanchal,sen,bhensola,,,6261722073,,,6261722073,,
Baloda Rahul Kulhara,Rahul,,Kulhara,Baloda,,+918839277879,,,+918839277879,,
Dasai Arjun Kodalzman,Arjun,,Kodalzman,Dasai,,+917470572400,,,+917470572400,,
Aman Gaming Road Contreckatar,Gaming,Road,Contreckatar,Aman,Madhya Pradesh  India,+919993540174,,,+919993540174,,
Amjhera Shri Krishna Jawelars,Amjhera,Shri,Krishna Jawelars,,,9424546901,,,9424546901,,
Dasai Hokmechn K,Hokmechn,,K,Dasai,,9630761378,,,9630761378,,
Dasai Bhupendar Parmar Bick Mk,Bhupendar,Parmar,Bick Mk,Dasai,,9074582823,,,9074582823,,
Dasai Dharmendra Heragoba,Dharmendra,,Heragoba,Dasai,,9752035445,,,9752035445,,
Kod Aalok Patider,Aalok,,Patider,Kod,,9755065650,,,9755065650,,
Gopalpura Umesh Patidar,Gopalpura,Umesh,Patidar,,,9691758927,9977295605,,9691758927 | 9977295605,,
Dasai Manish Chodhre News,Manish,Chodhre,News,Dasai,Madhya Pradesh  India,+919630078105,9630078105,,+919630078105 | 9630078105,,
Dasai Vijay Balod 855,Vijay,Balod,855,Dasai,Madhya Pradesh  India,+919993135226,,,+919993135226,patidarvijay133@gmail.com,
Kutpala Kamal Maru Tent House,Kamal,Maru,Tent House,Kutpala,,9893377222,,,9893377222,,
Magod Arujun Mobile Gelre,Arujun,Mobile,Gelre,Magod,,+917000520142,,,+917000520142,,
Indore Shreemunisuvratnath Auto Patas,Shreemunisuvratnath,Auto,Patas,Indore,,7354834309,7582923777,,7354834309 | 7582923777,,
Dhar Aand Davar,Aand,,Davar,Dhar,,9340519502,,,9340519502,,
Indore Self Armechar Motar Revainding,Self,Armechar,Motar Revainding,Indore,,7869075150,,,7869075150,,
Badwani Retesh Aap Mekar,Retesh,Aap,Mekar,Badwani,,7697754687,,,7697754687,,
bidwal pavan patidar hadwer,pavan,patidar,hadwer,bidwal,,+919755750420,,,+919755750420,,
Kod Naresh Joshe Tent House,Naresh,Joshe,Tent House,Kod,Madhya Pradesh  India,+919826682854,+917000897633,,+919826682854 | +917000897633,,
Gatoda arvind ji joshi,arvind,ji,joshi,Gatoda,,7879636143,,,7879636143,,
Akit Tewari,Akit,,Tewari,,,7869287479,,,7869287479,,
Sound Panjab,Sound,,Panjab,,,9463210438,,,9463210438,,
Kutpala Devilal Tent House,Devilal,Tent,House,Kutpala,,+919589764303,,,+919589764303,,
Dasai Retesh Kumarpat,Retesh,,Kumarpat,Dasai,,9752084059,,,9752084059,,
Dasai Abhishek Mandlecha,Abhishek,,Mandlecha,Dasai,,+919754084111,,,+919754084111,,
Dasai Sanjuy Ren,Sanjuy,,Ren,Dasai,,9340152863,,,9340152863,,
Dasai Kumarpath Mandir Raju Goswami,Kumarpath,Mandir,Raju Goswami,Dasai,,8719863808,,,8719863808,,
Udaypur Shree Sidam Cooler,Shree,Sidam,Cooler,Udaypur,,9461504460,,,9461504460,,
Dasai Tenku Patidar,Tenku,,Patidar,Dasai,,+919589611595,,,+919589611595,,
Indore Abil,Indore,,Abil,,,7999619436,,,7999619436,,
Pana Rupendra Singh,Rupendra,,Singh,Pana,,6266973533,,,6266973533,,
Balod jeevan bordiya,jeevan,,bordiya,Balod,,9893859650,,,9893859650,,
Dasai Vedeka Auto Patas Bick Mk,Vedeka,Auto,Patas Bick Mk,Dasai,,+919752043028,,,+919752043028,,
Tandakheda Sanjay,Tandakheda,,Sanjay,,,9179101058,,,9179101058,,
Dadai Prakash Tapra,Prakash,,Tapra,Dadai,,9993055345,,,9993055345,,
Balod Sunil,Balod,,Sunil,,,9098963125,,,9098963125,,
Mahesh Varma,Mahesh,,Varma,,,9981134685,,,9981134685,,
Indore Batterys,Indore,,Batterys,,,+919425031000,,,+919425031000,,
Ralamandal Lakhan Patel,Lakhan,,Patel,Ralamandal,,8085129298,,,8085129298,,
Durgesh khiledi,Durgesh,,khiledi,,,9893759932,,,9893759932,,
Kadmal Mose,Kadmal,,Mose,,,+917773004639,,,+917773004639,,
Dasai Sanjay Helpar New,Sanjay,Helpar,New,Dasai,,+919589266550,,,+919589266550,,
Kadod Dharmendra Sen,Dharmendra,,Sen,Kadod,,9981459755,,,9981459755,,
Dasai Antar Kele Valw,Antar,Kele,Valw,Dasai,,9893753260,,,9893753260,,
Indore Bick Battery,Bick,,Battery,Indore,,+919229205012,,,+919229205012,,
Dasai Rahul Tapra,Rahul,,Tapra,Dasai,,8103157222,,,8103157222,,
Dasai Puskar,Dasai,,Puskar,,,8085759894,,,8085759894,,
Indore Sagar,Indore,,Sagar,,,+919977006063,,,+919977006063,,
Dhamanda Mohan Singh,Mohan,,Singh,Dhamanda,,8827460420,,,8827460420,,
Manpura Nesh Gamad,Manpura,Nesh,Gamad,,,9685639139,,,9685639139,,
Dasai Pakaj Sharma,Pakaj,,Sharma,Dasai,,9179065533,,,9179065533,,
Dasai Vijay Patel,Vijay,,Patel,Dasai,,9691017634,,,9691017634,,
DantloiGangaram Aklecha,DantloiGangaram,,Aklecha,,,+919826587025,,,+919826587025,,
Baloda Amar Mandal Dr,Amar,Mandal,Dr,Baloda,,+917697851342,,,+917697851342,,
Khiladi Kana Post Office,Khiladi,Kana,Post Office,,,9754051991,,,9754051991,,
Dasai sohan parmar,sohan,,parmar,Dasai,,9893787769,,,9893787769,,
Dantoli Vikram Ratod Sonalika,Vikram,Ratod,Sonalika,Dantoli,,+919111049707,,,+919111049707,,
Dhamnda Depak Patidar,Depak,,Patidar,Dhamnda,,9977405141,,,9977405141,,
Chirakhan dhmend babar,dhmend,,babar,Chirakhan,,6261520710,,,6261520710,,
Khiledi लक्ष्मी नारायण जी!,लक्ष्मी,नारायण,जी!,Khiledi,,9589648419,,,9589648419,,
Okaya Power मध्य प्रदेश,Okaya,Power,मध्य प्रदेश,,,+917518016507,,,+917518016507,,
Baloda Dinesh Girwal,Dinesh,,Girwal,Baloda,,8462942505,7016291755,,8462942505 | 7016291755,,
Ranipura Vikram Patidar,Vikram,,Patidar,Ranipura,,7067133713,,,7067133713,,
Jivan Meghaji,Jivan,,Meghaji,,,7999776920,,,7999776920,,
Badodiya Jiwan Patidar Ghatiwala,Badodiya,Jiwan,Patidar Ghatiwala,,,9893847750,,,9893847750,,
Dasai Gopal Patidar Dasa,Gopal,Patidar,Dasa,Dasai,,9926497585,,,9926497585,,
Khiledi Nilesh Jugad Vala,Nilesh,Jugad,Vala,Khiledi,,+918349931619,,,+918349931619,,
Rajgad Fakri Depal Singh Dattighaw,Fakri,Depal,Singh Dattighaw,Rajgad,Madhya Pradesh  India,+917049959259,,,+917049959259,,
Bidwal Rajaram Sonaleeka,Rajaram,,Sonaleeka,Bidwal,,+919926653503,,,+919926653503,,
Dasai Punam Sudeep Minare,Punam,Sudeep,Minare,Dasai,,+919893819954,,,+919893819954,,
Rekha Di,Rekha,,Di,,,8107440267,,,8107440267,,
Pune वायरिंग हार्नेस कैनेटर,Pune,वायरिंग,हार्नेस कैनेटर,,,+919011012156,,,+919011012156,,
Kadod Kala Ajay Katare,Kala,Ajay,Katare,Kadod,,8959721879,,,8959721879,,
Khiledi Dilip Singh,Dilip,,Singh,Khiledi,,9630783943,,,9630783943,,
Kadod Sumit Giri,Sumit,,Giri,Kadod,,+919755784770,,,+919755784770,,
Kadod Suresh Jaiswal Pump,Suresh,Jaiswal,Pump,Kadod,,+919926967944,,,+919926967944,,
padampura kundan parmar,kundan,,parmar,padampura,,8770784209,,,8770784209,,
Bidwal Maru Ele. dasai Vala,Maru,Ele.,dasai Vala,Bidwal,,+919302046050,,,+919302046050,,
Takrva Tarod Delip,Takrva,Tarod,Delip,,,+919893859079,,,+919893859079,,
Indore Manish Ji Pandeyji,Manish,Ji,Pandeyji,Indore,Madhya Pradesh  India,+918770135168,,,+918770135168,,
Dasai manish rathor,manish,,rathor,Dasai,,7869863777,,,7869863777,,
baloda govind revateya,govind,,revateya,baloda,,9993088156,,,9993088156,,
takravda ratan,takravda,,ratan,,,7747037686,,,7747037686,,
Badnagar Battery Alia Khan,Badnagar,Battery,Alia Khan,,,+919301673540,,,+919301673540,,
Dasai Arjun Chodri,Arjun,,Chodri,Dasai,,+918085123217,,,+918085123217,,
Dasai Jatin Kumawat J M.k.,Jatin,Kumawat,J M.k.,Dasai,,+919770537248,,,+919770537248,,
Dasai Smill Sister,Smill,,Sister,Dasai,,+917354573683,,,+917354573683,,
ddddddddddd,ddddddddddd,,,,,7697344558,,,7697344558,,
Bosch Battery Metun Je,Bosch,Battery,Metun Je,,,9669324214,,,9669324214,,
Dantoli Lokesh Muleva,Lokesh,,Muleva,Dantoli,,6264186217,,,6264186217,,
Susare Sageta Mose,Susare,Sageta,Mose,,Madhya Pradesh  India,+917697981738,,,+917697981738,,
Bhopal Frb coolar,Frb,,coolar,Bhopal,,9113172421,,,9113172421,,
kadod barat,kadod,,barat,,,9754710712,,,9754710712,,
Dasai Aarif,Dasai,,Aarif,,,9981855732,,,9981855732,,
Dasai Ganesh Mistreee,Ganesh,,Mistreee,Dasai,,+919770921529,,,+919770921529,,
Shree Ram Auto Patas Nagda,Shree,Ram,Auto Patas Nagda,,,9752784754,,,9752784754,,
बालों जितेंद्र पाटीदार।,बालों,जितेंद्र,पाटीदार।,,,9993688250,,,9993688250,,
Khiledi ravindr sing goyal,ravindr,sing,goyal,Khiledi,,9179364020,,,9179364020,,
Nagur Mahesh Ji Patidar Mantri,Nagur,Mahesh,Ji Patidar Mantri,,,9630173221,,,9630173221,,
Kutpala Pavan Kumavt,Pavan,,Kumavt,Kutpala,,9926032819,,,9926032819,,
Dasai Delip Jaggaji,Delip,,Jaggaji,Dasai,,+919074359656,,,+919074359656,,
Baloda Dinesh Patidar,Dinesh,,Patidar,Baloda,,9893375093,,,9893375093,,
Kod Anil Patidar,Anil,,Patidar,Kod,,+919926855314,,,+919926855314,,
Balod parkash,Balod,,parkash,,,9575124040,,,9575124040,,
Pana Suresh Powartek,Suresh,,Powartek,Pana,Madhya Pradesh  India,+917389393213,,,+917389393213,,
Abhi Redy,Abhi,,Redy,,,+917981086957,,,+917981086957,,
Dhamanda jeevan sing,jeevan,,sing,Dhamanda,,+919754828902,,,+919754828902,,
Ghatoda Premsingh,Ghatoda,,Premsingh,,,9340649817,,,9340649817,,
Okaya Akhand Sir Ji,Okaya,Akhand,Sir Ji,,,+919826904008,,,+919826904008,,
Dasai Santosh Maru,Santosh,,Maru,Dasai,,9993666184,,,9993666184,,
New Dea,New,,Dea,,,+917696767777,,,+917696767777,,
Led Light Deli,Led,Light,Deli,,,+917696767777,,,+917696767777,,
Dhaka Tent Cooler,Dhaka,Tent,Cooler,,,9680741405,,,9680741405,,
Kupala Goshala,Kupala,,Goshala,,,7354402026,,,7354402026,,
Badwani shankar patidar,shankar,,patidar,Badwani,,+919993449482,,,+919993449482,,
Kanardi N Patidar,Kanardi,N,Patidar,,,8223077530,,,8223077530,,
"Ranka Tent Suppliers, Indore ( M.P.)",Ranka,Tent,"Suppliers, Indore ( M.P.)",,,+918889990786,,,+918889990786,,"Ranka Tent Suppliers, Indore ( M.P.)"
Takravda Chandel Sir,Chandel,,Sir,Takravda,,+919981868982,,,+919981868982,,
Indore Dhakad Trasoprt,Dhakad,,Trasoprt,Indore,,7354229735,,,7354229735,,
Dasai Shuresh Patidar Mander,Shuresh,Patidar,Mander,Dasai,,9993447215,,,9993447215,,
Bhopal Frb Tent Cooler,Frb,Tent,Cooler,Bhopal,,8349608317,,,8349608317,,
bidwal jayash margla,jayash,,margla,bidwal,,8085807137,,,8085807137,,
Dasai Shayam Patidar Ren,Shayam,Patidar,Ren,Dasai,,7389648801,,,7389648801,,
Kadmal Aanchal,Kadmal,,Aanchal,,,+917049859721,,,+917049859721,,
Kadod Ramchan Foto Garf,Ramchan,Foto,Garf,Kadod,,+919993106422,,,+919993106422,,
Dhar Ratek Jen,Ratek,,Jen,Dhar,,9893210607,,,9893210607,,
Dasai Ravi Kumar Jhala,Ravi,Kumar,Jhala,Dasai,,+919589542643,,,+919589542643,,
Dasai jitenr patidar,jitenr,,patidar,Dasai,,9752355069,,,9752355069,,
Bidval V. Patidar,Bidval,V.,Patidar,,,9685766122,,,9685766122,,
Dasai Anil Tapara,Anil,,Tapara,Dasai,,9713340025,,,9713340025,,
baloda subhm patidar,subhm,,patidar,baloda,,6266500067,,,6266500067,,
Dasai Rajesh Parmar,Rajesh,,Parmar,Dasai,,+917898523793,,,+917898523793,,
Pana Devendra Sih,Devendra,,Sih,Pana,,6266973553,,,6266973553,,
Bidwal Srawan Patidar,Srawan,,Patidar,Bidwal,,9669749075,,,9669749075,,
Ralamandal Sudip Sisodiya,Sudip,,Sisodiya,Ralamandal,,9893637174,,,9893637174,,
Dasai Isvar Patel,Isvar,,Patel,Dasai,,+919755374772,,,+919755374772,,
Dasai Bhadri Bhut,Bhadri,,Bhut,Dasai,Madhya Pradesh  India,+919755417573,,,+919755417573,,
Kutpala Kiran Maru,Kiran,,Maru,Kutpala,Madhya Pradesh  India,+918643004227,,,+918643004227,,
Sagwal Jivan Sir,Jivan,,Sir,Sagwal,,+919893265093,,,+919893265093,,
Dud deri ralamandal,Dud,deri,ralamandal,,,9755932818,,,9755932818,,
Ledgav Sonalika Tracter Jen,Sonalika,Tracter,Jen,Ledgav,,+917354820296,,,+917354820296,,
Marg Sapteweyar,Marg,,Sapteweyar,,,+919926992816,,,+919926992816,,
Chateya Arjun Patel,Chateya,Arjun,Patel,,Madhya Pradesh  India,+919755734594,,,+919755734594,,
Lasudey Sunel Bheya,Lasudey,Sunel,Bheya,,,+918959522376,,,+918959522376,,
dasai pankaj misrelal,pankaj,,misrelal,dasai,,8349875838,,,8349875838,,
Exide Sarviss,Exide,,Sarviss,,,+918889644454,,,+918889644454,,
Dasai Vijay Dhanaji,Vijay,,Dhanaji,Dasai,,+918959294595,,,+918959294595,,
bharvada vijay revateya,vijay,,revateya,bharvada,,9977504569,,,9977504569,,
Baloda Mahesh Patidar,Mahesh,,Patidar,Baloda,,9691008356,,,9691008356,,
panch mukhi prakash patidar,panch,mukhi,prakash patidar,,,9893125316,,,9893125316,,
Addd,Addd,,,,,8107708526,,,8107708526,,
Utavda Rahul Patider,Rahul,,Patider,Utavda,,+919630925278,,,+919630925278,,
Pana Fata Mahesh Rathore,Fata,Mahesh,Rathore,Pana,,+918349874076,,,+918349874076,,
Hareyana Usb Boxl,Hareyana,Usb,Boxl,,,9815831378,,,9815831378,,
Kadod Mahendra Patidar,Mahendra,,Patidar,Kadod,,8105373193,,,8105373193,,
Dattigara Krishnadas,Dattigara,,Krishnadas,,,+917000309228,,,+917000309228,,
Tracter Jali Or Margat,Tracter,Jali,Or Margat,,,+919917454758,,,+919917454758,,
Khiledi Madusudn New Holend,Madusudn,New,Holend,Khiledi,,9993998154,,,9993998154,,
Lasudey Brithar,Lasudey,,Brithar,,Madhya Pradesh  India,+919109546576,,,+919109546576,,
Indore Bord Vale Bheya,Bord,Vale,Bheya,Indore,,+919926397893,,,+919926397893,,
Vijay M Tek Mansor,Vijay,M,Tek Mansor,,,+917898075998,,,+917898075998,,
patidarr62,patidarr62,,,,,+917000064293,,,+917000064293,,
Nimbol Rajendra Mukti,Rajendra,,Mukti,Nimbol,,+919685346484,,,+919685346484,,
Baloda Charan Patel Farmtek,Charan,Patel,Farmtek,Baloda,,9893354426,,,9893354426,,
Dasai Amjed Pekhp,Amjed,,Pekhp,Dasai,,9893931404,,,9893931404,,
Bidwal Prakas Servi,Prakas,,Servi,Bidwal,,+916263271110,,,+916263271110,,
Bidwal Prakas Servi 2,Prakas,Servi,2,Bidwal,,+918817121336,,,+918817121336,,
Dasai Reteshghat,Dasai,,Reteshghat,,,+916260210951,,,+916260210951,,
DasaivGhansham ji sosaete,DasaivGhansham,ji,sosaete,,,+919981417132,,,+919981417132,,
Indore Natwarlal,Indore,,Natwarlal,,,9425318154,,,9425318154,,
dasai raju patidar khadi,raju,patidar,khadi,dasai,,+919926494063,,,+919926494063,,
Nalawda Mohit Samji,Nalawda,Mohit,Samji,,,7987412258,,,7987412258,,
Indore PIYUSH ARORA,PIYUSH,,ARORA,Indore,,+919926064262,,,+919926064262,,
Kesarpura Sachin Patidar,Sachin,,Patidar,Kesarpura,,7389383625,,,7389383625,,
Fuledi Gopal Patider Harvester,Gopal,Patider,Harvester,Fuledi,,9893681757,,,9893681757,,
Dasai Kamal Prajapat,Kamal,,Prajapat,Dasai,,+919893254812,,,+919893254812,,
Dasai Deepak Valasheva Big,Deepak,Valasheva,Big,Dasai,,8085631078,,,8085631078,,
khiledi yadav prajapt,yadav,,prajapt,khiledi,,9893168565,,,9893168565,,
Rajesthan mahavir,Rajesthan,,mahavir,,,7568775711,,,7568775711,,
Dasai Gopal Patidar,Gopal,,Patidar,Dasai,,9993102416,,,9993102416,,
Sunny Jain,Sunny,,Jain,,,+917000581662,,,+917000581662,,
Ooo,Ooo,,,,,9074697923,,,9074697923,,
Dasai Nilesh Bhopa Gagajleya,Nilesh,Bhopa,Gagajleya,Dasai,,+919179493812,,,+919179493812,,
Bidwal Sudhir,Bidwal,,Sudhir,,,+919691735400,,,+919691735400,,
Kod Ravi Patidar,Ravi,,Patidar,Kod,,9993822788,,,9993822788,,
Choteyabalod Anil Esaysar,Choteyabalod,Anil,Esaysar,,,+919993339674,,,+919993339674,,
Wayring Harness Harness YAgami,Wayring,Harness,Harness YAgami,,,+919650756829,,,+919650756829,,
"Dasai Visali, V","Visali,",,V,Dasai,,9589244390,,,9589244390,,
Khelide Shubham Khiledi,Khelide,Shubham,Khiledi,,Madhya Pradesh  India,+917974078250,,,+917974078250,,
Ratsnpura Darbar Tent House,Ratsnpura,Darbar,Tent House,,,9755569247,,,9755569247,,
Soneya Khedi Suresh Patel Jio,Soneya,Khedi,Suresh Patel Jio,,,+919770430534,,,+919770430534,,
Fuledi Dhashrth Sing,Dhashrth,,Sing,Fuledi,,9993356255,,,9993356255,,
Fuledi Bunti Banna Darbar,Bunti,Banna,Darbar,Fuledi,,+919589927102,,,+919589927102,,
Dasai Ravi Bhut,Ravi,,Bhut,Dasai,,+919981561337,,,+919981561337,,
Daaai Suresh Patidar (Bhut),Daaai,Suresh,Patidar (Bhut),,,+919893125364,,,+919893125364,,
Khiledi Manish Patidar Tent House,Manish,Patidar,Tent House,Khiledi,,6260581840,,,6260581840,,
Dasai Shubham Patel,Shubham,,Patel,Dasai,,9685066578,,,9685066578,,
Kadod Bhart Jaywal  Tent House Jaisawal,Bhart,Jaywal,Tent House Jaisawal,Kadod,,+919981085066,,,+919981085066,,
dasai pavan parmar drayvar,pavan,parmar,drayvar,dasai,,+916261425484,,,+916261425484,,
Dasai Lakhan Beragei,Lakhan,,Beragei,Dasai,,8085150625,8319886556,,8085150625 | 8319886556,,
Sagwal Shawan Dubey Eesar Petr,Shawan,Dubey,Eesar Petr,Sagwal,,+919827525577,,,+919827525577,,
baloda babu sing,babu,,sing,baloda,,8817252163,,,8817252163,,
Ralamandal kelash chodri,kelash,,chodri,Ralamandal,,9752220993,,,9752220993,,
Dasai Jivan Bhemane Ghar,Jivan,Bhemane,Ghar,Dasai,,+918827957226,,,+918827957226,,
Dasai Jitendra Jagaaji,Jitendra,,Jagaaji,Dasai,,+919131007632,,,+919131007632,,
denesh bavlapada,denesh,,bavlapada,,,7898359312,,,7898359312,,
Inodre Solince Battery,Inodre,Solince,Battery,,,+918770763427,,,+918770763427,,
Dasai Mahadev Patel,Mahadev,,Patel,Dasai,,+918349545417,,,+918349545417,,
Rajpura Vasudev Darbar,Vasudev,,Darbar,Rajpura,,9630702808,,,9630702808,,
Netram Grafix,Netram,,Grafix,,,+919340157765,,,+919340157765,,
Kadod Anil Ji,Anil,,Ji,Kadod,,9752470417,,,9752470417,,
Dasai Vinod Patidar Kodalachaman,Vinod,Patidar,Kodalachaman,Dasai,Madhya Pradesh  India,+919981620894,,,+919981620894,,
Morgav Dheren Rajput Jcb 3dx,Dheren,Rajput,Jcb 3dx,Morgav,,+917024020743,,,+917024020743,,
NJ Sound Speyar,NJ,Sound,Speyar,,,9830359215,,,9830359215,,
Dasai Keshav Shaymbhanej,Keshav,,Shaymbhanej,Dasai,,+917898629253,,,+917898629253,,
Mulachan patidat cho balod,Mulachan,patidat,cho balod,,,9754825570,,,9754825570,,
mukesh nagoreya,mukesh,,nagoreya,,,9926218261,,,9926218261,,
Fuledi Sardarsingh Rathor,Sardarsingh,,Rathor,Fuledi,,6260802506,,,6260802506,,
Dasai Goluraja Rathod 1,Goluraja,Rathod,1,Dasai,Madhya Pradesh  India,+918827141888,,,+918827141888,,
Dhar Nandkoishor Chohan,Nandkoishor,,Chohan,Dhar,,9826570532,,,9826570532,,
Indore Amze Battery,Amze,,Battery,Indore,,+917773877782,,,+917773877782,,
chirakhan sairaj,chirakhan,,sairaj,,,7804949965,,,7804949965,,
Tarod vikrm,Tarod,,vikrm,,,6264941849,,,6264941849,,
Dasai Manish gagaleya,Manish,,gagaleya,Dasai,,+919630716528,+917999843557,,+919630716528 | +917999843557,,
Livgurad Invetar Repeyar,Invetar,,Repeyar,Livgurad,,+917566155771,,,+917566155771,,
Dhamnda Vahid Khan Car M. k,Vahid,Khan,Car M. k,Dhamnda,,9179555573,,,9179555573,,
Yo Yo Sarkar,Yo,Yo,Sarkar,,,+918889450739,,,+918889450739,,Yo Yo Sarkar
bidwal elit school,elit,,school,bidwal,,6261953192,,,6261953192,,
दसाई विकास परमार।,दसाई,विकास,परमार।,,,7987182495,,,7987182495,,
Dasai Nilesh Picap,Nilesh,,Picap,Dasai,,+919111749853,,,+919111749853,,
Takrawda Niranjan Kamdar,Niranjan,,Kamdar,Takrawda,,7898546255,,,7898546255,,
Kod Fotografar,Kod,,Fotografar,,,+919685266472,,,+919685266472,,
Dasai Amit Mandir,Amit,,Mandir,Dasai,,+918085145551,,,+918085145551,,
Teju,Teju,,,,,+919893610421,,,+919893610421,,
Vinayk Tent Coolar Frb,Vinayk,Tent,Coolar Frb,,,7970162847,,,7970162847,,
Indore Raj Cooler Home,Raj,Cooler,Home,Indore,,9826032640,,,9826032640,,
Lohari Prem Singh,Prem,,Singh,Lohari,,9826225180,,,9826225180,,
Baloda Rahul Revateya,Rahul,,Revateya,Baloda,,+917987018541,+919755065825,,+917987018541 | +919755065825,,
Indore Auto Sarviss Vishnu Parihar,Auto,Sarviss,Vishnu Parihar,Indore,,+917049554454,,,+917049554454,,
kadod lachman patidar,lachman,,patidar,kadod,,9981147246,,,9981147246,,
Pethampur Tata Battery,Pethampur,Tata,Battery,,,8982730087,,,8982730087,,
Dasai Pankaj Beragi Bajaj Fayness,Pankaj,Beragi,Bajaj Fayness,Dasai,,8602842474,,,8602842474,,
Barmandal Naman Kumavat Light Sound Tent,Naman,Kumavat,Light Sound Tent,Barmandal,,+919144643495,,,+919144643495,,
shivam gamad,shivam,,gamad,,,9399166726,,,9399166726,,
Driver Nilesh N,Driver,Nilesh,N,,,+919977621155,,,+919977621155,,
Ravi Graphicess,Ravi,,Graphicess,,,+919889467140,8273811272,,+919889467140 | 8273811272,,
jalodeya rameshvar patidar,jalodeya,rameshvar,patidar,,,9752830745,,,9752830745,,
Davelal,Davelal,,,,,+919414468438,,,+919414468438,,
Dasai Narayan Patidat,Narayan,,Patidat,Dasai,,9685765647,,,9685765647,,
Padampura Jagdish Ninama,Jagdish,,Ninama,Padampura,,7828649979,7691932137,,7828649979 | 7691932137,,
Bani Khutpala Jagdish Jimaru,Bani,Khutpala,Jagdish Jimaru,,,9977481985,,,9977481985,,
Dasai Rajesh Bhut,Rajesh,,Bhut,Dasai,Madhya Pradesh  India,+917987304007,,,+917987304007,,
Easy Tractor Parts Faridabad,Easy,Tractor,Parts Faridabad,,,+918377880037,,,+918377880037,,
Dasai Jiwan Patidar,Jiwan,,Patidar,Dasai,,9993055623,,,9993055623,,
Jada 2,Jada,,2,,,+917803073634,,,+917803073634,,
Ralamandal Ghanshyam Ghanshyam Umarwal,Ghanshyam,Ghanshyam,Umarwal,Ralamandal,,+918827956746,,,+918827956746,,
Padmpura Manish Je Raguvnshi,Manish,Je,Raguvnshi,Padmpura,Madhya Pradesh  India,+917000460090,,,+917000460090,,
Dasai Manish Raghuvanshi,Manish,,Raghuvanshi,Dasai,,+919826734650,,,+919826734650,,
Jivan Redio Dharad Kuldeep,Redio,Dharad,Kuldeep,Jivan,,+919754360941,,,+919754360941,,
Radeshyam cho balod,Radeshyam,cho,balod,,,9630112675,,,9630112675,,
Tandakheda Nilesh Katara,Nilesh,,Katara,Tandakheda,,6263598026,,,6263598026,,
Harness,Harness,,,,,9911069000,,,9911069000,,
Ujjen Tessla Battery,Tessla,,Battery,Ujjen,,+918989697362,,,+918989697362,,
Gajnod Balaji Tent House,Gajnod,Balaji,Tent House,,,9630584500,,,9630584500,,
Maksche Kanarde Esvar Patidar,Maksche,Kanarde,Esvar Patidar,,,9826532775,,,9826532775,,
Dasai Sunil Prajapat Repying Home Applay,Sunil,Prajapat,Repying Home Applay,Dasai,,8120668912,,,8120668912,,
Ranipura Sawan Tarodiya,Sawan,,Tarodiya,Ranipura,,9754061133,,,9754061133,,
Vevek Bhatra,Vevek,,Bhatra,,,918433184350,,,918433184350,,
Morgav Hari Om Patidar,Hari,Om,Patidar,Morgav,,7869492658,,,7869492658,,
Dasai amart lal patidar,amart,lal,patidar,Dasai,,9589386839,,,9589386839,,
Seloda Devrndra Sing Tent Light,Devrndra,Sing,Tent Light,Seloda,,7089215703,,,7089215703,,
Ratlam Lokesh Mega Auto Patas,Lokesh,Mega,Auto Patas,Ratlam,,+917724981875,,,+917724981875,,
Ledgav Kuldeep Chohan,Kuldeep,,Chohan,Ledgav,Madhya Pradesh  India,+916266084940,,,+916266084940,,
Tansa Vijay Thakur,Tansa,Vijay,Thakur,,,9644136096,,,9644136096,,
Dinesh. Fkg,Dinesh.,,Fkg,,,+919950609075,,,+919950609075,,
Dasai Deepak Kabadi,Deepak,,Kabadi,Dasai,,9074400310,+919074400310,,9074400310 | +919074400310,,
Kukshi Maa Sumiya,Kukshi,Maa,Sumiya,,,9589226158,,,9589226158,,
nisrpur mosaji,nisrpur,,mosaji,,,9131162818,,,9131162818,,
Baloda Sabdep Revateya!,Sabdep,,Revateya!,Baloda,,7898356152,,,7898356152,,
Indore Krisna Battery,Krisna,,Battery,Indore,,+919926012005,9893030550,,+919926012005 | 9893030550,,
Ujjen Raj Ac,Raj,,Ac,Ujjen,,+919993061551,,,+919993061551,,
Indore Murtaza Jaker Ele,Murtaza,Jaker,Ele,Indore,,9752586152,,,9752586152,,
Dasai Khamchan Bhalod,Khamchan,,Bhalod,Dasai,,9993124293,,,9993124293,,
khemchan bhalod dasai,khemchan,bhalod,dasai,,,7987010789,,,7987010789,,
Balod kelash,Balod,,kelash,,,9755301354,,,9755301354,,
Delhi Aashi Harness,Aashi,,Harness,Delhi,,09953002122,,,09953002122,,
Rahul kumavat khutpala,Rahul,kumavat,khutpala,,,9575012755,,,9575012755,,
Dasai Shayam Prajapat,Shayam,,Prajapat,Dasai,,+916264909797,,,+916264909797,,
Kanvan Selu Jayswal Tent House,Selu,Jayswal,Tent House,Kanvan,,9074724312,,,9074724312,,
dasai ritesh modi,ritesh,,modi,dasai,,9993356268,,,9993356268,,
Bidwal Vinod Patidar,Vinod,,Patidar,Bidwal,,9685289092,,,9685289092,,
lohari gaju darbar,gaju,,darbar,lohari,,9893627326,,,9893627326,,
Indore Paras Datvani,Paras,,Datvani,Indore,,09893948237,,,09893948237,,
Dhar Sonu Battery,Sonu,,Battery,Dhar,,+918889188136,,,+918889188136,,
Dasai Mukesh Patidar Ren,Mukesh,Patidar,Ren,Dasai,,+919977783210,,,+919977783210,,
Rahul Sir,Rahul,,Sir,,,+917770950912,,,+917770950912,,
Indore Novamax Cooler,Novamax,,Cooler,Indore,,9329211375,,,9329211375,,
Rahul Akodiya,Rahul,,Akodiya,,,+918982461268,,,+918982461268,,
Dasai uday parmar,uday,,parmar,Dasai,,+919993124309,,,+919993124309,,
Bhrawda Lakhan Singh,Bhrawda,Lakhan,Singh,,,9993124068,,,9993124068,,
indore sunil panchal,sunil,,panchal,indore,,9826685560,,,9826685560,,
Barmandal Jitendra Maru,Jitendra,,Maru,Barmandal,,8269632536,,,8269632536,,
Dasai Krisna Prajapat,Krisna,,Prajapat,Dasai,,+918085818596,,,+918085818596,,
Exide Bick Battery Shekhar Sen,Exide,Bick,Battery Shekhar Sen,,,+919589670911,,,+919589670911,,
khilde kalu singji,khilde,kalu,singji,,,9893759942,,,9893759942,,
Ratan jayntimata,Ratan,,jayntimata,,,7440897752,,,7440897752,,
Caplar,Caplar,,,,,8447255220,,,8447255220,,
Rahul Patil Okaya Sarves Teme,Rahul,Patil,Okaya Sarves Teme,,,7999082210,,,7999082210,,
Dhar Tent Coolar,Tent,,Coolar,Dhar,,+917354980111,,,+917354980111,,
Dasai Ravi Valasheva Big,Ravi,Valasheva,Big,Dasai,,+919179300546,,,+919179300546,,
Dhar Sakir Raja,Sakir,,Raja,Dhar,,9009816088,,,9009816088,,
Gatoda Raghu 735,Raghu,,735,Gatoda,,+918435622253,,,+918435622253,,
Bambori Jeju,Bambori,,Jeju,,,9617007362,,,9617007362,,
Battery Skrep Asif Ayyub,Skrep,Asif,Ayyub,Battery,,+919009415121,,,+919009415121,,
Rajgad Murtja Raj Auto Parts,Murtja,Raj,Auto Parts,Rajgad,,+918871165352,,,+918871165352,,
Pradeep Trasport,Pradeep,,Trasport,,,9675841414,,,9675841414,,
Dasai Nilesh Bhopa,Nilesh,,Bhopa,Dasai,,+916263288052,,,+916263288052,,
dasai harshit jen,harshit,,jen,dasai,,9584039417,,,9584039417,,
Dasai Pentu Seta,Pentu,,Seta,Dasai,,9993570482,,,9993570482,,
lohari kuldeep raguvanshi,kuldeep,,raguvanshi,lohari,,9893361195,,,9893361195,,
Shergad Cemleya School,Shergad,Cemleya,School,,,+917089242114,,,+917089242114,,
dasai yogendar shig sar,yogendar,shig,sar,dasai,,9754776899,+919754776899,,9754776899 | +919754776899,,
Dantoli Arjun Singh,Arjun,,Singh,Dantoli,,9826234507,,,9826234507,,
Baloda Mestre,Baloda,,Mestre,,,8889184931,,,8889184931,,
Delhi Cooler Tushar Chhabra,Cooler,Tushar,Chhabra,Delhi,,+918447376264,,,+918447376264,,
Fuledi Sri Ram Mandir,Sri,Ram,Mandir,Fuledi,,9131950750,,,9131950750,,
Kutpala Jamak Shree Kar,Jamak,Shree,Kar,Kutpala,,9159994729,,,9159994729,,
Panda Radheshyam Yadav,Panda,Radheshyam,Yadav,,,8889721783,,,8889721783,,
Indore Torent,Indore,,Torent,,,+919425064256,,,+919425064256,,
Magod Hindustan Enjenereing,Hindustan,,Enjenereing,Magod,Madhya Pradesh  India,+919893631860,,,+919893631860,,
Bharavda Sandeep Hada Petrol Pump,Sandeep,Hada,Petrol Pump,Bharavda,,09753366313,,,09753366313,,
Chiralhan Shaym Tufan,Chiralhan,Shaym,Tufan,,Madhya Pradesh  India,+917697208350,,,+917697208350,,
Niten Sensar,Niten,,Sensar,,,+919725940605,,,+919725940605,,
Baloda Sanjay Revateya Eskat,Sanjay,Revateya,Eskat,Baloda,,6266338697,,,6266338697,,
Fuledi Rakesh Patidar,Rakesh,,Patidar,Fuledi,,9752436004,,,9752436004,,
Khutpala Sriram Srikar,Sriram,,Srikar,Khutpala,,9685365455,,,9685365455,,
Bandedi Shubham Tent House,Shubham,Tent,House,Bandedi,,8839501547,,,8839501547,,
Akoda Banesing Swaraj 855,Banesing,Swaraj,855,Akoda,,9993250799,,,9993250799,,
Baloda Ashok Patidar,Ashok,,Patidar,Baloda,,7067891097,,,7067891097,,
dolana lalit,dolana,,lalit,,,9993553005,,,9993553005,,
Ingeshe Swich,Ingeshe,,Swich,,,+919967962697,,,+919967962697,,
tandakheda jalm sing,jalm,,sing,tandakheda,,9630978165,,,9630978165,,
Kadod Jitu Light Dekoreshan,Jitu,Light,Dekoreshan,Kadod,,9752470763,,,9752470763,,
Aahu Krishna Kant Mukati,Aahu,Krishna,Kant Mukati,,Madhya Pradesh  India,+919755866658,,,+919755866658,,
Jawad Frb Cooler,Jawad,Frb,Cooler,,,+919425975743,,,+919425975743,,
khiledi vinod khokar,vinod,,khokar,khiledi,,9752294559,,,9752294559,,
Wall Peint,Wall,,Peint,,,7828288023,,,7828288023,,
vishvkarma dasai,vishvkarma,,dasai,,,9754077622,,,9754077622,,
Dr ar mandal dasai,Dr,ar,mandal dasai,,,9893966403,,,9893966403,,
Amit Yadav,Amit,,Yadav,,,8889055574,,,8889055574,,
Khilede Rakesh Jen Tent House,Rakesh,Jen,Tent House,Khilede,,9977515267,,,9977515267,,
Kanvan Jitu Light Dekoreshan,Jitu,Light,Dekoreshan,Kanvan,,9893325666,,,9893325666,,
Ranipura Rajendra Daima,Rajendra,,Daima,Ranipura,,9644593790,,,9644593790,,
Tanda Kheda Bhuralal Gamar,Kheda,Bhuralal,Gamar,Tanda,,6260604934,9691801543,,6260604934 | 9691801543,,
Microtek Rakesh Prajapati,Microtek,Rakesh,Prajapati,,,+919993195997,,,+919993195997,,
microtek rakesh prajapat,microtek,rakesh,prajapat,,,+9199931959972,4,,+9199931959972 | 4,,
Dhamnda दीपक पाटीदार।,दीपक,,पाटीदार।,Dhamnda,,9179273308,,,9179273308,,
Baloda Omkarlal Chohan,Omkarlal,,Chohan,Baloda,,9111965835,,,9111965835,,
Dasai Delep Suleya,Delep,,Suleya,Dasai,,9893818801,,,9893818801,,
Punam Devi,Punam,,Devi,,Uttar Prades  India,+917379267840,,,+917379267840,,
Bidwal manoj patidar,manoj,,patidar,Bidwal,,9685795146,+919685795146,,9685795146 | +919685795146,,
Khilede Sanju Khokhar,Sanju,,Khokhar,Khilede,,9993982884,,,9993982884,,
Ghatoda Kundan,Ghatoda,,Kundan,,,9575808208,,,9575808208,,
Dasai chganlal mukati,chganlal,,mukati,Dasai,,9893753670,,,9893753670,,
kapastal Kantilal Bhuriya,Kantilal,,Bhuriya,kapastal,,7697708474,,,7697708474,,
Poster Dejaner,Poster,,Dejaner,,,8821073028,,,8821073028,,
Dasai Gopal Bhalod,Gopal,,Bhalod,Dasai,,+919893205166,,,+919893205166,,
Takrawda Rohit Patidar,Rohit,,Patidar,Takrawda,,8889177526,,,8889177526,,
Jk Jk,Jk,,Jk,,Madhya Pradesh  India,+919669009669,,,+919669009669,,
Okaya Gorav,Okaya,,Gorav,,,+919131381694,,,+919131381694,,
Dasai Lala Chokedar,Lala,,Chokedar,Dasai,,+919893938612,,,+919893938612,,
Igness Swich,Igness,,Swich,,,9844091547,,,9844091547,,
Dasai Lalit Khadki,Lalit,,Khadki,Dasai,,+919755953880,,,+919755953880,,
Cooler Peten Master,Cooler,Peten,Master,,,9346934544,9701466478,,9346934544 | 9701466478,,
Padmpura Parmand Maru Sonaleka,Parmand,Maru,Sonaleka,Padmpura,Madhya Pradesh  India,+919165841174,9926626382,,+919165841174 | 9926626382,,
Dasai Aarti Toran Darvaja,Aarti,Toran,Darvaja,Dasai,,+917024645462,,,+917024645462,,
Durgesh Ghatoda 2,Ghatoda,,2,Durgesh,,8319076499,,,8319076499,,
Kadod Vinod Dhakad,Vinod,,Dhakad,Kadod,,+919179711734,,,+919179711734,,
Dasai Nilesh Parmar,Nilesh,,Parmar,Dasai,,9893607451,,,9893607451,,
Indore Rek 1,Rek,,1,Indore,,+919669793853,,,+919669793853,,
Dasai Rahul Patel,Rahul,,Patel,Dasai,,+918085035032,,,+918085035032,,
Rajgad Fakri Mufdal,Fakri,,Mufdal,Rajgad,,+919981255253,,,+919981255253,,
Dasai Vijay Drivar,Vijay,,Drivar,Dasai,,+919617531962,,,+919617531962,,
dasai gopal hirateja,gopal,,hirateja,dasai,,6268535200,,,6268535200,,
Ratlam Shree Ram Agency And Distributor,Shree,Ram,Agency And Distributor,Ratlam,,+919713045556,,,+919713045556,,
Dasai Chotu Drivar,Chotu,,Drivar,Dasai,,7974747677,,,7974747677,,
Siloda Madan Jaiswal,Madan,,Jaiswal,Siloda,,9993982782,,,9993982782,,
AahuLakhan Gosawami Tent Houae,AahuLakhan,Gosawami,Tent Houae,,,+918349974514,,,+918349974514,,
pana rahul ninama,rahul,,ninama,pana,,8827959312,,,8827959312,,
Khiledi Jitendra Patidar,Jitendra,,Patidar,Khiledi,,7000759875,,,7000759875,,
Khakhide Sachin Devda,Khakhide,Sachin,Devda,,,+917471171318,,,+917471171318,,
Exide Indore Akshay Parashar,Exide,Indore,Akshay Parashar,,,+919630712131,,,+919630712131,,
Dhar Coolar,Dhar,,Coolar,,,9685635143,,,9685635143,,
Barmandal Navrang Tent House,Navrang,Tent,House,Barmandal,,9009091372,,,9009091372,,
Mosar Jija,Mosar,,Jija,,,9232522483,,,9232522483,,
Chirakhan Rajesh Patidar,Rajesh,,Patidar,Chirakhan,,9893506729,,,9893506729,,
Ralamndal Vikram Mandloi,Vikram,,Mandloi,Ralamndal,,7610775329,,,7610775329,,
fulidi raguvirsing,fulidi,,raguvirsing,,,7869345095,,,7869345095,,
Koda Berage,Koda,,Berage,,,+919981371777,,,+919981371777,,
Dasai Santu Khadi,Santu,,Khadi,Dasai,Madhya Pradesh  India,+919993170030,,,+919993170030,,
ranipura nand kishor patidar,nand,kishor,patidar,ranipura,,9981684546,,,9981684546,,
Tara Bhabhi,Tara,,Bhabhi,,,+918890175673,,,+918890175673,,
Dasai Badri Khadi,Badri,,Khadi,Dasai,,9893301641,,,9893301641,,
Dasai Sandeep Pana,Sandeep,,Pana,Dasai,,9981620844,,,9981620844,,
Bharavda Babalu Bhati Jonder,Babalu,Bhati,Jonder,Bharavda,,+919993108570,,,+919993108570,,
Rajkot Hedrolik House Pipe मशीन,Rajkot,Hedrolik,House Pipe मशीन,,,08866125712,,,08866125712,,
Dasai Bagdiram Solanki,Bagdiram,,Solanki,Dasai,,9131546691,,,9131546691,,
Ujjen Aakash Pathak Panditji,Aakash,Pathak,Panditji,Ujjen,,9399279590,,,9399279590,,
dasai rosan khacroda,rosan,,khacroda,dasai,,9516047761,,,9516047761,,
Utavda Sandep Patidar Johndeer,Sandep,Patidar,Johndeer,Utavda,,9752794555,,,9752794555,,
Takravda Vikas,Takravda,,Vikas,,Madhya Pradesh  India,+917692929176,,,+917692929176,,
balod bavar shig,bavar,,shig,balod,,9893217530,,,9893217530,,
morgav sanjay rajput,sanjay,,rajput,morgav,,9589500483,,,9589500483,,
Takravada Sanjay,Takravada,,Sanjay,,,+919329616373,,,+919329616373,,
Dasai Uvraj Ren,Uvraj,,Ren,Dasai,,+918770024342,,,+918770024342,,
Munnalal Ji Maru,Munnalal,Ji,Maru,,,9977426683,,,9977426683,,
Khakhedi Anil Umarwal,Anil,,Umarwal,Khakhedi,,9981661699,,,9981661699,,
Dasai Amit Auto Patas,Amit,Auto,Patas,Dasai,,+919893682824,9893682824,,+919893682824 | 9893682824,,
Ledgav Ds Patidar,Ds,,Patidar,Ledgav,Madhya Pradesh  India,+919981104211,,,+919981104211,dspatidar04211@gmail.com,
Bhavnagar Rek,Bhavnagar,,Rek,,,9426484301,,,9426484301,,
Dasai Salegram Mandra,Salegram,,Mandra,Dasai,,9993180791,,,9993180791,,
Delhi Harness Canetakar1,Harness,,Canetakar1,Delhi,,9811024877,9999600659,,9811024877 | 9999600659,,
Self Exprise,Self,,Exprise,,,+919009259405,,,+919009259405,,
Khilede Krish Patidar New Holend,Krish,Patidar,New Holend,Khilede,,+919981318435,,,+919981318435,,
Badedi Mahabali dh,Badedi,Mahabali,dh,,,8827209972,,,8827209972,,
New Self Armechar Revaeding,New,Self,Armechar Revaeding,,,9752777449,9926414080,,9752777449 | 9926414080,,
Dasai Vinod Patidar Bhut,Vinod,Patidar,Bhut,Dasai,,+919179282886,,,+919179282886,,
Dasai Bhavarlala Bhalod,Bhavarlala,,Bhalod,Dasai,,+919752640865,,,+919752640865,,
Dasai Jen Ran,Jen,,Ran,Dasai,,9993556277,,,9993556277,,
pana remesh swraj 735,remesh,swraj,735,pana,,9685765537,,,9685765537,,
Haeness Canektar,Haeness,,Canektar,,,+919540139892,,,+919540139892,,
Bidwal Arpit Margala,Arpit,,Margala,Bidwal,,+919589349060,,,+919589349060,,
barmandal go seva sadan,go,seva,sadan,barmandal,,9754813004,,,9754813004,,
Bulging Depak Pavar Sonalika,Bulging,Depak,Pavar Sonalika,,,8120491120,,,8120491120,,
dasai shreekarkerana,dasai,,shreekarkerana,,,9425075504,,,9425075504,,
lolari dipak darbar,lolari,dipak,darbar,,,7697866752,+917697866752,,7697866752 | +917697866752,,
Dasai Ghanshyam Chirakhan,Ghanshyam,,Chirakhan,Dasai,,9893693585,,,9893693585,,
Rajesh Palwada,Rajesh,,Palwada,,,+919630606804,,,+919630606804,,
Kamel Maru,Kamel,,Maru,,,+919993891789,,,+919993891789,,
Dasai Prakas Ji Chodhari,Prakas,Ji,Chodhari,Dasai,,+919424818821,,,+919424818821,,
Soneyskhedi Aasush New Holland,Soneyskhedi,Aasush,New Holland,,,+916263353887,,,+916263353887,,
Nabha Harsh,Nabha,,Harsh,,,9876209003,,,9876209003,,
Rajgad Mustafa Fakri,Mustafa,,Fakri,Rajgad,,+918839935353,,,+918839935353,,
Dasai Urvashi,Dasai,,Urvashi,,,+919098228543,,,+919098228543,,
papu jamtimata,papu,,jamtimata,,,9575165936,,,9575165936,,
Wiring Harness Connector,Wiring,Harness,Connector,,,+919999196748,,,+919999196748,,
Khiledi Shivam Parmar,Shivam,,Parmar,Khiledi,,6267241446,,,6267241446,,
Fuledi Rajvardhan Farmtek 70,Rajvardhan,Farmtek,70,Fuledi,,6265860576,,,6265860576,,
Gatoda Radhaswami Aasram Mahesh Patidar,Radhaswami,Aasram,Mahesh Patidar,Gatoda,,+919399346988,,,+919399346988,,
Indore Selfexpress,Indore,,Selfexpress,,,9303302872,,,9303302872,,
dasai jugal bhut,jugal,,bhut,dasai,,9179713041,,,9179713041,,
Khile Rahul,Khile,,Rahul,,,9630767704,,,9630767704,,
Takravda जयदीप सिंह चंदेल।,जयदीप,सिंह,चंदेल।,Takravda,,8103666185,,,8103666185,,
Hi Pawer Battery,Hi,Pawer,Battery,,,+919977086365,,,+919977086365,,
dasai ritesh bhagaji,ritesh,,bhagaji,dasai,,6261963948,,,6261963948,,
Pana Sanjy Swaraj 735,Sanjy,Swaraj,735,Pana,,7049041836,,,7049041836,,
Dasai Vanseka Foto Editing,Vanseka,Foto,Editing,Dasai,,7869175344,,,7869175344,,
Bidwal Rahul Patidar,Rahul,,Patidar,Bidwal,,9009386921,,,9009386921,,
Khiledi Jitendra Patidar,Jitendra,,Patidar,Khiledi,,7828895200,,,7828895200,,
Kod Mukesh Patidar,Mukesh,,Patidar,Kod,,7470572844,,,7470572844,,
Bidwal dinesh borsaliya,dinesh,,borsaliya,Bidwal,,9981684390,,,9981684390,,
Dasai Anil Ukarr Ji,Anil,Ukarr,Ji,Dasai,,9074507090,,,9074507090,,
Zulevala Vijay,Zulevala,,Vijay,,,+919548810621,,,+919548810621,,
Dasai Pavan Himgaga,Pavan,,Himgaga,Dasai,,+917746080726,,,+917746080726,,
Dasai Help Line,Help,,Line,Dasai,,+919826834533,,,+919826834533,,
Panchmukhi Kailash Patidar,Kailash,,Patidar,Panchmukhi,,9399216632,,,9399216632,,
Khakhedi Bharat Singh Dangaya,Bharat,Singh,Dangaya,Khakhedi,,9893709613,,,9893709613,,
G Guruje 1,G,Guruje,1,,,9826380309,,,9826380309,,
Baloda rohit patidar,rohit,,patidar,Baloda,,9977733927,,,9977733927,,
Barmakhedi Bharat Meda Tent House,Barmakhedi,Bharat,Meda Tent House,,,+919575166091,,,+919575166091,,
Dasai Naren Mukati,Naren,,Mukati,Dasai,,9893619060,,,9893619060,,
Anil patidar,Anil,,patidar,,,6268526839,,,6268526839,,
Tracter Patas Eszy,Tracter,Patas,Eszy,,,9650799833,,,9650799833,,
Kesarpura Narayan Patidar,Narayan,,Patidar,Kesarpura,,9755804276,,,9755804276,,
Kushalgad Swaraj Battery,Kushalgad,Swaraj,Battery,,,9079242681,,,9079242681,,
Indore Exide - Sharma Batteries,Exide,-,Sharma Batteries,Indore,,+919826075546,,,+919826075546,,
Estmen Eddo Abhishek Jayswal,Estmen,Eddo,Abhishek Jayswal,,,+919685085143,,,+919685085143,,
"Fuledi Krisna Patidar, chotu",Krisna,"Patidar,",chotu,Fuledi,,9893794922,,,9893794922,,
Indore Battery New And Old,Battery,New,And Old,Indore,,+919826077864,,,+919826077864,,
Mansor Manesh,Mansor,,Manesh,,,+919755993201,,,+919755993201,,
Indore Old Battery New,Old,Battery,New,Indore,,+919713633629,,,+919713633629,,
Lohare Bhamarshing,Lohare,,Bhamarshing,,,9977442209,,,9977442209,,
Dasai Kelash Lohar,Kelash,,Lohar,Dasai,,+919893889420,,,+919893889420,,
Dasai Mukesh Driver,Mukesh,,Driver,Dasai,,7999266828,,,7999266828,,
dasai motilal kodalchan,motilal,,kodalchan,dasai,,8878875029,,,8878875029,,
Ch. Balod Harinarayan Patidar,Ch.,Balod,Harinarayan Patidar,,Madhya Pradesh  India,+917693831314,,,+917693831314,,
Ch Kamal Texi,Kamal,,Texi,Ch,,7987765790,,,7987765790,,
Baloda Krisna Revateya,Krisna,,Revateya,Baloda,,+919340335483,,,+919340335483,,
Khiledi Kamal Dodeya,Kamal,,Dodeya,Khiledi,,9977546431,,,9977546431,,
Khiledi Vinay Parmar,Vinay,,Parmar,Khiledi,,9977408685,,,9977408685,,
Shree Nath Tracter Hoot Indore,Shree,Nath,Tracter Hoot Indore,,,8839436259,,,8839436259,,
Seloda Jatin Jaiswal Watar,Jatin,Jaiswal,Watar,Seloda,,+919329667142,,,+919329667142,,
Indore Vijay Pawar Battery Skreep And New,Vijay,Pawar,Battery Skreep And New,Indore,,+919826498877,,,+919826498877,,
Bandei Bharat Mukati,Bharat,,Mukati,Bandei,,+919893099805,9893099805,,+919893099805 | 9893099805,,
Dasai dhrmendr chohan,dhrmendr,,chohan,Dasai,,7693814336,,,7693814336,,
Gaidawad Vishal Muniya,Gaidawad,Vishal,Muniya,,,9301381986,,,9301381986,,
Rtarod arun jadav,Rtarod,arun,jadav,,,9893196412,,,9893196412,,
Kod Pavan Light Dekoreshan,Pavan,Light,Dekoreshan,Kod,,+918085664485,,,+918085664485,,
Indore Massimo Batteries,Massimo,,Batteries,Indore,Madhya Pradesh  India,+919309946375,+918109042342,,+919309946375 | +918109042342,,
Dasai Pavan Bhimaji,Pavan,,Bhimaji,Dasai,,8821811221,,,8821811221,,
Panjab Vishkarma,Panjab,,Vishkarma,,,9872113062,,,9872113062,,
nagda kisor,nagda,,kisor,,,9575166181,8103970407,,9575166181 | 8103970407,,
dasai kelash prajapat,kelash,,prajapat,dasai,,9993465940,,,9993465940,,
Dasai Sanju Pandit,Sanju,,Pandit,Dasai,Madhya Pradesh  India,+919893508629,,,+919893508629,,
Dasai Pradep Chudi,Pradep,,Chudi,Dasai,,9165885512,,,9165885512,,
Indore S J Enterprise Maharani Road,S,J,Enterprise Maharani Road,Indore,,+919981952711,,,+919981952711,,
sunil patidar dasai,sunil,patidar,dasai,,,9981620738,,,9981620738,,
Manavar Golu Bheya,Golu,,Bheya,Manavar,,8871438413,,,8871438413,,
Kharsoda Lakhan Patel,Lakhan,,Patel,Kharsoda,,+918770331725,+918462002284,,+918770331725 | +918462002284,,
Coolar Sri Balaji Associates Banglore,Coolar,Sri,Balaji Associates Banglore,,,9414141390,,,9414141390,,
P10 Nh,P10,,Nh,,,+919674475929,,,+919674475929,,
jaymtimata baje shig,baje,,shig,jaymtimata,,7024974067,,,7024974067,,
Ratlam Mahiveer Halvai,Mahiveer,,Halvai,Ratlam,,9893343989,,,9893343989,,
Ranipura Radheshyam Ji Tarodiya,Radheshyam,Ji,Tarodiya,Ranipura,,9926464722,,,9926464722,,
Dasai Navin Sir,Navin,,Sir,Dasai,,+919993413530,,,+919993413530,,
Indore Shree Mohan Trasport,Shree,Mohan,Trasport,Indore,,+919993218074,,,+919993218074,,
Indore A&d Acounted,A&d,,Acounted,Indore,,+917694950587,,,+917694950587,,
Indore Exide Vayji Powar,Exide,Vayji,Powar,Indore,,+919826424244,,,+919826424244,,
Indore Goyal Metal,Goyal,,Metal,Indore,,9827252536,,,9827252536,,
Dasai Bhavesh Jean,Bhavesh,,Jean,Dasai,,+918085627033,,,+918085627033,,
Dasai Vijay Chodhre,Vijay,,Chodhre,Dasai,,+919074536353,,,+919074536353,,
Dasai Aahuja Periting Press,Aahuja,Periting,Press,Dasai,,9111311616,,,9111311616,,
khiledi Rakhesh mare,Rakhesh,,mare,khiledi,,8827593725,,,8827593725,,
AMZER TENT HOUSE,AMZER,TENT,HOUSE,,,9893721764,,,9893721764,,
Cherakhan Lakhan jajwal,Lakhan,,jajwal,Cherakhan,,8085123212,,,8085123212,,
Pana Rituraj Darbar,Rituraj,,Darbar,Pana,,9131210068,,,9131210068,,
Lohare Sambhu Rathod,Sambhu,,Rathod,Lohare,,9691087257,,,9691087257,,
khutpala sanjay jat,sanjay,,jat,khutpala,,9685365293,,,9685365293,,
Dasai Dharmendra Patidar Bagla Vala,Dharmendra,Patidar,Bagla Vala,Dasai,Madhya Pradesh  India,+919893795984,9893795984,,+919893795984 | 9893795984,,
dasai Dashrat patidar sayam banej,Dashrat,patidar,sayam banej,dasai,,9179438262,,,9179438262,,
Jaymtimata Kamal Banjara,Kamal,,Banjara,Jaymtimata,,+919770739427,9770739427,,+919770739427 | 9770739427,,
Sineyakhdi Rakesh Mantri,Sineyakhdi,Rakesh,Mantri,,,+919893353649,9893353649,,+919893353649 | 9893353649,,
Microtek Amit Invetar Kusvah,Microtek,Amit,Invetar Kusvah,,,+918435225498,,,+918435225498,,
Lohari Sunil Darbar,Sunil,,Darbar,Lohari,,+917049087256,,,+917049087256,,
Baloda Gopal Vaglecha,Gopal,,Vaglecha,Baloda,,8349078250,,,8349078250,,
Barmandal Lokkeh Prajapat,Lokkeh,,Prajapat,Barmandal,,+919754491112,,,+919754491112,,
Lohari Rajendra Singh Rathor,Rajendra,Singh,Rathor,Lohari,,9755226908,,,9755226908,,
dasai maru ele,maru,,ele,dasai,,9753334636,,,9753334636,,
Dasai Manoj Rajasthani,Manoj,,Rajasthani,Dasai,,8349916900,,,8349916900,,
Battery Aslam Gori,Aslam,,Gori,Battery,Madhya Pradesh  India,+919893725499,,,+919893725499,,
balod bhehari balod,bhehari,,balod,balod,,9993525289,,,9993525289,,
Lohari Sankar Darbar855,Sankar,,Darbar855,Lohari,,+919131225417,9589488356,,+919131225417 | 9589488356,,
Lohari sankarlal,Lohari,,sankarlal,,,9131225417,,,9131225417,,
Barmandal Pavan Kumavt Deri Iskrem,Pavan,Kumavt,Deri Iskrem,Barmandal,,+918225072724,,,+918225072724,,
Dasai Ramlal Pal Sir,Ramlal,Pal,Sir,Dasai,,9893507947,,,9893507947,,
Dasai Satnarayan Ji Pana Wale,Satnarayan,Ji,Pana Wale,Dasai,,9981620813,,,9981620813,,
jaymtimata bajsing,jaymtimata,,bajsing,,,7746070833,,,7746070833,,
Dasai Naren Nabardar,Naren,,Nabardar,Dasai,,8269259160,,,8269259160,,
Padampura Vijay Maru,Vijay,,Maru,Padampura,,9754708120,,,9754708120,,
chotiya balod sonu,balod,,sonu,chotiya,,8085667479,,,8085667479,,
Khiledi Surendra,Khiledi,,Surendra,,,9752470844,,,9752470844,,
Bidwal Kailash Ji Ninama,Kailash,Ji,Ninama,Bidwal,,9754184990,,,9754184990,,
dasai karshna patidar,karshna,,patidar,dasai,,8827688246,,,8827688246,,
Ghatoda Dashrath Chohan,Dashrath,,Chohan,Ghatoda,,9713504145,,,9713504145,,
Behar,Behar,,,,,+917396548471,,,+917396548471,,
Hatnara Vikash Ji Patidar Sadu Ji,Hatnara,Vikash,Ji Patidar Sadu Ji,,,+919981919049,,,+919981919049,,
Antar chodri khiledi,Antar,chodri,khiledi,,,9977877688,,,9977877688,,
Dasai Bharat Chodhri,Bharat,,Chodhri,Dasai,,9893996702,,,9893996702,,
बांदड़ी किशोर सिसोदिया।,बांदड़ी,किशोर,सिसोदिया।,,,7067041083,+917067041083,,7067041083 | +917067041083,,
Takravda Dheraj Patidar,Dheraj,,Patidar,Takravda,,7987929330,,,7987929330,,
Ujjen Raghavmadhav Gurujiujjain,Raghavmadhav,,Gurujiujjain,Ujjen,,+919340927922,,,+919340927922,,
Badnavar Tent,Badnavar,,Tent,,,9926532004,,,9926532004,,
Udaypur Krisna Cooler,Krisna,,Cooler,Udaypur,,9636625298,9829058298,,9636625298 | 9829058298,,
Dhar Setheya Ji,Setheya,,Ji,Dhar,,9425919808,,,9425919808,,
Indore New Spoct Welding,New,Spoct,Welding,Indore,,+918818848208,,,+918818848208,,
Dasai Rajaram,Dasai,,Rajaram,,,9893205752,,,9893205752,,
Dasai Ramprasad Parmar,Ramprasad,,Parmar,Dasai,,+917240907606,,,+917240907606,,
Prag Okaya,Prag,,Okaya,,,8889053377,,,8889053377,,
Dasai Pankaj Bola Wala,Pankaj,Bola,Wala,Dasai,,9630761223,,,9630761223,,
dasai madav chodri,madav,,chodri,dasai,,+919893796402,9893796402,,+919893796402 | 9893796402,,
Balod Dilip Patidar,Dilip,,Patidar,Balod,,9644090331,,,9644090331,,
Maharasst Raju P,Maharasst,Raju,P,,,+919850067825,,,+919850067825,,
Takrvda Durgesh Patidar,Takrvda,Durgesh,Patidar,,,9893945151,,,9893945151,,
Ambrela,Ambrela,,,,,9425103988,,,9425103988,,
Bidwak Kuldeep Bhati Kuldeep Bhati,Bidwak,Kuldeep,Bhati Kuldeep Bhati,,,+919165599671,,,+919165599671,,
Ghatoda Sukram,Ghatoda,,Sukram,,,7805096594,,,7805096594,,
Fuledi Depak Beragi,Depak,,Beragi,Fuledi,,+918770501104,,,+918770501104,,
Okaya Santosh Prajapat,Okaya,Santosh,Prajapat,,,9644814673,,,9644814673,,
Dasai Jivan Parmar,Jivan,,Parmar,Dasai,,9399502393,,,9399502393,,
Ratlam Adrit Lub,Adrit,,Lub,Ratlam,,9425104523,,,9425104523,,
Bhopal Spoct Welding,Spoct,,Welding,Bhopal,,9981132211,,,9981132211,,
kob barat patidar khokhar,kob,barat,patidar khokhar,,,9179232858,,,9179232858,,
Niledh Bajaj Fayness,Niledh,Bajaj,Fayness,,,+917024021391,,,+917024021391,,
Lohari Deepak Patidar,Deepak,,Patidar,Lohari,,+919302276737,,,+919302276737,,
Old Batteey Raj Salve,Old,Batteey,Raj Salve,,,+917000030565,,,+917000030565,,Anil Savle
Dasai Paras Patidar M. k,Paras,Patidar,M. k,Dasai,,+919993963104,,,+919993963104,.,
Kanvan Vishal Light Dekoreshan,Vishal,Light,Dekoreshan,Kanvan,,9907036060,,,9907036060,,
Dasai Ankit Panwar,Ankit,,Panwar,Dasai,Madhya Pradesh  India,+919009770143,,,+919009770143,,
Bhawari,Bhawari,,,,,+918952905752,,,+918952905752,,
dasaiVishnu Patidar jivaharchan,dasaiVishnu,Patidar,jivaharchan,,,+919993413557,,,+919993413557,,
Dasai Vansika,Dasai,,Vansika,,,9109771421,,,9109771421,,
mogjipada mangilal,mogjipada,,mangilal,,,8103619768,,,8103619768,,
Indore Abil Battery,Abil,,Battery,Indore,,9826619033,,,9826619033,,
Khakedi Suresh Dewda,Khakedi,Suresh,Dewda,,Madhya Pradesh  India,+917987586305,,,+917987586305,,
Nimbol Sepali Patidar,Sepali,,Patidar,Nimbol,,9685327261,,,9685327261,,
Panjab Sound Mandeep,Sound,,Mandeep,Panjab,,9876485505,,,9876485505,,
Terla  Visnu Jayswal Light Sound Tent House,Terla,Visnu,Jayswal Light Sound Tent House,,,+919977430808,,,+919977430808,,
Takrawda Lakhansingh,Takrawda,,Lakhansingh,,,9575809798,,,9575809798,,
Ranjit lohari,Ranjit,,lohari,,,9893285264,,,9893285264,,
Ratlam Battery Amron Seles,Battery,Amron,Seles,Ratlam,,+918319849805,,,+918319849805,,
Bandedi Tent House,Tent,,House,Bandedi,,+918085776515,,,+918085776515,,
Ledgav Vasudev Payidar,Vasudev,,Payidar,Ledgav,,9893784309,,,9893784309,,
Kanha NawdA,Kanha,,NawdA,,,+919685189535,,,+919685189535,,
Chitodgad Tent Cooler,Chitodgad,Tent,Cooler,,,9680514751,,,9680514751,,
Dantoli Bharat Solanki,Bharat,,Solanki,Dantoli,,8225837505,,,8225837505,,
Ratlam Lalchn Surana,Lalchn,,Surana,Ratlam,,8989896660,,,8989896660,,
Ralamandal Gokul Ji Chodhri,Gokul,Ji,Chodhri,Ralamandal,,9993355737,,,9993355737,,
Indore Patel Patas Ele,Patel,Patas,Ele,Indore,,9893305863,,,9893305863,,
Shanavaj Rangrej Old Batteey Skreep,Shanavaj,Rangrej,Old Batteey Skreep,,Madhya Pradesh  India,+917869681299,,,+917869681299,,
Nihalpura Arjun Nath,Nihalpura,Arjun,Nath,,,8224978232,,,8224978232,,
Exide Briding,Exide,,Briding,,,+917440955149,,,+917440955149,,
dasai doltram,dasai,,doltram,,,8817540965,,,8817540965,,
Bakurli Sunil Chohan,Bakurli,Sunil,Chohan,,,+917024001100,,,+917024001100,,
Dasai Sachin Valasheva,Sachin,,Valasheva,Dasai,,9179274615,,,9179274615,,
bidwal gopal sirvi new bidwal,gopal,sirvi,new bidwal,bidwal,,09755204100,,,09755204100,,
Tandakheda Sohan Katariya,Sohan,,Katariya,Tandakheda,,6266614429,,,6266614429,,
Ch. balod Ajay Akragaa,Ch.,balod,Ajay Akragaa,,,9174712328,,,9174712328,,
tandakhida jivan ninama,tandakhida,jivan,ninama,,,7773865419,,,7773865419,,
Balod Ganpat,Balod,,Ganpat,,,9789857281,,,9789857281,,
Ratlam Promod Invetar Repeyar,Promod,Invetar,Repeyar,Ratlam,,+918461938793,,,+918461938793,,
Ujjen Pandet2,Ujjen,,Pandet2,,,9009893690,,,9009893690,,
Indore Mashen,Indore,,Mashen,,,9174925876,7049713268,,9174925876 | 7049713268,,
Shivpur Pray Patidar,Shivpur,Pray,Patidar,,,8827280826,,,8827280826,,
Ghatoda Sawan Dawar,Sawan,,Dawar,Ghatoda,,7987336294,,,7987336294,,
DasaiMahesh Patidar,DasaiMahesh,,Patidar,,,7692972172,,,7692972172,,
Pana Arjun Ratod,Arjun,,Ratod,Pana,,+918359044458,+919926706039,,+918359044458 | +919926706039,,
Dasai bagawti patidar shyam bhanej,bagawti,patidar,shyam bhanej,Dasai,,9589169869,,,9589169869,,
Indore Turbo Speekar,Turbo,,Speekar,Indore,,9826454949,,,9826454949,,
Kharsoda Kundan Singh,Kundan,,Singh,Kharsoda,,9589527932,,,9589527932,,
Khiledi Pradip Chodhari,Pradip,,Chodhari,Khiledi,,+919893934534,,,+919893934534,,
Okaya Suresh Parihar,Okaya,Suresh,Parihar,,,+919893382729,,,+919893382729,,
dasai aman patidar bhagapita,aman,patidar,bhagapita,dasai,,+9182690993040,,,+9182690993040,,
dasaiAman Patidar,dasaiAman,,Patidar,,,+918269099304,,,+918269099304,,
Balod anil patidar,anil,,patidar,Balod,,9755375721,,,9755375721,,
vinod patidar ranipura,patidar,,ranipura,vinod,,9993123326,,,9993123326,,
Parvleya,Parvleya,,,,,09981289531,,,09981289531,,
Indore Chandresh Sopra,Chandresh,,Sopra,Indore,,+918878120555,,,+918878120555,,
Dasai Manohar Bamniya,Manohar,,Bamniya,Dasai,,+917869460205,,,+917869460205,,
Rajgad Aile Raj Auto Patas,Aile,Raj,Auto Patas,Rajgad,,9424836498,,,9424836498,,
Lohare Mamaje,Lohare,,Mamaje,,,+919977223309,,,+919977223309,,
khakhide rahul dhanvaya,khakhide,rahul,dhanvaya,,,8770084104,,,8770084104,,
Dhar Exide Batteey Mohan Ji Shop,Exide,Batteey,Mohan Ji Shop,Dhar,,7509842155,,,7509842155,,
Khiledi Pratik Jen Tent House,Pratik,Jen,Tent House,Khiledi,,9752537872,,,9752537872,,
Funkey,Funkey,,,,,+917879232048,,,+917879232048,,
Bilwada Balaji Cooler,Bilwada,Balaji,Cooler,,,+919468725672,,,+919468725672,,
tandakheda kalo bagat,kalo,,bagat,tandakheda,,8120372610,,,8120372610,,
Dasai Paras Emali,Paras,,Emali,Dasai,,6265163995,,,6265163995,,
Khilede Gotam,Khilede,,Gotam,,,+919179713033,,,+919179713033,,
khilede arpet tent house,arpet,tent,house,khilede,,+919752253108,,,+919752253108,,
Dasai Gotam Parajapat,Gotam,,Parajapat,Dasai,,8878870907,,,8878870907,,
Dasai Atul Patidar Morgav Vala,Atul,Patidar,Morgav Vala,Dasai,,+919752039573,,,+919752039573,,
dasai ashok palaseya,ashok,,palaseya,dasai,,+919893185214,,,+919893185214,,
Bablu Khan,Bablu,,Khan,,,+919993124313,+917692049513,,+919993124313 | +917692049513,,
lohari rajpal,lohari,,rajpal,,,7000706465,,,7000706465,,
Bhavesh,Bhavesh,,,,,+919893323381,,,+919893323381,,
dasai motilal patel,motilal,,patel,dasai,,7509907241,,,7509907241,,
Fuledi krdhna patidar,krdhna,,patidar,Fuledi,,8349824482,+918349824482,,8349824482 | +918349824482,,
Magod UmeshPatiar,Magod,,UmeshPatiar,,Madhya Pradesh  India,9685515657,,,9685515657,,
dasai atul morgav,atul,,morgav,dasai,,+919752039573,,,+919752039573,,
Nayalpura bakil banjara,Nayalpura,bakil,banjara,,,9754855303,,,9754855303,,
ch. balod jagdesh patidar,ch.,balod,jagdesh patidar,,,9754783680,,,9754783680,,
Dasai Jivan Bemae,Jivan,,Bemae,Dasai,,9993881370,,,9993881370,,
Dasai Vijay Pawar,Vijay,,Pawar,Dasai,,+919340841195,,,+919340841195,,
mukesh vishvkarma,mukesh,,vishvkarma,,,+919893254702,,,+919893254702,,
Balod कमलेश पाटीदार Ekrangaa!,कमलेश,पाटीदार,Ekrangaa!,Balod,,9752861345,,,9752861345,,
Panda Yogendar,Panda,,Yogendar,,,7987074071,,,7987074071,,
bidawal parkash sirvi,parkash,,sirvi,bidawal,,6263271110,,,6263271110,,
Rakha Ratod Jugad,Ratod,,Jugad,Rakha,,9981483491,,,9981483491,,
Ashok patidar khajur vale,patidar,khajur,vale,Ashok,,+917974325966,,,+917974325966,,
Pana Vikas Patidar,Vikas,,Patidar,Pana,,+918889513200,,,+918889513200,,
takravda sandeep patidar,sandeep,,patidar,takravda,,9893465873,,,9893465873,,
Ledgav Prajapat Ston,Prajapat,,Ston,Ledgav,,9617852001,,,9617852001,,
Dasai Pradeep Chudi,Pradeep,,Chudi,Dasai,,+919165885512,,,+919165885512,,
Lotas Marbal Sanjay,Marbal,,Sanjay,Lotas,,+916376511682,,,+916376511682,,
Dasai Ritesh Samji,Ritesh,,Samji,Dasai,,9109639080,,,9109639080,,
Dasai Ashok Patidar Palaseya,Ashok,Patidar,Palaseya,Dasai,,+919893185214,,,+919893185214,,
pardip Patidar baloda,pardip,Patidar,baloda,,,9685212853,,,9685212853,,
Bidwal Pragati Academy School,Pragati,Academy,School,Bidwal,Madhya Pradesh  India,+919753209081,,,+919753209081,,
Takaravda nareb shig,Takaravda,nareb,shig,,,9752332926,,,9752332926,,
Pana Narayan Patidar,Narayan,,Patidar,Pana,,9165561712,,,9165561712,,
Dhamnod Kapal Battery,Kapal,,Battery,Dhamnod,,09755754534,,,09755754534,,
Ghatoda राधा स्वामी आश्रम!,राधा,स्वामी,आश्रम!,Ghatoda,,8959685247,,,8959685247,,
Ch. Balod Kavar Lala Smill,Ch.,Balod,Kavar Lala Smill,,,7697892802,,,7697892802,,
Utavda Arvind Patidar,Arvind,,Patidar,Utavda,,9893993899,,,9893993899,,
Dasai Nikhil Rathod Bick M. K,Nikhil,Rathod,Bick M. K,Dasai,Madhya Pradesh  India,+918461805348,,,+918461805348,,
Neyalpura Bakil Banjara,Neyalpura,Bakil,Banjara,,,9754855303,,,9754855303,,
Dasai Manoj Bhalod,Manoj,,Bhalod,Dasai,Madhya Pradesh  India,+919993527876,,,+919993527876,,
Dasai Jagadeshre,Dasai,,Jagadeshre,,,+917222974270,,,+917222974270,,
Bilgun Bherulal Ji,Bilgun,Bherulal,Ji,,,8965802914,,,8965802914,,
Balod Bhart Patidar Swaraj Or Ford,Bhart,Patidar,Swaraj Or Ford,Balod,Madhya Pradesh  India,+916265330811,,,+916265330811,,
Dasai Rahul Dodeya,Rahul,,Dodeya,Dasai,,+919589773527,,,+919589773527,,
ledgav krisna patidar,krisna,,patidar,ledgav,,9074400287,,,9074400287,,
Dasai Lalchand Ramchan,Lalchand,,Ramchan,Dasai,,+919893509309,,,+919893509309,,
Dasai H. M Light Mandlik,H.,M,Light Mandlik,Dasai,,+917999204945,,,+917999204945,,
Ch. balod Jagdish Ji Patidar Powartek,Ch.,balod,Jagdish Ji Patidar Powartek,,,9754783680,,,9754783680,,
rajesh patidar,rajesh,,patidar,,,+919755227966,,,+919755227966,,
Dasai deepak singana,deepak,,singana,Dasai,,+919981278411,,,+919981278411,,
Takravda Gordan Je,Gordan,,Je,Takravda,,+919589584738,,,+919589584738,,
Ledgav Manoar Patidar Harvestar,Manoar,Patidar,Harvestar,Ledgav,,+919893506434,,,+919893506434,,
Dasai Tinu Bhut,Tinu,,Bhut,Dasai,,+919993525513,,,+919993525513,,
Balod Pradep Patider,Pradep,,Patider,Balod,,9685212853,,,9685212853,,
Bidwal Pragathi,Bidwal,,Pragathi,,,+919753209081,,,+919753209081,,
dasai hari parmar,hari,,parmar,dasai,,9977454825,,,9977454825,,
Mahaver Bana,Mahaver,,Bana,,,+917014503626,,,+917014503626,,
Takravda Narendra Seh,Narendra,,Seh,Takravda,,9752332926,,,9752332926,,
Dasai Jitu Bhalod,Jitu,,Bhalod,Dasai,,+919589244507,,,+919589244507,,
dasarth patidar,dasarth,,patidar,,,+919893160865,,,+919893160865,,
Khiledi राजेश जी नेताजी!,राजेश,जी,नेताजी!,Khiledi,,9977525386,,,9977525386,,
Lalchan bhimaji dasai,Lalchan,bhimaji,dasai,,,9993525376,,,9993525376,,
khilede ratan jayswal,ratan,,jayswal,khilede,,+919630869496,,,+919630869496,,
dasai ratan badsha,ratan,,badsha,dasai,,9630837177,,,9630837177,,
Indore Goyal Je Smill,Goyal,Je,Smill,Indore,,+919685519189,,,+919685519189,,
kadod shelendr rathor,shelendr,,rathor,kadod,,9630155879,,,9630155879,,
Rajod Mehtaji,Rajod,,Mehtaji,,,+919424093241,9424093241,,+919424093241 | 9424093241,,
Sorabh Sir Vivo,Sorabh,Sir,Vivo,,,+919981785050,,,+919981785050,,
Dasai Banti Bhimaji,Banti,,Bhimaji,Dasai,,+919584699863,,,+919584699863,,
Gatoda Radha Swami Aasram,Radha,Swami,Aasram,Gatoda,,8959685247,,,8959685247,,
Galunda ranjit,Galunda,,ranjit,,,+918319019977,,,+918319019977,,
Diamond Jen Motars,Diamond,Jen,Motars,,,+919425089458,,,+919425089458,,
Dasai Mahade Bhemaji,Mahade,,Bhemaji,Dasai,,9993525376,,,9993525376,,
Dasai Gopal Ji Mayda,Gopal,Ji,Mayda,Dasai,,+919893851767,,,+919893851767,,
Khiledi GOUTAM PATIDAR,GOUTAM,,PATIDAR,Khiledi,,+919179713033,,,+919179713033,,
Dasai Vejay Fatkeya,Vejay,,Fatkeya,Dasai,,+919685067336,,,+919685067336,,
chirakhan ram shig,ram,,shig,chirakhan,,9752285198,,,9752285198,,
Rachna Kalpesh Ravt,Rachna,Kalpesh,Ravt,,,9925033801,,,9925033801,,
Dasai ramparsad ren,ramparsad,,ren,Dasai,,9981562523,,,9981562523,,
Galonda sawraj,Galonda,,sawraj,,,8085979084,,,8085979084,,
Dasai Hetesh Pol,Hetesh,,Pol,Dasai,,+919179307502,,,+919179307502,,
Dasai विनोद! Bol,विनोद!,,Bol,Dasai,,9752863203,,,9752863203,,
Dasai Narayhn Ukarji,Narayhn,,Ukarji,Dasai,,+919752052996,,,+919752052996,,
Dasai Shree Gosvami!,Shree,,Gosvami!,Dasai,,+919755632671,,,+919755632671,,
Rachna Kalpesh R,Rachna,Kalpesh,R,,,9925033801,,,9925033801,,
Bharawda Prem Singh,Bharawda,Prem,Singh,,,8349888448,,,8349888448,,
Dasai jivan bhimaji,jivan,,bhimaji,Dasai,,9993881370,,,9993881370,,
Balod kavarv लाल जी पाटीदार!,kavarv,लाल,जी पाटीदार!,Balod,,7697892802,,,7697892802,,
Niku Sharma Pandit Ji,Niku,Sharma,Pandit Ji,,,+919399709254,,,+919399709254,,
Dasai Bablu Khan,Bablu,,Khan,Dasai,,+919993124313,+917692049513,,+919993124313 | +917692049513,,
Khilede Ratan Jaiswal,Ratan,,Jaiswal,Khilede,Madhya Pradesh  India,+919630869496,,,+919630869496,,
Dasai Pradep Khade,Pradep,,Khade,Dasai,,9752893490,,,9752893490,,
pana narayn patidar,narayn,,patidar,pana,,9165561712,,,9165561712,,
Khiledi Akhilesh Patidar Khokhar,Akhilesh,Patidar,Khokhar,Khiledi,,+919179553562,,,+919179553562,,
Rachna Ofec Gujrat,Rachna,Ofec,Gujrat,,,9909950287,,,9909950287,,
Dasai Ravi Maru Sonalika,Ravi,Maru,Sonalika,Dasai,Madhya Pradesh  India,+919111915398,,,+919111915398,,
Driver Nilesh Sanjay Colony,Driver,Nilesh,Sanjay Colony,,,+919752271740,,,+919752271740,,
Dasai Aayush Megaji,Aayush,,Megaji,Dasai,,+917987638712,,,+917987638712,,
Dasai Sachin Fotografar,Sachin,,Fotografar,Dasai,,+919584307572,,,+919584307572,,
Dasai Ramprasad Ren,Ramprasad,,Ren,Dasai,,9981562523,,,9981562523,,
Dasai Ashok Dhannji,Ashok,,Dhannji,Dasai,,+918269909624,,,+918269909624,,
Dasai Anpuna Didi,Anpuna,,Didi,Dasai,,8817171775,,,8817171775,,
Dasai Babalu Son,Babalu,,Son,Dasai,,+917000725859,,,+917000725859,,
Ledgav dinesh parjapat,dinesh,,parjapat,Ledgav,,9981459758,,,9981459758,,
Kesrpura Deva Kamdar,Deva,,Kamdar,Kesrpura,,+919752204111,,,+919752204111,,
Dasai Sandeep Pol,Sandeep,,Pol,Dasai,Madhya Pradesh  India,+919179976295,,,+919179976295,,
Dasai Kana Ghar,Kana,,Ghar,Dasai,,9179309309,,,9179309309,,
Dasai Bharat Palwa Jam,Bharat,Palwa,Jam,Dasai,Madhya Pradesh  India,+919893935811,,,+919893935811,,
Dasai Gopal Hamar,Gopal,,Hamar,Dasai,,9926203061,,,9926203061,,
Khakhedi सचिन!,Khakhedi,,सचिन!,,,9098018989,,,9098018989,,
Dasai Suraj Tempo,Suraj,,Tempo,Dasai,,7470664210,,,7470664210,,
Dasai Chirag Patidar Ghati,Chirag,Patidar,Ghati,Dasai,,+917470545814,,,+917470545814,,
dasai vijay pavar,vijay,,pavar,dasai,,+919340841195,,,+919340841195,,
Dasai Ashok Herateja,Ashok,,Herateja,Dasai,,9993355849,,,9993355849,,
Lohari Rajpal Rathor,Rajpal,,Rathor,Lohari,,9691087357,7000706465,,9691087357 | 7000706465,,
My Big Brothers,Big,,Brothers,My,,9981885088,,,9981885088,,
Pratapgrewal,Pratapgrewal,,,,,9425047157,9893773377,,9425047157 | 9893773377,,
Dasai Gogul Naranmoti,Gogul,,Naranmoti,Dasai,,+918827956965,7987871511,,+918827956965 | 7987871511,,
Galonda 855,Galonda,,855,,,8085979084,,,8085979084,,
Dasai Shevam Mansingkarvara,Shevam,,Mansingkarvara,Dasai,Madhya Pradesh  India,+917067510742,,,+917067510742,,
Kishan Ra,Kishan,,Ra,,,9636522712,,,9636522712,,
Ghatoda Fatesing Durgesh,Fatesing,,Durgesh,Ghatoda,,9685708247,,,9685708247,,
Balod Mohan Patidar Ekragaa,Mohan,Patidar,Ekragaa,Balod,Madhya Pradesh  India,+918770806651,,,+918770806651,,
Dasai Satu Patidar Morgav Vala,Satu,Patidar,Morgav Vala,Dasai,,9685807709,,,9685807709,,
mm,mm,,,,,+917224099304,,,+917224099304,,
Dasai Shivam Mansingkavra,Shivam,,Mansingkavra,Dasai,,8518002034,7067510742,917067510742.0,8518002034 | 7067510742 | +917067510742,,
baderi barat patidar,baderi,barat,patidar,,,9893099805,,,9893099805,,
Shree Valashiva,Shree,,Valashiva,,,9179437650,,,9179437650,,
Dasai Navin Chodri,Navin,,Chodri,Dasai,,+916260493022,+919630837177,,+916260493022 | +919630837177,,
Nikhil,Nikhil,,,,,+917898213991,,,+917898213991,,
Dasai Yogesh Patidar,Yogesh,,Patidar,Dasai,,8827402623,,,8827402623,,
Dasai Mukesh Patidar Semlavda,Mukesh,Patidar,Semlavda,Dasai,,+919893789448,,,+919893789448,,
Dasai Deepak Muli,Deepak,,Muli,Dasai,,+919109075768,,,+919109075768,,
Jayntimata banjara,Jayntimata,,banjara,,,9770739427,,,9770739427,,
Khildei Akhilesh Khokhar,Akhilesh,,Khokhar,Khildei,,+919179553562,,,+919179553562,,
mahesh patidar cho balod,patidar,cho,balod,mahesh,,9993342636,,,9993342636,,
Balod Dilip Sir,Dilip,,Sir,Balod,,+919827250602,,,+919827250602,,
Dasai Ritik Patel,Ritik,,Patel,Dasai,,+917223890355,,,+917223890355,,
dasai arun heragobha,arun,,heragobha,dasai,,9630667599,,,9630667599,,
Jitendr ranaji dasai,Jitendr,ranaji,dasai,,,7566307208,,,7566307208,,
Dasai Lotas Marbal B,Lotas,Marbal,B,Dasai,,+919079039243,,,+919079039243,,
Rachna Ofec  Guj,Rachna,Ofec,Guj,,,9909950287,,,9909950287,,
Dasai Dashrth,Dasai,,Dashrth,,,9131401186,,,9131401186,,
Ch. balod Bhura Bheya,Ch.,balod,Bhura Bheya,,,+919755227966,,,+919755227966,,
Dasai Anil Patel (Pentar),Anil,Patel,(Pentar),Dasai,,9755707980,,,9755707980,,
Dasai Maynk Leb,Maynk,,Leb,Dasai,,+919893254702,,,+919893254702,,
Tarod umaravarsing pawar,umaravarsing,,pawar,Tarod,,9826997012,,,9826997012,,
Dasai Chayan Jevahachan,Chayan,,Jevahachan,Dasai,,+919575452011,,,+919575452011,,
Dasai Depik Gorana Signa Singana,Depik,Gorana,Signa Singana,Dasai,,+919981278411,,,+919981278411,,
Dasai Vinay Kasikodi,Vinay,,Kasikodi,Dasai,,8085524643,+919098621738,,8085524643 | +919098621738,,
dasai prshant elek,prshant,,elek,dasai,,9893079016,,,9893079016,,
Dasai Vikas Ghati,Vikas,,Ghati,Dasai,,+919074291640,,,+919074291640,,
Dasai Shivam Samji,Shivam,,Samji,Dasai,,+917223896705,,,+917223896705,,
Dasai Arjun Bhagapeta,Arjun,,Bhagapeta,Dasai,,9981561332,,,9981561332,,
DasAiTejal Art Padist,DasAiTejal,Art,Padist,,Madhya Pradesh  India,+918718963696,,,+918718963696,,
khiledi Lakhn sing,Lakhn,,sing,khiledi,,9630508127,,,9630508127,,
Dasai Denesh Valaseva,Denesh,,Valaseva,Dasai,,9993123965,,,9993123965,,
Dasai Lalachnd Kodalman,Lalachnd,,Kodalman,Dasai,,+919993987214,,,+919993987214,,
Rakha Ratod Juga,Ratod,,Juga,Rakha,,9981483491,,,9981483491,,
Dasai Harshit Kanjigagaram,Harshit,,Kanjigagaram,Dasai,,+919589030550,,,+919589030550,,
Dasai Davendra Sir Ren,Davendra,Sir,Ren,Dasai,,9993179934,,,9993179934,,
kob vikash patidar,kob,vikash,patidar,,,9981739540,,,9981739540,,
Dasai Dinesh Naranmoti,Dinesh,,Naranmoti,Dasai,,9993169452,,,9993169452,,
dasai krisna bhagaapeta,krisna,,bhagaapeta,dasai,,8085808986,,,8085808986,,
Dasai Jagadeshren,Dasai,,Jagadeshren,,,+917222974270,,,+917222974270,,
kutpala bheru ji maru,bheru,ji,maru,kutpala,,9926814281,,,9926814281,,
Dasai Manohar Bhopa,Manohar,,Bhopa,Dasai,,7354880092,,,7354880092,,
Dasai Jaynarayan Chodre,Jaynarayan,,Chodre,Dasai,,+919893291180,,,+919893291180,,
Dasai Vijay Chodhri,Vijay,,Chodhri,Dasai,,+917000601934,,,+917000601934,,
Gatoda Sohan Bareya,Sohan,,Bareya,Gatoda,,+919617191419,,,+919617191419,,
Dasai Manesh Pol,Manesh,,Pol,Dasai,,+918085225151,,,+918085225151,,
Dasai Uravi Bick Mk,Uravi,Bick,Mk,Dasai,,7987377962,7024471712,,7987377962 | 7024471712,,
Ledgav Denesh Prajapat,Denesh,,Prajapat,Ledgav,,9981459758,,,9981459758,,
soniyakhedi rakesh,soniyakhedi,,rakesh,,,9893353649,,,9893353649,,
Dasai Jitu Naranmoti,Jitu,,Naranmoti,Dasai,,9981278427,,,9981278427,,
Takravda Lakhansing Harvestar,Lakhansing,,Harvestar,Takravda,,+919993055384,,,+919993055384,,
utavada arvind patidar,utavada,arvind,patidar,,,9893993899,,,9893993899,,
Dasai Hitesh Pol,Hitesh,,Pol,Dasai,,+919179307502,,,+919179307502,,
Baloda gokul,Baloda,,gokul,,,7974987697,,,7974987697,,
Ledgav Bablu Patidar,Bablu,,Patidar,Ledgav,,+919755281880,,,+919755281880,,
Balod चेतन सिंह।,चेतन,,सिंह।,Balod,,9993110312,,,9993110312,,
Dasai Tarun Patidar,Tarun,,Patidar,Dasai,,7389125221,,,7389125221,,
Ch. Balod Kamlesh Sir Ekrnga,Ch.,Balod,Kamlesh Sir Ekrnga,,,9752861345,,,9752861345,,
Kesarpura karskant patidar,karskant,,patidar,Kesarpura,,+919752204111,,,+919752204111,,
dasai vishal khadi,vishal,,khadi,dasai,,+919752270414,,,+919752270414,,
dasai vikash valaseva big,vikash,valaseva,big,dasai,,8085912054,,,8085912054,,
Dasai Bhavesh Thakur,Bhavesh,,Thakur,Dasai,,+919893323381,,,+919893323381,,
Ghuleshig chodhri,Ghuleshig,,chodhri,,,7000541550,,,7000541550,,
Dasai Chentu Darbar 1,Chentu,Darbar,1,Dasai,,9755685528,,,9755685528,,
Kadod Rahul Rathor,Rahul,,Rathor,Kadod,,9630155879,,,9630155879,,
Manoj Balod,Manoj,,Balod,,,+919755227936,+917974325966,,+919755227936 | +917974325966,,
Dasai Anil Patel Bus Stend,Anil,Patel,Bus Stend,Dasai,Madhya Pradesh  India,+919630944877,,,+919630944877,,
Pana Vikashpatidar,Pana,,Vikashpatidar,,,+918889513200,,,+918889513200,,
Dasai Manoj Patidar Dere,Manoj,Patidar,Dere,Dasai,,+919752029613,,,+919752029613,,
Gopal patidar dasai,patidar,,dasai,Gopal,,9993356298,,,9993356298,,
Dasai Mohit Samhi,Mohit,,Samhi,Dasai,,7999598360,,,7999598360,,
Dasai Vekram Mander,Vekram,,Mander,Dasai,,9981627937,,,9981627937,,
Indore Massimo Battery,Massimo,,Battery,Indore,,+919309946375,,,+919309946375,,
Panda Yogendar Jepse,Panda,Yogendar,Jepse,,,9893526168,7987074071,,9893526168 | 7987074071,,
Khilede Arpit Patidar,Arpit,,Patidar,Khilede,,+919752253108,,,+919752253108,,
Keshav Goyal,Keshav,,Goyal,,,+919685519189,+918770306757,,+919685519189 | +918770306757,,
Dasai Kamal Patidar Palva,Kamal,Patidar,Palva,Dasai,,+919893776814,9893776814,,+919893776814 | 9893776814,,
Chotiya Balod Deepak,Balod,,Deepak,Chotiya,,8819959294,,,8819959294,,
Magod Kishor Sesodeya,Kishor,,Sesodeya,Magod,,+917067041083,,,+917067041083,,
takrvda gordhan,takrvda,,gordhan,,,+919589584738,,,+919589584738,,
Dasai Pakanj Sonarareya,Pakanj,,Sonarareya,Dasai,,9993157758,,,9993157758,,
Ritik,Ritik,,,,,+917223890355,,,+917223890355,,
rajod mehats pawar haush,rajod,mehats,pawar haush,,,9424093241,,,9424093241,,
Ghatoda दीपक Pavar,दीपक,,Pavar,Ghatoda,,8965990511,,,8965990511,,
Dasao kamal patidar,kamal,,patidar,Dasao,,9179713081,,,9179713081,,
Dasai Umesh Hotal,Umesh,,Hotal,Dasai,,+919098941802,,,+919098941802,,
Dasai Kamal Vaglecha Bick M. K,Kamal,Vaglecha,Bick M. K,Dasai,,+919752237798,,,+919752237798,,
Dasao Manoj Patidar Patidar Khacroda,Manoj,Patidar,Patidar Khacroda,Dasao,,+919522479499,,,+919522479499,,
Badwani Jyoti Patidar,Jyoti,,Patidar,Badwani,,+919685808273,,,+919685808273,,
Dasai Prakas Heragobha,Prakas,,Heragobha,Dasai,,9981609566,,,9981609566,,
Takrvada Sandeep Patidar,Takrvada,Sandeep,Patidar,,,9893465873,,,9893465873,,
balod chagan patidar,chagan,,patidar,balod,,9630713491,,,9630713491,,
Dasai Hari Om parmar dasai,Hari,Om,parmar dasai,Dasai,,7067488700,,,7067488700,,
Bhilgun Bheru Sing,Bheru,,Sing,Bhilgun,,8965802914,,,8965802914,,
Dasauli Ashavin H.m Light,Dasauli,Ashavin,H.m Light,,,+919238166557,,,+919238166557,,
balod bhart patidar,bhart,,patidar,balod,,+916265330811,,,+916265330811,,
Dasai Rohit Pol,Rohit,,Pol,Dasai,,7898738740,,,7898738740,,
Hariom Jagotra,Hariom,,Jagotra,,,8269622834,,,8269622834,,
kutpala bheru maru,bheru,,maru,kutpala,,9926814281,,,9926814281,,
chirakhan sorab patidar,sorab,,patidar,chirakhan,,+919981785050,,,+919981785050,,
Balod Ajay beragi,Ajay,,beragi,Balod,,7869858300,,,7869858300,,
Dadai Sunil Samje,Sunil,,Samje,Dadai,,08085909345,,,08085909345,,
Dasai Chetan Bhalod,Chetan,,Bhalod,Dasai,,9752863430,,,9752863430,,
निखिल राठोर!,निखिल,,राठोर!,,,+918461805348,,,+918461805348,,
Bidwal Manoj Patidar Jagotra,Manoj,Patidar,Jagotra,Bidwal,,+919685795146,,,+919685795146,,
Dasai mohan ji bhgapita,mohan,ji,bhgapita,Dasai,,9981074373,,,9981074373,,
Lohari Balram Sonalika,Balram,,Sonalika,Lohari,,+919977175173,,,+919977175173,,
Manohar ji dodiya khiledi,ji,dodiya,khiledi,Manohar,,8085631085,,,8085631085,,
Dasai vinod patidar hemadla,vinod,patidar,hemadla,Dasai,,7974950823,,,7974950823,,
Dasai Yogendra Sir Sing Rathod,Yogendra,Sir,Sing Rathod,Dasai,,+919754776899,,,+919754776899,,
Dasai Rajesh Her,Rajesh,,Her,Dasai,,9981855728,,,9981855728,,
dasai babu chodri,babu,,chodri,dasai,,9179307263,,,9179307263,,
nadram shirvi dasai,nadram,shirvi,dasai,,,9977279692,,,9977279692,,
dasai arun mukati,arun,,mukati,dasai,,9630667599,,,9630667599,,
Dasai Pritam Bhalod,Pritam,,Bhalod,Dasai,,+917024566711,,,+917024566711,,
Ledgav kelash parjapat,kelash,,parjapat,Ledgav,,9617852001,,,9617852001,,
Dasai Krisana Patidar Bhagapeta,Krisana,Patidar,Bhagapeta,Dasai,,8085808986,+917987347320,,8085808986 | +917987347320,,
दसाई सुनील बैरागी।,दसाई,सुनील,बैरागी।,,,8269259163,,,8269259163,,
Dasai Ajay Dhanaji,Ajay,,Dhanaji,Dasai,,7389235676,,,7389235676,,
Dasai Depak Patel,Depak,,Patel,Dasai,,7509907241,,,7509907241,,
Dasai Mahadev Chodhri,Mahadev,,Chodhri,Dasai,,9893796402,,,9893796402,,
Dasai Dev Nadrmanaa,Dev,,Nadrmanaa,Dasai,,+918349824482,,,+918349824482,,
Keshav,Keshav,,,,,+918770306757,,,+918770306757,,
Dasai Vinay Tent House,Vinay,Tent,House,Dasai,,+918827957179,,,+918827957179,,
dasai shree ram buvnji,shree,ram,buvnji,dasai,,9752294345,,,9752294345,,
Narayhn Ukarji,Narayhn,,Ukarji,,,+919752052996,,,+919752052996,,
Raful Lingwa,Raful,,Lingwa,,,9755065829,+916260184924,,9755065829 | +916260184924,,
dasai manish patidar chodri,manish,patidar,chodri,dasai,,9630078105,,,9630078105,,
magod umesh patidar,umesh,,patidar,magod,,9685515657,,,9685515657,,
Dasai Ranaji Auto Patas Bick M. k,Ranaji,Auto,Patas Bick M. k,Dasai,,7566307208,,,7566307208,,
dasai dharmendra bagla,dharmendra,,bagla,dasai,,9893795984,,,9893795984,,
kutpala manish maru,manish,,maru,kutpala,,9165485694,,,9165485694,,
Khutapla Dinesh kumavat,Khutapla,Dinesh,kumavat,,,9630991172,,,9630991172,,
Bidwal Maru Ele.rohit kamawat,Maru,Ele.rohit,kamawat,Bidwal,,+919926143033,,,+919926143033,,rohit kamawat
Dasai Pradeep Pawar,Pradeep,,Pawar,Dasai,,+919165885512,,,+919165885512,,
kavita aato parsh dasai,kavita,aato,parsh dasai,,,9893623593,,,9893623593,,
Bidwal Namo Grafex,Namo,,Grafex,Bidwal,,7247555648,,,7247555648,,
dasai manohar kanabhopa,manohar,,kanabhopa,dasai,,7354880092,,,7354880092,,
Lohari Depak Rajput,Depak,,Rajput,Lohari,,+917697866752,,,+917697866752,,
Dasai Lotas Marb,Lotas,,Marb,Dasai,,+919079039243,,,+919079039243,,
surajpur ramchndr sir,ramchndr,,sir,surajpur,,9993339675,,,9993339675,,
bidwalrahul doleya,bidwalrahul,,doleya,,,9685773742,,,9685773742,,
Dasai Gopal Patel,Gopal,,Patel,Dasai,,8085003924,,,8085003924,,
Kod Durgesh Patidar,Durgesh,,Patidar,Kod,,+918959720170,,,+918959720170,,
Dasai Sankar Chay,Sankar,,Chay,Dasai,,+919179713030,,,+919179713030,,
Dasai Suresh.chodhre,Dasai,,Suresh.chodhre,,,+919893793648,,,+919893793648,,
Dasai Vishal Valaseva Smill,Vishal,Valaseva,Smill,Dasai,,+919926616690,,,+919926616690,,
Dasai Vijay Jagaji Nimchok,Vijay,Jagaji,Nimchok,Dasai,,+919131840541,,,+919131840541,,
Dasai Ghanayam Bhagapeta,Ghanayam,,Bhagapeta,Dasai,,9993124286,,,9993124286,,
Dasai Vikas Semlavda,Vikas,,Semlavda,Dasai,,+919098562246,,,+919098562246,,
Dasai Jayesh Khacrod,Jayesh,,Khacrod,Dasai,,+918827716738,+916268631890,,+918827716738 | +916268631890,,
Dasai Vijay Pana,Vijay,,Pana,Dasai,,9144966695,,,9144966695,,
"Dasai ओम प्रकाश जी, सोनगरा!",ओम,प्रकाश,"जी, सोनगरा!",Dasai,,8839797130,,,8839797130,,
Banderi Gokul Ji Mukati,Gokul,Ji,Mukati,Banderi,,9713409130,,,9713409130,,
Kod Vicky Patidar,Vicky,,Patidar,Kod,Madhya Pradesh  India,+919981739540,9981739540,,+919981739540 | 9981739540,,
Dasai Pavan Khadi,Pavan,,Khadi,Dasai,,9755932725,+919755932725,,9755932725 | +919755932725,,
Dasai Babu Chodri Bick M. K,Babu,Chodri,Bick M. K,Dasai,,+919179307263,6263410574,9179307263.0,+919179307263 | 6263410574 | 9179307263,,
Dasai Rajesh Herateja,Rajesh,,Herateja,Dasai,,9981855728,+919981855728,,9981855728 | +919981855728,,
Lotas Marbal San,Marbal,,San,Lotas,,+916376511682,,,+916376511682,,
soniykhidi vikram ghatiya,soniykhidi,vikram,ghatiya,,,9981303345,,,9981303345,,
Dasai Shriram Puri Goswami,Shriram,Puri,Goswami,Dasai,Madhya Pradesh  India,+919755632671,,,+919755632671,,
gatoda fatesing,gatoda,,fatesing,,,9685708247,,,9685708247,,
Amzera Rajendra Rav,Rajendra,,Rav,Amzera,,9755065829,,,9755065829,,
Dasai Sanjay Rathore Jotel Handi,Sanjay,Rathore,Jotel Handi,Dasai,,+917024071390,,,+917024071390,,
Dasai Arun Renwala,Arun,,Renwala,Dasai,,+918349648019,,,+918349648019,,
Dasai Vikas Valashiva Big,Vikas,Valashiva,Big,Dasai,,8085912054,,,8085912054,,
balod mohan ekrangaa,mohan,,ekrangaa,balod,,+918770806651,,,+918770806651,,
Mahavir Electronics and Leth Working Shop,Mahavir,Electronics,and Leth Working Shop,,,+919981371777,,,+919981371777,,
Dasai Nilesh Pol Mistress,Nilesh,Pol,Mistress,Dasai,,+918770138016,+919074826143,,+918770138016 | +919074826143,,
Dasai Nilesh Khadi,Nilesh,,Khadi,Dasai,,+919074146887,,,+919074146887,,
Dasai Nilesh Patel,Nilesh,,Patel,Dasai,,9893613424,,,9893613424,,
Dasai Depu Bhalod,Depu,,Bhalod,Dasai,,+919179149158,,,+919179149158,,
dasai pavan nadrmanaa,pavan,,nadrmanaa,dasai,,9826786245,,,9826786245,,
Dasai Vinod Lohar,Vinod,,Lohar,Dasai,,9685766378,,,9685766378,,
Dasai Daksh Prajapat,Daksh,,Prajapat,Dasai,,+916268988251,,,+916268988251,,
Dasai Manoj Bjagapeta,Manoj,,Bjagapeta,Dasai,,+919993435016,,,+919993435016,,
Dasai Vikram Mander,Vikram,,Mander,Dasai,,+919340905704,,,+919340905704,,
Dasai Vebhav Mayda,Vebhav,,Mayda,Dasai,,+917879911259,,,+917879911259,,
Dasai नारायण जी नंबर डाल!,नारायण,जी,नंबर डाल!,Dasai,,+919074826160,9074826160,,+919074826160 | 9074826160,,
Dasai Sunil Patel,Sunil,,Patel,Dasai,,+917389452620,,,+917389452620,,
baloda dharmendra vaglecha 1,dharmendra,vaglecha,1,baloda,,9993930981,,,9993930981,,
Dasai Chotu Driyvar Tankimohla,Chotu,Driyvar,Tankimohla,Dasai,,9179016009,,,9179016009,,
mmmmmmm,mmmmmmm,,,,,9669799644,,,9669799644,,
DasaiChanchal Maida,DasaiChanchal,,Maida,,,+917354429499,,,+917354429499,,
Dasai Yogesh Patider Kanjgagaram,Yogesh,Patider,Kanjgagaram,Dasai,,+919179760852,,,+919179760852,,
Dasai Ghanshyam Kanaji,Ghanshyam,,Kanaji,Dasai,,+917566683340,,,+917566683340,,
Gaju padit dasai,padit,,dasai,Gaju,,9993434990,,,9993434990,,
Dasai Sandeep Ren,Sandeep,,Ren,Dasai,,+919074228836,,,+919074228836,,
Dasai Nanalal Nagumaji,Nanalal,,Nagumaji,Dasai,,+919685109602,,,+919685109602,,
Dasai Kankdhara,Dasai,,Kankdhara,,,+919893368617,,,+919893368617,,
Dasai Peru Bhut,Peru,,Bhut,Dasai,,+919589244428,,,+919589244428,,
Dasai Shubham Parjapat,Shubham,,Parjapat,Dasai,,7000233178,,,7000233178,,
nanuram jcb,nanuram,,jcb,,,7067586092,,,7067586092,,
Dasai Ghansham Tent Hose,Ghansham,Tent,Hose,Dasai,,9993525568,,,9993525568,,
Dasai Mahesh Valaseva,Mahesh,,Valaseva,Dasai,,9981906864,,,9981906864,,
Dasai Aman Prajapati,Aman,,Prajapati,Dasai,,+918085455693,,,+918085455693,,
Badnavar Savreya Tracter Sistam,Savreya,Tracter,Sistam,Badnavar,,9981959141,,,9981959141,,
Dasai Motilala Kodalzaman,Motilala,,Kodalzaman,Dasai,,8878875029,,,8878875029,,
Dasai Mnohar Patidar Ranavat,Mnohar,Patidar,Ranavat,Dasai,Madhya Pradesh  India,+919399816614,,,+919399816614,,
Dasai Jivan Okarje,Jivan,,Okarje,Dasai,,8269376562,,,8269376562,,
Dasai Kana Hirateja,Kana,,Hirateja,Dasai,,+917389220453,+919131370747,,+917389220453 | +919131370747,,
Dasai Dipak Chodhri,Dipak,,Chodhri,Dasai,,8269791293,,,8269791293,,
dasai tarun palva,tarun,,palva,dasai,,+919074321871,,,+919074321871,,
Dasao vikas Meghaji,vikas,,Meghaji,Dasao,,9644811374,,,9644811374,,
Dasai Ajay Parmar Driyvar,Ajay,Parmar,Driyvar,Dasai,,+917805044119,,,+917805044119,,
Dasai Chintu Darbar,Chintu,,Darbar,Dasai,,+916263564115,,,+916263564115,,
Pana Satvir,Pana,,Satvir,,,9009713792,,,9009713792,,
Deepak Jivaharchan,Deepak,,Jivaharchan,,,8269285803,,,8269285803,,
Dasai Rahul Semlavda,Rahul,,Semlavda,Dasai,,9074019435,,,9074019435,,
dasai rohit patidar,rohit,,patidar,dasai,,+918349173595,,,+918349173595,,
Dasai Dipak Maru,Dipak,,Maru,Dasai,,7047322113,,,7047322113,,
Kutpala Abhishek Shree Kar,Abhishek,Shree,Kar,Kutpala,,+919893255167,,,+919893255167,,
Dasai Harshit Harsher Patidar Kanjigagaram,Harshit,Harsher,Patidar Kanjigagaram,Dasai,,9589030550,+919589030550,,9589030550 | +919589030550,,
Dasai Pavan Borvel,Pavan,,Borvel,Dasai,,+919617162524,,,+919617162524,,
Dasai Shree Computar,Shree,,Computar,Dasai,,9993538799,,,9993538799,,
Rajdeep,Rajdeep,,,,,9893705221,,,9893705221,,
dasai aman suleya,aman,,suleya,dasai,,7470572344,,,7470572344,,
Dasai suresh patidar Jcb,suresh,patidar,Jcb,Dasai,,9993055380,,,9993055380,,
DasAi Kamal Khamaleya,Kamal,,Khamaleya,DasAi,,+918269594409,,,+918269594409,,
Dasai Sunil Patidar,Sunil,,Patidar,Dasai,,9630731909,,,9630731909,,
hh,hh,,,,,+916265642788,,,+916265642788,,
Dasai Govind Okarje,Govind,,Okarje,Dasai,Madhya Pradesh  India,+919584908903,,,+919584908903,,
Indore Raju Bus,Raju,,Bus,Indore,,+917869725804,,,+917869725804,,
Datoda Deepak Pawar,Datoda,Deepak,Pawar,,,+918965990511,8965990511,,+918965990511 | 8965990511,,
Bidwal Suresh NadarsunaaPatider,Suresh,,NadarsunaaPatider,Bidwal,,9755773252,,,9755773252,,
Chay New,Chay,,New,,,9993356257,,,9993356257,,
Dasai Ravi Ren,Ravi,,Ren,Dasai,,+919074282944,,,+919074282944,,
kkkkkk,kkkkkk,,,,,+917999592367,,,+917999592367,,
Dasai Sunil Nanaghar,Sunil,,Nanaghar,Dasai,,+918269963065,,,+918269963065,,
Dasai pankhj sharma,pankhj,,sharma,Dasai,,9179065533,,,9179065533,,
Dasai Golu Bhagaeta,Golu,,Bhagaeta,Dasai,Madhya Pradesh  India,+919752254833,,,+919752254833,,
Dasai Vinod Hemadala,Vinod,,Hemadala,Dasai,,+917974950823,7974950823,,+917974950823 | 7974950823,,
Dasai Sunil Bhimaje,Sunil,,Bhimaje,Dasai,,+919993055350,,,+919993055350,,
Vinod Patidar Nanaghar,Patidar,,Nanaghar,Vinod,Madhya Pradesh  India,+919752863203,,,+919752863203,,
dasai gorav patidar maeda,gorav,patidar,maeda,dasai,,9589649710,,,9589649710,,
Dasai Vikash Jairamji,Vikash,,Jairamji,Dasai,,+919685028149,,,+919685028149,,
Khildei Manohar Patidar Drivar,Manohar,Patidar,Drivar,Khildei,,9893683973,,,9893683973,,
Dasai Pavan Dhannje,Pavan,,Dhannje,Dasai,,+919893986122,,,+919893986122,,
Dasai sandeep patidar pol,sandeep,patidar,pol,Dasai,,9179976295,,,9179976295,,
Dasai सदाबहार Online,सदाबहार,,Online,Dasai,,9179929832,,,9179929832,,
Dasai Arpit Patidar Mander,Arpit,Patidar,Mander,Dasai,,8269718915,,,8269718915,,
Dasai Gajun Dugaji,Gajun,,Dugaji,Dasai,,+919893994837,,,+919893994837,,
Dasai Ravi Patidar Ramchan,Ravi,Patidar,Ramchan,Dasai,,+919752864662,,,+919752864662,,
Dasai Suresh Patidar Shaymbanej,Suresh,Patidar,Shaymbanej,Dasai,Madhya Pradesh  India,+919893794562,,,+919893794562,,
Gordan parjapat khiledi,Gordan,parjapat,khiledi,,,9826665677,,,9826665677,,
Dasai Sandip Patidar M. k,Sandip,Patidar,M. k,Dasai,,+919893692352,,,+919893692352,,
Dasai Rupesh Ren Patidar,Rupesh,Ren,Patidar,Dasai,,+917024405670,,,+917024405670,,
Dharmendra baret Dasai,Dharmendra,baret,Dasai,,,9644562249,,,9644562249,,
Dasai Suman Aantiji,Suman,,Aantiji,Dasai,,+919179136885,,,+919179136885,,
Dasai Gopal Parmar,Gopal,,Parmar,Dasai,Madhya Pradesh  India,+919926640519,+919340008463,,+919926640519 | +919340008463,,
Bharavda Gopal Kulhara,Gopal,,Kulhara,Bharavda,,9407894944,,,9407894944,,
Dasai Rahul Pal,Rahul,,Pal,Dasai,,8435940414,,,8435940414,,
Aarti Lohari,Aarti,,Lohari,,,9669704708,,,9669704708,,
Rachna Vepen,Rachna,,Vepen,,,+917566223871,,,+917566223871,,
Khakhedi Gopal Ji Daima,Gopal,Ji,Daima,Khakhedi,,9589626688,,,9589626688,,
Livgurad Sarviss Indore Depak Ji,Sarviss,Indore,Depak Ji,Livgurad,,7509224924,,,7509224924,,
Dasai Mayur Dodeya,Mayur,,Dodeya,Dasai,,+919993824221,,,+919993824221,,
