Full Name,First Name,Last Name,Middle Name,Phone 1,Phone 2,Phone 3,All Phones,Email,Organization,Address
Padam Pura Govend Maru Sonaleka,Padam Pura Govend,Sonaleka,Maru,9977694623,,,9977694623,,,
Takeravda Veren Darbar,Takeravda,Darbar,Veren,9926285952,,,9926285952,,,
Barkeda Delip Maru,Barkeda,Maru,Delip,9174573501,,,9174573501,,,
Dasai Ravi Valasheva Smill,Dasai Ravi,Smill,Valasheva,9074427501,,,9074427501,,,
OPPO India,OPPO,India,,,,,,,,
News,News,,,9705253397,,,9705253397,,,
Dasai Jivan Bemae,Dasai,Bemae,Jivan,+917000937150,,,+917000937150,,,
अन्नु लाबरियाफाटा,अन्नु लाबरियाफाटा,,,7898149805,,,7898149805,,,
कवीता गोपालपुरा,कवीता गोपालपुरा,,,7247082497,,,7247082497,,,
बोरी खुशबु,बोरी खुशबु,,,7898131009,,,7898131009,,,
नामलि ज्योति,नामलि ज्योति,,,7223923119,,,7223923119,,,
बोरी विरैन्द,बोरी विरैन्द,,,9109941233,,,9109941233,,,
Khushi,Khushi,,,9630231152,,,9630231152,,,
Badwa,Badwa,,,7869651204,,,7869651204,,,
महेश पाटीदार,महेश पाटीदार,,,9685850887,,,9685850887,,,
सपना बङोदिया,सपना बङोदिया,,,8827576725,,,8827576725,,,
रेशमा भाभि,रेशमा भाभि,,,9893448009,,,9893448009,,,
सुमन भुत,सुमन भुत,,,+919981289400,,,+919981289400,,,
शाँति कडमाल,शाँति कडमाल,,,+917773004639,,,+917773004639,,,
मीरा,मीरा,,,7089919039,,,7089919039,,,
अनुराधागोशाला,अनुराधागोशाला,,,9589492155,,,9589492155,,,
दिनेश भाई,दिनेश भाई,,,722388823,,,722388823,,,
OPPO India,OPPO India,,,,,,,,,
आशा मईडा,आशा,मईडा,,+918827476418,,,+918827476418,,,
Dasai NArayan Badshah,Dasai,Badshah,NArayan,+919752213200,,,+919752213200,,,
हैमा भाभी,हैमा,भाभी,,9981486811,,,9981486811,,,
Kinda Ghatoda,Kinda,Ghatoda,,9575808208,,,9575808208,,,
शॅकर भाई बङवानी,शॅकर,बङवानी,भाई,9993449482,,,9993449482,,,
Kod Jayesh Tent House Brother,Kod Jayesh Tent,Brother,House,+917746892452,,,+917746892452,,,
कानँहा,कानँहा,,,9174713988,,,9174713988,,,
Amzera Rjendra Yadv,Amzera,Yadv,Rjendra,9755065829,,,9755065829,,,
Dasai Goluraja Rathod,Dasai,Rathod,Goluraja,+917999837103,,,+917999837103,rgolu5651@gmail.com,,"Madhya Pradesh, India"
मेघा,मेघा,,,8109666319,,,8109666319,,,
राघापोल,राघापोल,,,8817294357,,,8817294357,,,
शबु बङवानी,शबु,बङवानी,,9993051270,,,9993051270,,,
Sima Gabbaji,Sima,Gabbaji,,9131204203,,,9131204203,,,
Dasaigopaljivaharch,Dasaigopaljivaharch,,,9893889417,,,9893889417,,,
शैफालि,शैफालि,,,+919755669252,,,+919755669252,,,
सरसवती,सरसवती,,,9179397124,,,9179397124,,,
Dasai Niten Kevlje,Dasai,Kevlje,Niten,7489141170,,,7489141170,,,
Dasai Denesh Pa A,Dasai Denesh,A,Pa,+919340869612,,,+919340869612,,,
पाना वाला,पाना,वाला,,9981278412,,,9981278412,,,
dasai Dasai Dharmendra baret,dasai Dasai,baret,Dharmendra,9644562249,,,9644562249,,,
पारस ईमली,पारस,ईमली,,6265163995,,,6265163995,,,
सनजय सुसारी,सनजय,सुसारी,,+919981793694,,,+919981793694,,,
राधीका मनावर,राधीका,मनावर,,6265777109,,,6265777109,,,
Dasai Om Hotal,Dasai,Hotal,Om,+919993124284,,,+919993124284,,,
संतौषी निसरपुर,संतौषी,निसरपुर,,9826552670,,,9826552670,,,
Dasai Suoresh patel Big,Dasai Suoresh,Big,patel,9981620822,,,9981620822,,,
रोहीत गोपालपुरा,रोहीत,गोपालपुरा,,9644542246,,,9644542246,,,
पुनमचनद,पुनमचनद,,,9993503467,,,9993503467,,,
भोलुगङि,भोलुगङि,,,8770586580,,,8770586580,,,
लोकेश जोतपुर,लोकेश,जोतपुर,,+919753535562,,,+919753535562,,,
कनहैया बङवानी,कनहैया,बङवानी,,9993687774,,,9993687774,,,
निशा,निशा,,,7247219139,,,7247219139,,,
निशा पलवा,निशा,पलवा,,8966929392,,,8966929392,,,
भारती रिगनोद,भारती,रिगनोद,,+919826814776,,,+919826814776,,,
पिन्टु ठाकुर,पिन्टु,ठाकुर,,9074323113,,,9074323113,,,
जयोति बङवानी,जयोति,बङवानी,,+919685808273,,,+919685808273,,,
Dasai Manohar Ranavat,Dasai,Ranavat,Manohar,9993447114,,,9993447114,,,
Barkheda Amrat Maru,Barkheda,Maru,Amrat,9685608711,9981366730,,9685608711 | 9981366730,,,
सुमन,सुमन,,,+919179136885,,,+919179136885,,,
Kamal Palva,Kamal,Palva,,9893776814,,,9893776814,,,
Dasai Retesh Samje,Dasai,Samje,Retesh,+919109639080,,,+919109639080,,,
रीना,रीना,,,9685588861,,,9685588861,,,
Indore Power House India,Indore Power,India,House,+919893244600,,,+919893244600,,,
Gopal Patel,Gopal,Patel,,8085003924,,,8085003924,,,
Dasai Ukarlal Patidar Pol,Dasai Ukarlal,Pol,Patidar,+919074831586,,,+919074831586,,,
Vikash Da Semlavda,Vikash,Semlavda,Da,+919098562246,,,+919098562246,,,
जितु भया,जितु,भया,,+919589244507,,,+919589244507,,,
Suresh Mamaji Nathajada,Suresh,Nathajada,Mamaji,9993055380,,,9993055380,,,
vishal sambhu,vishal,sambhu,,+919752270414,,,+919752270414,,,
Babu da chodary,Babu,chodary,da,6263410574,,,6263410574,,,
Gagan Mamaji Bidwal,Gagan,Bidwal,Mamaji,8827784598,,,8827784598,,,
Durgesh Kod,Durgesh,Kod,,+918959720170,,,+918959720170,,,
Shree Ram Valasiva,Shree,Valasiva,Ram,9179437650,,,9179437650,,,
Dasararh Maida Mittu,Dasararh,Mittu,Maida,9131401186,,,9131401186,,,
Vikaram Da Mandir,Vikaram,Mandir,Da,9981627937,,,9981627937,,,
Dasai Chetan Patidar,Dasai,Patidar,Chetan,9752863430,,,9752863430,,,
Brather N,Brather,N,,+919752052996,,,+919752052996,,,
sankar chai,sankar,chai,,+919179713030,,,+919179713030,,,
Dasai Kamal Khadi,Dasai,Khadi,Kamal,8085050261,,,8085050261,,,
Suresh Ji Chodary,Suresh,Chodary,Ji,+919893793648,,,+919893793648,,,
Dasai Mukesh Texi,Dasai,Texi,Mukesh,+919893796144,,,+919893796144,,,
Vishal Da Valasiva,Vishal,Valasiva,Da,+919926616690,,,+919926616690,,,
Pc,Pc,,,+918085626972,,,+918085626972,,,
Dasai Balram Patidar Pol,Dasai Balram,Pol,Patidar,+918878938541,,,+918878938541,,,
Manoj Da Balod,Manoj,Balod,Da,+919993527876,,,+919993527876,,,
K K Kanabofa,K,Kanabofa,K,9074400287,,,9074400287,,,
Mandalik Jii,Mandalik,Jii,,+917999204945,,,+917999204945,,,
Jayesh Da Labriya Fata,Jayesh Da,Fata,Labriya,+916268631890,,,+916268631890,,,
Dasai Gogul Chay,Dasai,Chay,Gogul,9516382597,,,9516382597,,,
Vijay Pana,Vijay,Pana,,9144966695,,,9144966695,,,
Mukesh Ancale Suliya,Mukesh,Suliya,Ancale,+919755301292,,,+919755301292,,,
Rahul Vishvkarma,Rahul,Vishvkarma,,9993572384,,,9993572384,,,
Ashok Da Danaji,Ashok,Danaji,Da,+918269909624,,,+918269909624,,,
Rakesh Ancale Suliya,Rakesh,Suliya,Ancale,+919755301341,,,+919755301341,,,
Chintu Da Darbar,Chintu,Darbar,Da,+916263564115,,,+916263564115,,,
Sellu Medikal,Sellu,Medikal,,+917000541552,,,+917000541552,,,
Mahesh Da Tapara,Mahesh,Tapara,Da,+919893889441,,,+919893889441,,,
Barat Da Darad,Barat,Darad,Da,+919993179914,,,+919993179914,,,
Pratap Graval,Pratap,Graval,,9425047157,,,9425047157,,,
Shivam Mantari,Shivam,Mantari,,+917067510742,,,+917067510742,,,
Jatt Rediam,Jatt,Rediam,,+918718963696,,,+918718963696,,,
Pawan Jiju Kanabofa,Pawan,Kanabofa,Jiju,+919617162524,,,+919617162524,,,
Mohit Samji Class 11,Mohit Samji,11,Class,7999598360,,,7999598360,,,
Rakesh Da Kobavala,Rakesh,Kobavala,Da,9993356257,,,9993356257,,,
Kamal Vagela,Kamal,Vagela,,+919752237798,,,+919752237798,,,
Prakash Heragobha,Prakash,Heragobha,,9981609566,,,9981609566,,,
Angel👀❣️,Angel👀❣️,,,7999529538,,,7999529538,,,
Mohan Papa Padosi,Mohan,Padosi,Papa,9981074373,,,9981074373,,,
Vikash Jayramji,Vikash,Jayramji,,+919685028149,,,+919685028149,,,
M P Online Tarun Chohan,M P Online,Chohan,Tarun,9179929832,,,9179929832,,,
Gopal Maida,Gopal,Maida,,+919893851767,,,+919893851767,,,
Lainman Dasai,Lainman,Dasai,,8839797130,,,8839797130,,,
Gokul jiju bandedi,Gokul,bandedi,jiju,9713409130,,,9713409130,,,
Anil Da Patel,Anil,Patel,Da,+919630944877,,,+919630944877,,,
Ganshyam Ji Bhaggaphitha,Ganshyam,Bhaggaphitha,Ji,9993124286,,,9993124286,,,
Ajay Parmar Tankimohola,Ajay,Tankimohola,Parmar,+917805044119,,,+917805044119,,,
Hema Ji 2,Hema,2,Ji,+916265642788,,,+916265642788,,,
chanchala ji,chanchala,ji,,7987732887,,,7987732887,,,
Dasai Vijay Patidar Medikal,Dasai Vijay,Medikal,Patidar,+919425061204,,,+919425061204,,,Madhya Pradesh  India
Mukesh ji teri ancale,Mukesh ji,ancale,teri,+919893796144,,,+919893796144,,,
Ravi Da Rajdeep,Ravi,Rajdeep,Da,9981885088,,,9981885088,,,
Depak Online 2,Depak,2,Online,7047322113,,,7047322113,,,
Kamal Da Khamaliya,Kamal,Khamaliya,Da,+918269594409,,,+918269594409,,,
Aradana Bas Driver 5 Pm,Aradana Bas Driver,Pm,5,+917869725804,,,+917869725804,,,
Suresh Mamaji Bidwal,Suresh,Bidwal,Mamaji,9755773252,,,9755773252,,,
Bhabhi Kn 3,Bhabhi,3,Kn,+917999592367,,,+917999592367,,,
Shree Ram Ji 2,Shree Ram,2,Ji,9752294345,,,9752294345,,,
Pravin Da Kodval,Pravin,Kodval,Da,8269712692,,,8269712692,,,
Kana Da Pol,Kana,Pol,Da,+919752052138,,,+919752052138,,,
Dasai surend,Dasai,surend,,7470664210,,,7470664210,,,
Vijay Bhaiya Kod,Vijay,Kod,Bhaiya,9981739540,,,9981739540,,,
Jiju D,Jiju,D,,9893411498,,,9893411498,,,
Dasai Pravin Patidar,Dasai,Patidar,Pravin,8269712692,,,8269712692,,,
Dasai Kamal Sir Khacroda,Dasai Kamal,Khacroda,Sir,9179148499,,,9179148499,,,
Dasai Nilesh Patidar Class Met,Dasai Nilesh Patidar,Met,Class,+919179065519,,,+919179065519,,,
Dasai Punamchand Bhut Patidar,Dasai Punamchand,Patidar,Bhut,+918827959473,,,+918827959473,,,
Dasai Ritesh Sanmji,Dasai,Sanmji,Ritesh,+917566472021,,,+917566472021,,,
Vaibhav Maida,Vaibhav,Maida,,+917879911259,,,+917879911259,,,
Dasai Bharat Samaje,Dasai,Samaje,Bharat,9893995929,,,9893995929,,,
Dasai Narayn Nabardas,Dasai,Nabardas,Narayn,+919755372441,9074826160,,+919755372441 | 9074826160,,,
ravi echer,ravi,echer,,9179016009,,,9179016009,,,
Vijay Da Plastik Bandar,Vijay Da,Bandar,Plastik,9669799644,,,9669799644,,,
Chanchal Maida,Chanchal,Maida,,+917354429499,,,+917354429499,,,
Vijay Jagaji,Vijay,Jagaji,,+919131840541,,,+919131840541,,,
Dasai Abhishek Kevlje,Dasai,Kevlje,Abhishek,9754369238,,,9754369238,,,
Gaju Mandalik,Gaju,Mandalik,,9993434990,,,9993434990,,,
Shubam Da Fassion Telar,Shubam Da,Telar,Fassion,7000233178,,,7000233178,,,
Mahaveer Rajestan,Mahaveer,Rajestan,,+917014503626,,,+917014503626,,,
Depak Chodary,Depak,Chodary,,8269791293,,,8269791293,,,
Pardep Kadi,Pardep,Kadi,,9752893490,,,9752893490,,,
Dasai Aayush Meghaji Jcb Harvester,Dasai Aayush Meghaji,Harvester,Jcb,+917987638712,,,+917987638712,,,
Sattu Da Morgav,Sattu,Morgav,Da,9685807709,,,9685807709,,,
Karan Ustad,Karan,Ustad,,7024471712,,,7024471712,,,
Depak Valasiva,Depak,Valasiva,,+919109075768,,,+919109075768,,,
Rohit Banna 🤡,Rohit,🤡,Banna,+918349173595,,,+918349173595,,,
shivam samji,shivam,samji,,+917223896705,,,+917223896705,,,
Jaynarayan Chodari,Jaynarayan,Chodari,,+919893291180,,,+919893291180,,,
Kumarpat Mekenik,Kumarpat,Mekenik,,7987377962,,,7987377962,,,
babalu battary,babalu,battary,,9893705221,,,9893705221,,,
Manoj Da Deri,Manoj,Deri,Da,+919752029613,,,+919752029613,,,
Gopal Ancale Kobvala,Gopal,Kobvala,Ancale,9993356298,,,9993356298,,,
Depak Da Rajput Gatoda,Depak Da,Gatoda,Rajput,8965990511,,,8965990511,,,
Ravi Ren,Ravi,Ren,,+919074282944,,,+919074282944,,,
Shiva Ji The Boss,Shiva Ji,Boss,The,+919893369454,,,+919893369454,,,
Vinod Da Pol,Vinod,Pol,Da,+919752863203,,,+919752863203,,,
Pawan Da Danaji,Pawan,Danaji,Da,+919893986122,,,+919893986122,,,
Sandeep Gadiya,Sandeep,Gadiya,,9179976295,,,9179976295,,,
Arpit Da Mandir,Arpit,Mandir,Da,8269718915,,,8269718915,,,
Vikash Valasiva,Vikash,Valasiva,,8085912054,,,8085912054,,,
Nilesh Da Pol,Nilesh,Pol,Da,+918770138016,,,+918770138016,,,
Bhamndekhi Nilesh Maru,Bhamndekhi,Maru,Nilesh,9893608074,,,9893608074,,,
Depak Da Balod,Depak,Balod,Da,+919179149158,,,+919179149158,,,
Dasai Pavan Bhut,Dasai,Bhut,Pavan,+919685794879,,,+919685794879,,,
Ghatoda Kamal Solanki,Ghatoda,Solanki,Kamal,+918839889851,,,+918839889851,,,
Dasai Ravi Mukesh Samji,Dasai Ravi,Samji,Mukesh,7225875639,,,7225875639,,,
Dasai Sunil Valaseva,Dasai,Valaseva,Sunil,08770319376,,,08770319376,,,
Dasai Govind Patidar Ukarji,Dasai Govind,Ukarji,Patidar,+917987363558,,,+917987363558,,,Madhya Pradesh  India
Dakash Bazar,Dakash,Bazar,,+916268988251,,,+916268988251,,,
Dasai Vijay Pol 2,Dasai Vijay,2,Pol,+918319631985,,,+918319631985,,,
Dasai Akashy Palwan,Dasai,Palwan,Akashy,+919074400283,,,+919074400283,,,
Narendra Nambardar,Narendra,Nambardar,,8269259160,,,8269259160,,,
Dasai jankalal katliya,Dasai,katliya,jankalal,9993655929,,,9993655929,,,
Pandit Chay,Pandit,Chay,,8602347717,,,8602347717,,,
Manoj Da Bhaggaphitha 2,Manoj Da,2,Bhaggaphitha,+919993435016,,,+919993435016,,,
Vikaram Da mandir,Vikaram,mandir,Da,+919340905704,,,+919340905704,,,
Dasai Golu Bhut,Dasai,Bhut,Golu,+919981775825,,,+919981775825,,,Madhya Pradesh  India
Dasai Golu Maru Drivar,Dasai Golu,Drivar,Maru,+919589122451,,,+919589122451,,,
Sunil Patel,Sunil,Patel,,+917389452620,,,+917389452620,,,
Dharmendra Bhaloda,Dharmendra,Bhaloda,,9993930981,,,9993930981,,,
Dasai Kaneya Parmar Sarpnch,Dasai Kaneya,Sarpnch,Parmar,+917970207455,,,+917970207455,,,
Dasai Seru Bhopa,Dasai,Bhopa,Seru,9893506857,,,9893506857,,,
Ganshyam Ji Kanaji,Ganshyam,Kanaji,Ji,+917566683340,,,+917566683340,,,
Sandeep Da Ren,Sandeep,Ren,Da,+919074228836,,,+919074228836,,,
lalu ji ramchand,lalu,ramchand,ji,+919893509309,,,+919893509309,,,
Nanalal Da Nagumaji,Nanalal,Nagumaji,Da,+919685109602,,,+919685109602,,,
Dasai Kana Pol,Dasai,Pol,Kana,+919752052138,,,+919752052138,,,
Piru Bhut,Piru,Bhut,,+919589244428,,,+919589244428,,,
Hariram Pawar,Hariram,Pawar,,9977454825,,,9977454825,,,
ghansyam bhimaji,ghansyam,bhimaji,,9993525568,,,9993525568,,,
Nilesh Da Baravda,Nilesh,Baravda,Da,+919977621155,,,+919977621155,,,
kana hirateja,kana,hirateja,,+919131370747,,,+919131370747,,,
Vijay Da Fatkiya,Vijay,Fatkiya,Da,+919685067336,,,+919685067336,,,
Subham Bhaiya Davai,Subham,Davai,Bhaiya,+917770808885,,,+917770808885,,,
Premsing Da Thekedar,Premsing,Thekedar,Da,8349888448,,,8349888448,,,
Nikku Pandit,Nikku,Pandit,,+919399709254,,,+919399709254,,,
Tarun Palava,Tarun,Palava,,+919074321871,,,+919074321871,,,
Dasai Raju Patel Smill,Dasai Raju,Smill,Patel,7223905828,+917223905828,,7223905828 | +917223905828,,,
Soni Sir Sonar,Soni,Sonar,Sir,+917000725859,,,+917000725859,,,
Kanha Pana,Kanha,Pana,,9179309309,,,9179309309,,,
Satveer Pana,Satveer,Pana,,9009713792,,,9009713792,,,
chirag ghati,chirag,ghati,,+917470545814,,,+917470545814,,,
Ashok Ancale Herateja,Ashok,Herateja,Ancale,9993355849,,,9993355849,,,
Nikil Ratakana,Nikil,Ratakana,,+917898213991,,,+917898213991,,,
Dilip Sir,Dilip,Sir,,+919827250602,,,+919827250602,,,
Chayan Dada,Chayan,Dada,,+919575452011,,,+919575452011,,,
vinay kasikodi,vinay,kasikodi,,+919098621738,,,+919098621738,,,
Vikash Gadi,Vikash,Gadi,,+919074291640,,,+919074291640,,,
Arjun Da Bhaggaphitha,Arjun,Bhaggaphitha,Da,9981561332,,,9981561332,,,
Mayur Dodiya,Mayur,Dodiya,,+919993824221,,,+919993824221,,,
Harshit Kanjigangaram,Harshit,Kanjigangaram,,+919589030550,,,+919589030550,,,
Kamlesh Da Pol,Kamlesh,Pol,Da,+919893443992,,,+919893443992,,,
Vijay Chodary,Vijay,Chodary,,+917000601934,,,+917000601934,,,
Manish Da Pol,Manish,Pol,Da,+918085225151,,,+918085225151,,,
Next Electronics and computers C,Next Electronics and computers,C,,7389125221,,,7389125221,,,
parash da,parash,da,,+919993963104,,,+919993963104,,,
Chintu Darbar 2,Chintu,2,Darbar,9755685528,,,9755685528,,,
Kamal Patel Jcb Gatoda,Kamal Patel,Gatoda,Jcb,9981241632,,,9981241632,,,
Brather G,Brather,G,,+919584908903,,,+919584908903,,,
pankaj Songara,pankaj,Songara,,9993157758,,,9993157758,,,
Sunil Da Pol,Sunil,Pol,Da,+918269963065,,,+918269963065,,,
Rohit Pol,Rohit,Pol,,7898738740,,,7898738740,,,
Sunil samji,Sunil,samji,,08085909345,,,08085909345,,,
Vinod Hemadala,Vinod,Hemadala,,7974950823,,,7974950823,,,
Jiju S,Jiju,S,,+919993055350,,,+919993055350,,,
pritan balu,pritan,balu,,+917024566711,,,+917024566711,,,
Ajay Danaji,Ajay,Danaji,,7389235676,,,7389235676,,,
Gorav Maida,Gorav,Maida,,9589649710,,,9589649710,,,
manohar kiledi lasan chalni,manohar kiledi,chalni,lasan,9893683973,,,9893683973,,,
Gaju Da Dugaji,Gaju,Dugaji,Da,+919893994837,,,+919893994837,,,
Rohit Maru,Rohit,Maru,,+919926143033,,,+919926143033,,,
Suresh Ji Shyambanej,Suresh,Shyambanej,Ji,+919893794562,,,+919893794562,,,
Govardan Seth Killed,Govardan,Killed,Seth,9826665677,,,9826665677,,,
Vikram Ancale Baloda Fata,Vikram Ancale,Fata,Baloda,9981303345,,,9981303345,,,
Sandeep Da Mekenik,Sandeep,Mekenik,Da,+919893692352,,,+919893692352,,,
Sanju Darbar,Sanju,Darbar,,+917024071390,,,+917024071390,,,
Dasai Rehab Patel,Dasai,Patel,Rehab,8959301035,,,8959301035,,,
Dasai Gope Palaseya,Dasai,Palaseya,Gope,+919074509050,,,+919074509050,,,
Nilesh Kadi,Nilesh,Kadi,,+919074146887,,,+919074146887,,,
Nilesh Patel,Nilesh,Patel,,9893613424,,,9893613424,,,
Jatin Panda Gerej,Jatin,Gerej,Panda,+919770537248,,,+919770537248,,,
Dasai Pankanj Kanjigagaram,Dasai,Kanjigagaram,Pankanj,8630680382,,,8630680382,,,
Dasai Retek Limaji,Dasai,Limaji,Retek,+916232478821,,,+916232478821,,,
पवन मामाजी,पवन,मामाजी,,9826786245,,,9826786245,,,
Padmpura Girdharilal Maru,Padmpura,Maru,Girdharilal,+919926203571,,,+919926203571,,,
Vinod Lohar,Vinod,Lohar,,9685766378,,,9685766378,,,
Dasai Amrit Ghari,Dasai,Ghari,Amrit,8269632867,,,8269632867,,,
Yogesh Kanjigangaram,Yogesh,Kanjigangaram,,+919179760852,,,+919179760852,,,
Rahul Dodiya,Rahul,Dodiya,,+919589773527,,,+919589773527,,,
Kavarlal Seth Herateja,Kavarlal,Herateja,Seth,+919893368617,,,+919893368617,,,
Ayush Bhut,Ayush,Bhut,,+919993525513,,,+919993525513,,,
Anil Da But,Anil,But,Da,9981561400,,,9981561400,,,
Nanuram Bhai Jcb Gadota,Nanuram Bhai,Gadota,Jcb,7067586092,,,7067586092,,,
महेश वालासिवा,महेश,वालासिवा,,9981906864,,,9981906864,,,
Aman Bhaiya Prajapat,Aman,Prajapat,Bhaiya,+918085455693,,,+918085455693,,,
Banti Bhimaji,Banti,Bhimaji,,+919584699863,,,+919584699863,,,
Ravi Bhut,Ravi,Bhut,,+919981561337,,,+919981561337,,,
Allokh Badanavar K N P,Allokh Badanavar K,P,N,9981959141,,,9981959141,,,
Motilal Kodalaksaman,Motilal,Kodalaksaman,,8878875029,,,8878875029,,,
Manohar ranavat,Manohar,ranavat,,+919399816614,,,+919399816614,,,
jevan da ukarji,jevan,ukarji,da,8269376562,,,8269376562,,,
Vikash Megaji,Vikash,Megaji,,9644811374,,,9644811374,,,
Bura Da Photo Grafar,Bura Da,Grafar,Photo,+919584307572,,,+919584307572,,,
Depak Da Jivachand 2,Depak Da,2,Jivachand,8269285803,,,8269285803,,,
Rahul Semlavda,Rahul,Semlavda,,9074019435,,,9074019435,,,
Yogesh Badshah,Yogesh,Badshah,,8827402623,,,8827402623,,,
Dinesh Da Valasiva,Dinesh,Valasiva,Da,9993123965,,,9993123965,,,
Abhisekh Kumavat Adar Card,Abhisekh Kumavat,Card,Adar,+919893255167,,,+919893255167,,,
Dinesh Ji Naranmoti,Dinesh,Naranmoti,Ji,9993169452,,,9993169452,,,
bola valasiva,bola,valasiva,,9993538799,,,9993538799,,,
Jitu Da Naranmoti,Jitu,Naranmoti,Da,9981278427,,,9981278427,,,
पवन खडीवाला,पवन,खडीवाला,,+919755932725,,,+919755932725,,,
Aman Toran Darvaja,Aman,Darvaja,Toran,7470572344,,,7470572344,,,
Sunil Da Maida,Sunil,Maida,Da,9630731909,,,9630731909,,,
Depak Balod 2,Depak,2,Balod,8819959294,,,8819959294,,,
kamal sir,kamal,sir,,9179713081,,,9179713081,,,
Umesh Da Hotal,Umesh,Hotal,Da,+919098941802,,,+919098941802,,,
Manoj Da Shidu,Manoj,Shidu,Da,+919522479499,,,+919522479499,,,
Arav Sen 2,Arav,2,Sen,7067488700,,,7067488700,,,
ashvin mandlik,ashvin,mandlik,,+919238166557,,,+919238166557,,,
Navin Da Jagotra,Navin,Jagotra,Da,8269622834,,,8269622834,,,
Pankaj Panditji,Pankaj,Panditji,,9179065533,,,9179065533,,,
Golu Da Bhaggaphitha,Golu,Bhaggaphitha,Da,+919752254833,,,+919752254833,,,
Krishna Da Bhaggaphitha Bado 2,Krishna Da Bhaggaphitha,2,Bado,+917987347320,,,+917987347320,,,
Vinay Da Tapara,Vinay,Tapara,Da,+918827957179,,,+918827957179,,,
Darbar Chai,Darbar,Chai,,9752847128,,,9752847128,,,
Hariom Patidar Safa Bidwal,Hariom Patidar,Bidwal,Safa,7247555648,,,7247555648,,,
Ravi Ramchand,Ravi,Ramchand,,+919752864662,,,+919752864662,,,
Rosan Kachroda,Rosan,Kachroda,,9516047761,,,9516047761,,,
Vijay Danaji,Vijay,Danaji,,+918959294595,,,+918959294595,,,
Rupesh Dr. Ren,Rupesh,Ren,Dr.,+917024405670,,,+917024405670,,,
arun da ren,arun,ren,da,+918349648019,,,+918349648019,,,
Indore Akchay Sharma Battery,Indore Akchay,Battery,Sharma,7697882269,,,7697882269,,,
Dasai Magal Jen,Dasai,Jen,Magal,+919617899807,,,+919617899807,,,
Pulesss,Pulesss,,,9131836238,,,9131836238,,,
Ratlam Amit Hansari Foras Chandra Moters,Ratlam Amit Hansari Foras,Moters,Chandra,+918871768477,,,+918871768477,,,
Indore Okaya Vikash Sir,Indore Okaya,Sir,Vikash,+918103338647,,,+918103338647,,null,
Ex,Ex,,,,,,,,,
Livgurad Sarviss Aakash Ji,Livgurad Sarviss,Ji,Aakash,9893827937,,,9893827937,,,
Dasai Puspendra Vishkrama Carpenter,Dasai Puspendra,Carpenter,Vishkrama,7000541740,,,7000541740,,,
Rajdeep Power Point,Rajdeep Power Point,,,+919669705221,,,+919669705221,,,
Dasai Kavi Pol 2,Dasai Kavi,2,Pol,+917987045242,,,+917987045242,,,
Khilede Kelash Khokar,Khilede,Khokar,Kelash,9752002641,,,9752002641,,,
Dasai Krisna Khachroda,Dasai,Khachroda,Krisna,+918770507652,,,+918770507652,,,
Pana Denesh,Pana,Denesh,,9993152047,,,9993152047,,,
Indore Sukala Auto Patas,Indore Sukala,Patas,Auto,+919826017819,,,+919826017819,,,
Dasai Sambhu Ukarje,Dasai,Ukarje,Sambhu,9981265714,,,9981265714,,,
Khelide Madan Khokhar,Khelide,Khokhar,Madan,+919754547500,,,+919754547500,,,
Dasai Rajesh Bhut Lic,Dasai Rajesh,Lic,Bhut,9993355856,,,9993355856,,,
Sentral Bus Mangal,Sentral,Mangal,Bus,9685550283,,,9685550283,,,
Bharavda Bablu Bati,Bharavda,Bati,Bablu,+916263655863,,,+916263655863,,,
Takravda Veren Darbar,Takravda,Darbar,Veren,9993352055,,,9993352055,,,
Dasai Mama Hotal,Dasai,Hotal,Mama,+919981974690,,,+919981974690,,,
Baloda Dharmendraje Vaglecha,Baloda,Vaglecha,Dharmendraje,+917987782464,,,+917987782464,,,
Bank Of Maharastra Dasai,Bank Of,Dasai,Maharastra,+9160188788703,,,+9160188788703,,,
Indore Shobhag Chohan,Indore,Chohan,Shobhag,+918770681248,,,+918770681248,,,
Dasai Pavan Himgaga Watar,Dasai Pavan,Watar,Himgaga,+917987766739,,,+917987766739,,,
Dasai Omprakas Kanjigagaram,Dasai,Kanjigagaram,Omprakas,9893310329,,,9893310329,,,
Dasai Manohar Kanjigagaram,Dasai,Kanjigagaram,Manohar,9630111628,,,9630111628,,,
Barmandal Jamak Shreekar,Barmandal,Shreekar,Jamak,+919993238625,,,+919993238625,,,
Khilede Jetu Kalavt,Khilede,Kalavt,Jetu,+919630780982,,,+919630780982,,,
Dasai Umesh Herateja,Dasai,Herateja,Umesh,+919981561391,,,+919981561391,,,
Bodvada Tent House,Bodvada,House,Tent,9826847162,,,9826847162,,,
Khachroda Sunil Patidar Tent House,Khachroda Sunil Patidar,House,Tent,9165893334,,,9165893334,,,
Dasai Sunil Suleya,Dasai,Suleya,Sunil,9993434959,,,9993434959,,,
Khilede Shayam Patidar Khokhar,Khilede Shayam,Khokhar,Patidar,+919589968164,,,+919589968164,,,
Kod Ajay Patidar,Kod,Patidar,Ajay,+919179190146,,,+919179190146,,,
Dasai Gordan Megaji,Dasai,Megaji,Gordan,+919993442057,,,+919993442057,,,
Ralamandal Mukesh Bordeya,Ralamandal,Bordeya,Mukesh,+919993055366,,,+919993055366,,,
Chdeya Balod Kavarlal Khajurvale,Chdeya Balod,Khajurvale,Kavarlal,+919907913536,,,+919907913536,,,
Dasai Ashok Raguvnsi,Dasai,Raguvnsi,Ashok,9926041235,,,9926041235,,,
Ledgav Magal Sir,Ledgav,Sir,Magal,9981242384,,,9981242384,,,
Fuledi Delip Patidar,Fuledi,Patidar,Delip,+919893794460,,,+919893794460,,,
Raja Jen2,Raja,Jen2,,+918269857497,,,+918269857497,,,
Ligwa,Ligwa,,,9826461179,,,9826461179,,,
Khelede Vinod Patidar,Khelede,Patidar,Vinod,+917999960954,,,+917999960954,,,
Khiledi Pravin Mukati,Khiledi,Mukati,Pravin,8839707561,,,8839707561,,,
Soneya Khedi Suresh Patel,Soneya Khedi,Patel,Suresh,9993119885,,,9993119885,,,
Morgav Pretam Patidar Video Mekar,Morgav Pretam Patidar,Mekar,Video,8085895738,,,8085895738,,,
Dasai Paras Emli,Dasai,Emli,Paras,9752053861,,,9752053861,,,
Khilede Vijay Shree,Khilede,Shree,Vijay,7898439523,,,7898439523,,,
Dasai Babalu Bhut,Dasai,Bhut,Babalu,+919179713118,,,+919179713118,,,
Fuledi Akelesh Pentar,Fuledi,Pentar,Akelesh,+918815939860,,,+918815939860,,,
Seloda Naren Je Swaraj,Seloda Naren,Swaraj,Je,8435384924,,,8435384924,,,
Bharavda Shubham Patel,Bharavda,Patel,Shubham,6261380364,,,6261380364,,,
Galunda Bherusing Sonalika,Galunda,Sonalika,Bherusing,8120395408,,,8120395408,,,
Galunada Rajesh Sonalika,Galunada,Sonalika,Rajesh,6260217993,,,6260217993,,,
Check. Balod Mahendra Patidar Sonaleka,Check. Balod Mahendra,Sonaleka,Patidar,6263301378,,,6263301378,,,
Kutpala Setaram Gerwal,Kutpala,Gerwal,Setaram,+917096253453,,,+917096253453,,,
Khilede Shubhasm Patai,Khilede,Patai,Shubhasm,9630765192,,,9630765192,,,
Khilede Kamal Hada,Khilede,Hada,Kamal,+919630121257,,,+919630121257,,,
Dasai Ashok Servi,Dasai,Servi,Ashok,+919340870036,,,+919340870036,,,
Cherakhan Sanjy Jaysaval,Cherakhan,Jaysaval,Sanjy,+919977525294,,,+919977525294,,,
Dasai Motilala Se Ren Sonalika,Dasai Motilala Se,Sonalika,Ren,9993123964,,,9993123964,,,
Bamnkhidi Arju Maru,Bamnkhidi,Maru,Arju,+919644545205,,,+919644545205,,,
Seloda Kalu Patel,Seloda,Patel,Kalu,+919977011674,,,+919977011674,,,
Fuledi Rajendra Patel Messy Jondeyar,Fuledi Rajendra Patel,Jondeyar,Messy,+919340482254,,,+919340482254,,,
Pana Amrat Service Farmetek,Pana Amrat,Farmetek,Service,9993539069,,,9993539069,,,
Balod Govind Patidar Messe,Balod Govind,Messe,Patidar,9752294359,,,9752294359,,,
Khilede Sohan Nenama Mahendra,Khilede Sohan,Mahendra,Nenama,+919106014066,,,+919106014066,,,
Kadod Chetan Dhakad,Kadod,Dhakad,Chetan,+918770084244,,,+918770084244,,,
Bidwal Magilal Servi,Bidwal,Servi,Magilal,9752199736,,,9752199736,,,
Bidwal Raj Chodhare,Bidwal,Chodhare,Raj,9685484906,,,9685484906,,,
Lohari Magilal Parmar,Lohari,Parmar,Magilal,9265696713,,,9265696713,,,
Padampura Santilal Je,Padampura,Je,Santilal,9669720471,,,9669720471,,,
Kapastal Sunil,Kapastal,Sunil,,8458902155,,,8458902155,,,
Dasai Gogul Ramchan,Dasai,Ramchan,Gogul,8349867550,,,8349867550,,,
Ralamandal Mukesh Je,Ralamandal,Je,Mukesh,9713405868,,,9713405868,,,
Fuledi Mugli Mesee,Fuledi,Mesee,Mugli,9179100353,,,9179100353,,,
Dasai Rajesh Khadi,Dasai,Khadi,Rajesh,+919993124063,,,+919993124063,,,
Baloda Kamal Kulhara,Baloda,Kulhara,Kamal,8349080151,,,8349080151,,,
Utavda Arvind Patidar Harvest,Utavda Arvind,Harvest,Patidar,9098218825,,,9098218825,,,
Morgav Omprakas Je Patidar,Morgav Omprakas,Patidar,Je,+919926976961,,,+919926976961,,,
Dasai Motilala Baloda Vale,Dasai Motilala,Vale,Baloda,9993565296,,,9993565296,,,
Indore Shobhag Singh Chouhan,Indore Shobhag,Chouhan,Singh,9753488889,,,9753488889,,,
Dasai Mahesh Gati,Dasai,Gati,Mahesh,9893998329,,,9893998329,,,
Kutpala Kelash Je Kutpala Swaraj,Kutpala Kelash Je,Swaraj,Kutpala,+919977773154,,,+919977773154,,,
Dasai Govind Kumar,Dasai,Kumar,Govind,+919893789259,,,+919893789259,,,
Ledgav Prajapat Stone Kreshar,Ledgav Prajapat,Kreshar,Stone,+918889282332,,,+918889282332,,,
Dasai Ghanyam Kanaji,Dasai,Kanaji,Ghanyam,+918085676506,,,+918085676506,,,
khalsa sound sistam,khalsa,sistam,sound,8685870336,,,8685870336,,,
dasai denesh khacroda,dasai,khacroda,denesh,+919893310415,,,+919893310415,,,
dasai selu mander jio,dasai selu,jio,mander,+917000541552,,,+917000541552,,,
Dasai Umesh Darbar,Dasai,Darbar,Umesh,+919893536642,,,+919893536642,,,
Baloda Gogul Kalhara,Baloda,Kalhara,Gogul,9926037783,7974987697,,9926037783 | 7974987697,,,
Ujjen Raj Battery 2 Friend,Ujjen Raj Battery,Friend,2,+919669529666,,,+919669529666,,,
Dasai Lala Bus,Dasai,Bus,Lala,8827262089,,,8827262089,,,
Bharvda Sanjay Hada 744,Bharvda Sanjay,744,Hada,+919981270412,,,+919981270412,,,
Just Auto Training Centar,Just Auto,Centar,Training,9426721222,,,9426721222,,,
Nabha Sef Express,Nabha,Express,Sef,9999283931,,,9999283931,,,
Kharsoda Nirjan Sharma,Kharsoda,Sharma,Nirjan,9893947108,,,9893947108,,,
Dasai Anil Bick M. K,Dasai Anil Bick,K,M.,+919630408428,,,+919630408428,,,
Seff Express Boy,Seff,Boy,Express,+918882806680,,,+918882806680,,,
Dasai Vikram Beragi Bick M. K,Dasai Vikram Beragi Bick,K,M.,+917869858300,7869858300,,+917869858300 | 7869858300,,,
Panjab Indore Ditto,Panjab,Ditto,Indore,+919417194484,,,+919417194484,,,
Padampura Kamanl Ankal,Padampura,Ankal,Kamanl,+919575100912,,,+919575100912,,,
Padampura Denesh Eicher Tracter,Padampura Denesh,Tracter,Eicher,+917697678904,,,+917697678904,,,
Bidwal Gattu Kotwal 2,Bidwal Gattu,2,Kotwal,+917354407295,,,+917354407295,,,
Dhar Dharmendra Patidar Jcb,Dhar Dharmendra,Jcb,Patidar,+917974620539,,,+917974620539,,,
Massimo Catamar Care,Massimo,Care,Catamar,7680083831,,,7680083831,,,
Dilraj Singh Patel Banglore,Dilraj Singh,Banglore,Patel,+917415171281,,,+917415171281,,,
Dasai Raghav Patidar Ren,Dasai Raghav,Ren,Patidar,+919074163363,,,+919074163363,,,
Ratlam Mega. Auto Patas Sachin Ji Rathod,Ratlam Mega. Auto Patas Sachin,Rathod,Ji,+919753045160,,,+919753045160,,,
Dasai Mahendra Patidar Pol,Dasai Mahendra,Pol,Patidar,+919713682100,,,+919713682100,,,
Ch. Balod Mahendra Patidar School Frind,Ch. Balod Mahendra Patidar,Frind,School,9981781892,,,9981781892,,,
Lohari Aarti Patidar,Lohari,Patidar,Aarti,+919329540090,,,+919329540090,,,
Dantoli Gagarama Aklechji,Dantoli,Aklechji,Gagarama,7974150799,,,7974150799,,,
Dasai Deepak Mahankal Auto Patas,Dasai Deepak Mahankal,Patas,Auto,+917999030695,+919893383293,,+917999030695 | +919893383293,,,
Microtek Hariom Shukla,Microtek,Shukla,Hariom,7692922284,,,7692922284,,,
Kutpla Kamlesh Maru,Kutpla,Maru,Kamlesh,+918120619556,,,+918120619556,,,
Delhi Audio Borad Cabinet,Delhi Audio,Cabinet,Borad,9810907801,,,9810907801,,,
Ingenss Swichh,Ingenss,Swichh,,+918660155638,,,+918660155638,,,
Dantoli Pream Aglecha,Dantoli,Aglecha,Pream,7000571028,,,7000571028,,,
Jeer,Jeer,,,+919993986421,,,+919993986421,,,
Delhi Hi Lux And Wessco,Delhi Hi Lux,Wessco,And,9176494676,,,9176494676,,,
Bosch Deepak Dube,Bosch,Dube,Deepak,7768086870,,,7768086870,,,
Dasai Arjun Dhobi,Dasai,Dhobi,Arjun,+919343955338,,,+919343955338,,,
Mansor Manish Ghar,Mansor,Ghar,Manish,+916262802511,,,+916262802511,,,
Dasai Deepak Bhimaji,Dasai,Bhimaji,Deepak,+919993935362,,,+919993935362,,,
Delhi Fargo,Delhi,Fargo,,+918010968891,,,+918010968891,,,
Ratlam Invetar Repeyar,Ratlam,Repeyar,Invetar,+919667796648,,,+919667796648,,,
Ledgav Dharmendra Chohan,Ledgav,Chohan,Dharmendra,+919993453762,,,+919993453762,,,
Balod Smill Kavarlal,Balod,Kavarlal,Smill,+917879588144,,,+917879588144,,,
Dasai Behari,Dasai,Behari,,+919109543953,,,+919109543953,,,
Dasai Mukesh Suleya,Dasai,Suleya,Mukesh,+919755301292,,,+919755301292,,,
Battery Tarminal Potekatar,Battery,Potekatar,Tarminal,+917249357231,,,+917249357231,,,
Livgurad Sarviss,Livgurad,Sarviss,,7428191000,,,7428191000,,,
New Delihi Wiring Harness Speyar,New Delihi Wiring,Speyar,Harness,8700877514,,,8700877514,,,
Magrol Shaym Jija,Magrol,Jija,Shaym,+918269034999,,,+918269034999,,,
Harness Canetarkar,Harness,Canetarkar,,9667959790,,,9667959790,,,
Rajpura Depak Darbar,Rajpura,Darbar,Depak,7471178129,,,7471178129,,,
Amla Baloda Remesh Bheya,Amla Baloda,Bheya,Remesh,+917898519660,,,+917898519660,,,
Indore Shree Mohan Transport Godawn,Indore Shree Mohan,Godawn,Transport,7049457594,,,7049457594,,,
Delhi Ad Prodet,Delhi,Prodet,Ad,8820685952,,,8820685952,,,
Indore Mahadev Road Line,Indore Mahadev,Line,Road,9907246779,,,9907246779,,,
Indore Kb Tracter Patas,Indore Kb,Patas,Tracter,9425320542,9425057821,,9425320542 | 9425057821,,,
Ralamandal Dulesing Chodhri,Ralamandal,Chodhri,Dulesing,9993356368,,,9993356368,,,
Neb Feck Nabar,Neb,Nabar,Feck,+918085233229,,,+918085233229,,,
Dasai Tonu Bhrothar New Nabar,Dasai Tonu Bhrothar,Nabar,New,+918871979029,,,+918871979029,,,
Indore Yogi Ele,Indore,Ele,Yogi,+919977721001,,,+919977721001,,,
Dasai Dasrth Sonareya,Dasai,Sonareya,Dasrth,9893160865,+919893160865,,9893160865 | +919893160865,,,
All In One Invetar,All In,Invetar,One,9977333263,,,9977333263,,,
Indore Sef Express,Indore,Express,Sef,9301037010,,,9301037010,,,
Dantoli Sakti Darbar,Dantoli,Darbar,Sakti,+918839858897,,,+918839858897,,,
Dasai Ashok Prajapat,Dasai,Prajapat,Ashok,+919993735469,,,+919993735469,,,
Bhelgun Bherusing,Bhelgun,Bherusing,,+917000541550,7000541550,,+917000541550 | 7000541550,,,
Dasai Motilal Semlavda,Dasai,Semlavda,Motilal,+919340896194,,,+919340896194,,,
Dasai Govind Kher,Dasai,Kher,Govind,+919179490792,,,+919179490792,,,
Dasai Kelash Ji Jevaharchan,Dasai Kelash,Jevaharchan,Ji,9755183937,,,9755183937,,,
Dasai Kelash Ji Mayda,Dasai Kelash,Mayda,Ji,+919993734848,,,+919993734848,,,
Dasai Natuji Ju Khadi,Dasai Natuji,Khadi,Ju,+919993538796,,,+919993538796,,,
Dhar Rahul Marking Boy,Dhar Rahul,Boy,Marking,+917509813823,,,+917509813823,,,
Delhi Wiyring Harness Speyar 2,Delhi Wiyring Harness,2,Speyar,+919810479733,,,+919810479733,,,
Tarod Umrav Ji Darbar,Tarod Umrav,Darbar,Ji,+919826997012,9826997012,,+919826997012 | 9826997012,,,
Dasai Hariheragpba,Dasai,Hariheragpba,,+919993446856,,,+919993446856,,,
Dasai Naren Jen Sanjay Calonay,Dasai Naren Jen,Calonay,Sanjay,+919893848899,,,+919893848899,,,
Dasai Madan Dj,Dasai,Dj,Madan,+918349554473,,,+918349554473,,,
BadwaniShubham Javai,BadwaniShubham,Javai,,+917879975434,,,+917879975434,,,
Ghatoda Isvar Sing Patel Jaondeyar Farmetek,Ghatoda Isvar Sing Patel,Farmetek,Jaondeyar,7067608153,9926782108,,7067608153 | 9926782108,,,
Indore Prins Pus,Indore,Pus,Prins,9098442752,,,9098442752,,,
Padmpra Swaraj 735 Maru,Padmpra Swaraj,Maru,735,8815488127,,,8815488127,,,
Sound Audio Kit,Sound,Kit,Audio,9884171788,,,9884171788,,,
New Audio,New,Audio,,9557783438,,,9557783438,,,
Dasai Ravi Jiju Pana Vale,Dasai Ravi Jiju,Vale,Pana,9644874612,,,9644874612,,,
Padpura Swaraj 735 Maru,Padpura Swaraj,Maru,735,,,,,,,
Khiledi Magal Dhobi,Khiledi,Dhobi,Magal,9755965348,,,9755965348,,,
Khiledi Jagdesh Ji Fores And Sonalika,Khiledi Jagdesh Ji Fores,Sonalika,And,+916261395702,,,+916261395702,,,
Ujjen Foto,Ujjen,Foto,,9827282178,,,9827282178,,,
Utacda Mukesh Jat,Utacda,Jat,Mukesh,7240972322,,,7240972322,,,
Dasai Lachhu Kaka Samji,Dasai Lachhu,Samji,Kaka,9893505479,,,9893505479,,,
Dasai Sanju Mevati,Dasai,Mevati,Sanju,9893994970,,,9893994970,,,
Dasai Sunil Bick M. K,Dasai Sunil Bick,K,M.,+918269259163,8269259163,,+918269259163 | 8269259163,,,
Merat हर्ष अग्रवाल,Merat,अग्रवाल,हर्ष,+919368166759,,,+919368166759,,,
Sarvesh,Sarvesh,,,+918888086336,,,+918888086336,,,
Luminous Rahul Sing Parmar,Luminous Rahul,Parmar,Sing,777387772,,,777387772,,,
Suresh Old Battery Skerp,Suresh Old,Skerp,Battery,+917999189026,,,+917999189026,,,
Lohari Mamaji,Lohari,Mamaji,,9301749717,,,9301749717,,,
Indore Sef Express,Indore,Express,Sef,+919300155682,,,+919300155682,,,
"Okaya As, Office",Okaya,As,,+917389914036,,,+917389914036,,,
Sagwal Mukesh Bhavsar Jondeyar Mahendra,Sagwal Mukesh Bhavsar,Mahendra,Jondeyar,+919981702182,,,+919981702182,,,
Liteyam Battery,Liteyam,Battery,,9897707111,,,9897707111,,,
Batttery Laknaw,Batttery,Laknaw,,+919335845180,,,+919335845180,,,
matchline pawan sir ji nemuch,matchline pawan sir,nemuch,ji,+919425922124,,,+919425922124,,okaya\;dealer,
Nimach Pentu Mechline,Nimach,Mechline,Pentu,9425106466,,,9425106466,,,
Indrval Chetan Dhakad,Indrval,Dhakad,Chetan,7795680010,,,7795680010,,,
Fuledi Kamal Sing,Fuledi,Sing,Kamal,9993356254,,,9993356254,,,
Dasai Ramprasad Mstar,Dasai,Mstar,Ramprasad,9755216193,,,9755216193,,,
Indore Auto Loding Arjun,Indore Auto,Arjun,Loding,9009716624,,,9009716624,,,
Dasai Shree Computar,Dasai,Computar,Shree,7999529538,,,7999529538,,,
Indore Kelas Stekar,Indore,Stekar,Kelas,+918120181388,,,+918120181388,,,
Khiledi Yash Prajapat,Khiledi,Prajapat,Yash,+919630121137,,,+919630121137,,,
Papa,Papa,,,+919893369454,,,+919893369454,,,
Indore Jondeyar Tracter Patas,Indore Jondeyar,Patas,Tracter,+919977075003,,,+919977075003,,,
Pra,Pra,,,,,,,,,
Bidwal Suresh Katareya,Bidwal,Katareya,Suresh,9981867011,,,9981867011,,,
Dasai Papu Ji Naranmoti,Dasai Papu,Naranmoti,Ji,9893678309,,,9893678309,,,
Hedrolik Clipeing Mashin,Hedrolik,Mashin,Clipeing,9606030693,,,9606030693,,,
Loding Gadi Dasai Chohan,Loding Gadi,Chohan,Dasai,+919685638092,,,+919685638092,,,
Dhamnda Depak Patidar,Dhamnda,Patidar,Depak,+918770287245,,,+918770287245,,,
Dasai Sachin Prajapat,Dasai,Prajapat,Sachin,7987888701,,,7987888701,,,
Bidwal Sajan Sing Ji Laenmen,Bidwal Sajan Sing,Laenmen,Ji,9644852568,9754622568,,9644852568 | 9754622568,,,
Dasai Mofatlal Patidar Bhalod,Dasai Mofatlal,Bhalod,Patidar,7999732728,,,7999732728,,,
Badwani Kaneheya Patidar,Badwani,Patidar,Kaneheya,9993687774,,,9993687774,,,
Da,Da,,,,,,,,,
Utavda Rohit Patidar New Holland,Utavda Rohit Patidar,Holland,New,7869673810,,,7869673810,,,
Kadod Selesh Rathod,Kadod,Rathod,Selesh,+919630155879,9630155879,,+919630155879 | 9630155879,,,
Khiledi Akchay,Khiledi,Akchay,,+917389869086,,,+917389869086,,,
Dasai Narayan Valaseva,Dasai,Valaseva,Narayan,9993344580,,,9993344580,,,
Dasai Vimal Ghadi,Dasai,Ghadi,Vimal,9893723278,,,9893723278,,,
Dasai Shayam Pat,Dasai,Pat,Shayam,,,,,,,
Dasai Yasvant Bhimaji,Dasai,Bhimaji,Yasvant,+919685277577,,,+919685277577,,,
Khiladi Sanju Khokhar,Khiladi,Khokhar,Sanju,+919644514787,,,+919644514787,,,
Ghatoda Isverar Sing,Ghatoda,Sing,Isverar,9926782108,,,9926782108,,,
Dasai Prasant Ele,Dasai,Ele,Prasant,+919893079016,9893079016,,+919893079016 | 9893079016,,,
Mukesh Megaji,Mukesh,Megaji,,9981735748,,,9981735748,,,
Utavada Jitendra Patidar Johndeer,Utavada Jitendra,Johndeer,Patidar,9993434905,,,9993434905,,,
Niku,Niku,,,+916265756681,,,+916265756681,,,
Kutpala Krisna Shreekar,Kutpala,Shreekar,Krisna,9589066175,,,9589066175,,,
Dasai Gogul Narnmoti,Dasai,Narnmoti,Gogul,+917987871511,7987871511,,+917987871511 | 7987871511,,,
Dasai Upendra Pandet,Dasai,Pandet,Upendra,9993835864,,,9993835864,,,
Kutpala Jimmy,Kutpala,Jimmy,,9630991172,8517991172,,9630991172 | 8517991172,,,
Sultapur Naren M. K,Sultapur Naren,K,M.,9111749707,,,9111749707,,,
Khiledi Venod Patil,Khiledi,Patil,Venod,9993575558,,,9993575558,,,
Indore Jen Auto Patas Helper,Indore Jen Auto,Helper,Patas,+917828877284,,,+917828877284,,,
Soniji Raw 2,Soniji,2,Raw,+917987595094,,,+917987595094,,,
Soniji Rau-2,Soniji,Rau-2,,+917987595094,,,+917987595094,,,
Laxmi Motars Niten,Laxmi,Niten,Motars,+919993590111,,,+919993590111,,,
Indore Jagdish Enterprises,Indore,Enterprises,Jagdish,9926026170,,,9926026170,,,
Dasai Zank Bhut,Dasai,Bhut,Zank,+919893759954,,,+919893759954,,,
Khiledi Rakesh Patidar Jcb,Khiledi Rakesh,Jcb,Patidar,+919977525386,9977525386,,+919977525386 | 9977525386,,,
Ligva Mahesh Mama,Ligva,Mama,Mahesh,7697658004,,,7697658004,,,
Hospital Sistar,Hospital,Sistar,,+919165898183,,,+919165898183,,,
Indore Faybar Hoot And Coolar,Indore Faybar Hoot,Coolar,And,9039301558,,,9039301558,,,
Indore Bahadursing Exide Battery,Indore Bahadursing,Battery,Exide,9926578099,,,9926578099,,,
Dasai Ramesh Sirvi,Dasai,Sirvi,Ramesh,+919617880585,,,+919617880585,,,
Feck Coll,Feck,Coll,,+919675967704,,,+919675967704,,,
Hdrc Rajgad,Hdrc,Rajgad,,+918770831281,,,+918770831281,,,
Dasai Rakesh Bhemaji,Dasai,Bhemaji,Rakesh,6265493166,,,6265493166,,,
Dasai Ravi Parmar,Dasai,Parmar,Ravi,9589293346,,,9589293346,,,
Dasai Umesh Maru,Dasai,Maru,Umesh,9009190912,,,9009190912,,,
Khiedi Jug,Khiedi,Jug,,9179393082,,,9179393082,,,
Dasai Sachin Prajapat,Dasai,Prajapat,Sachin,9179839292,,,9179839292,,,
Khiledi Kalu Patel 855,Khiledi Kalu,855,Patel,7898159112,,,7898159112,,,
Dasai Bhagavati Bhut,Dasai,Bhut,Bhagavati,9893889359,,,9893889359,,,
Dasai Antiji Water,Dasai,Water,Antiji,+918718876752,,,+918718876752,,,
Dasai Selu Lali,Dasai,Lali,Selu,7067265509,,,7067265509,,,
Ankit,Ankit,,,+919993208217,,,+919993208217,,,
Indore Raju Jen,Indore,Jen,Raju,8269535386,,,8269535386,,,
A 1 Coolar Motar,A 1,Motar,Coolar,+919607900668,,,+919607900668,,,
Indore Veethree,Indore,Veethree,,9827247582,,,9827247582,,,
Siloda Balu Patel 855,Siloda Balu,855,Patel,+919993678934,,,+919993678934,,,
Dasai Light Repering Ravi Patidar,Dasai Light Repering,Patidar,Ravi,7049489494,,,7049489494,,,
Ujjen Kirti Auto Patas,Ujjen Kirti,Patas,Auto,9827323535,,,9827323535,,,
Dasai Dilip Raghuvanshi,Dasai,Raghuvanshi,Dilip,+919993666194,,,+919993666194,,,
Dasai Gogul Megaji,Dasai,Megaji,Gogul,+917389972381,,,+917389972381,,,
Dasai Manoj Patidar Balod,Dasai Manoj,Balod,Patidar,+917999861247,,,+917999861247,,,
Dasai Amart Kanjigagaram,Dasai,Kanjigagaram,Amart,+919981620887,,,+919981620887,,,
Dasai Balram Kriparam,Dasai,Kriparam,Balram,9993618413,,,9993618413,,,
Dasai Jivan Chay,Dasai,Chay,Jivan,9009803735,,,9009803735,,,
Dasai Kamal Jen,Dasai,Jen,Kamal,8839004042,,,8839004042,,,
Ch. Balod Rameshwar Ji Dheri Vale,Ch. Balod Rameshwar Ji,Vale,Dheri,+918720825075,,,+918720825075,,,
Audio Bord,Audio,Bord,,8700637426,,,8700637426,,,
Indore Kee Chen,Indore,Chen,Kee,8817171709,,,8817171709,,,
Dantoli Mahesh Dr,Dantoli,Dr,Mahesh,9977175170,,,9977175170,,,
Dasai Nilesh Bhopa,Dasai,Bhopa,Nilesh,+919584275396,,,+919584275396,,,
Dasai Kavar Pol,Dasai,Pol,Kavar,8827688394,,,8827688394,,,
Bhamnkhidi Krasna Maru,Bhamnkhidi,Maru,Krasna,7047186882,,,7047186882,,,
Kharsoda Sharmahe,Kharsoda,Sharmahe,,+919644088502,,,+919644088502,,,
Indore Seetal Jen,Indore,Jen,Seetal,+917470511066,,,+917470511066,,,
Kutpala Manesh Maru Swaraj,Kutpala Manesh,Swaraj,Maru,+919165485694,9165485694,,+919165485694 | 9165485694,,,
Takravda Shaym Patel,Takravda,Patel,Shaym,+919399083150,,,+919399083150,,,
Swaraj Shoroom,Swaraj,Shoroom,,9981302728,,,9981302728,,,
Microtek Subhash Dasore,Microtek,Dasore,Subhash,9300016473,,,9300016473,,,
Mltone,Mltone,,,9811757064,,,9811757064,,,
Dasai Shilu MAnder,Dasai,MAnder,Shilu,+919993126473,,,+919993126473,,,
Kiijijj Just And I Could Have A In Fv Go,Kiijijj Just And I Could Have A In,Go,Fv,2180020833884,882282182009,0101114811801115024,2180020833884 | 882282182009 | 0101114811801115024 | 200881851585258208221281011055101800 | 8 | 844959993 | 500080000088008008080008802 | 05000020002002005800200000010150205058 | 0 | 800511,,,
Cherakhan Shaym Jaywal,Cherakhan,Jaywal,Shaym,+919977776833,,,+919977776833,,,
Seema Rajput,Seema,Rajput,,9340855947,,,9340855947,,,
Dasai Mukesh Logrji,Dasai,Logrji,Mukesh,9926275050,,,9926275050,,,
Indore Jain Auto,Indore,Auto,Jain,9981547995,,,9981547995,,,
Dasai Ravi Valas,Dasai,Valas,Ravi,9074427501,,,9074427501,,,
Ratlam Durgesh Prajapat,Ratlam,Prajapat,Durgesh,+919770809102,,,+919770809102,,,
Belgun Arun Pawar,Belgun,Pawar,Arun,+919753792020,,,+919753792020,,,
Dasai Devendra Bhimaji,Dasai,Bhimaji,Devendra,7869622792,,,7869622792,,,
Indore Gupta Je,Indore,Je,Gupta,+919584390545,,,+919584390545,,,
Led Light,Led,Light,,+919601551733,,,+919601551733,,,
Mansor Manesh 2,Mansor,2,Manesh,+916260793434,,,+916260793434,,,
Dasai Hetesh Doggaje,Dasai,Doggaje,Hetesh,9993636571,,,9993636571,,,
Takeravda Sundarlalpatidar,Takeravda,Sundarlalpatidar,,+919977634449,,,+919977634449,,,
Dasai Kamal Texi,Dasai,Texi,Kamal,7869678578,,,7869678578,,,
Dasai Dharmendra Samje Ghar,Dasai Dharmendra,Ghar,Samje,9340050315,,,9340050315,,,
Seloda Mas,Seloda,Mas,,+917354026318,,,+917354026318,,,
Khiledi Sandep Patidar,Khiledi,Patidar,Sandep,9993503459,,,9993503459,,,
Dantoli Ghanhaym Swaraj,Dantoli,Swaraj,Ghanhaym,9630713874,7089228126,,9630713874 | 7089228126,,,
Bidaval Shivam Patil,Bidaval,Patil,Shivam,+919827725266,,,+919827725266,,,
Okiya Sarves,Okiya,Sarves,,18001037011,,,18001037011,,,
Nimnol Jagdesh Kamdar,Nimnol,Kamdar,Jagdesh,+919893239117,,,+919893239117,,,
Dasai Shuresh Bhopa,Dasai,Bhopa,Shuresh,9993355870,,,9993355870,,,
Maharast Raju Patil,Maharast,Patil,Raju,+917666407078,,,+917666407078,,,
Dantoli Shakti Darbar,Dantoli,Darbar,Shakti,+919926974540,,,+919926974540,,,
Exide Harishkesh Panday,Exide,Panday,Harishkesh,+919826762999,,,+919826762999,,,
Kemeleya Keids School,Kemeleya,School,Keids,+917000461761,,,+917000461761,,,
Dasai Arjun Chodhre,Dasai,Chodhre,Arjun,+916261567143,,,+916261567143,,,
Dasai Mittu Maeda,Dasai,Maeda,Mittu,+917898044909,,,+917898044909,,,
Dasai Narseg Faleya Mas,Dasai Narseg,Mas,Faleya,7583848461,,,7583848461,,,
Dasai Pankaj Prajapat,Dasai,Prajapat,Pankaj,+917987812368,,,+917987812368,,,
Okaya Sarvesh Whatsab,Okaya,Whatsab,Sarvesh,9870902020,,,9870902020,,,
Dasai Anil Aramashin,Dasai,Aramashin,Anil,9993055349,,,9993055349,,,
Dasai Baderam Samje,Dasai,Samje,Baderam,9893693411,,,9893693411,,,
Mansor Manish Invetar Repyar,Mansor Manish,Repyar,Invetar,+917987523812,,,+917987523812,,,
Nimbol Deveya Patidar,Nimbol,Patidar,Deveya,9755584226,,,9755584226,,,
Ruperta Kalu Jeja,Ruperta,Jeja,Kalu,8964828476,,,8964828476,,,
Indore Vaseka Battery,Indore,Battery,Vaseka,9826700355,,,9826700355,,,
Dasai Mohan Tent,Dasai,Tent,Mohan,9826367031,,,9826367031,,,
Porushottam Patidar MAmaje,Porushottam,MAmaje,Patidar,+919424696589,,,+919424696589,,,
Lalitheshvar Livgurad Or Livfa,Lalitheshvar Livgurad,Livfa,Or,7428191059,,,7428191059,,,
Deepak Naranmoti,Deepak,Naranmoti,,+917869188924,,,+917869188924,,,
Jugad11,Jugad11,,,7519327853,,,7519327853,,,
Dasai Anil Makvana,Dasai,Makvana,Anil,8349553409,,,8349553409,,,
Bidwal Mahesh Doleya,Bidwal,Doleya,Mahesh,9752053068,,,9752053068,,,
Exide Sandeep Khare,Exide,Khare,Sandeep,+919893272549,,,+919893272549,,,
Ujjen Raj Battery,Ujjen,Battery,Raj,+919644952666,,,+919644952666,,,
Gotampura Rajesh Patidar,Gotampura,Patidar,Rajesh,+918085181089,,,+918085181089,,,
Dasai Papau Ankal,Dasai,Ankal,Papau,9752060591,,,9752060591,,,
Battery Watar,Battery,Watar,,+919009251925,,,+919009251925,,,
Pana Manohar,Pana,Manohar,,9993992003,,,9993992003,,,
Dasai Kana Sanjy Kalone,Dasai Kana,Kalone,Sanjy,7000809834,,,7000809834,,,
mPaani - WhatsApp,mPaani,WhatsApp,-,02230932044,,,02230932044,,,
Nasaka Castamar Nabar,Nasaka,Nabar,Castamar,,,,,,,
Kadmal Sante M0se,Kadmal,M0se,Sante,9174264336,,,9174264336,,,
Dasai Prya Bedval,Dasai,Bedval,Prya,9589933038,,,9589933038,,,
Dasai Gajupandet,Dasai,Gajupandet,,9753975547,,,9753975547,,,
Dasai Kamal Gelot,Dasai,Gelot,Kamal,9977100348,,,9977100348,,,
Segana Papapu,Segana,Papapu,,+919752659360,,,+919752659360,,,
Dasai Ganesh Bagabera,Dasai,Bagabera,Ganesh,9993124292,,,9993124292,,,
Dhar Nilesh Exide,Dhar,Exide,Nilesh,8966049045,,,8966049045,,,
Dhar Mohan Bheya Exide Battery,Dhar Mohan Bheya,Battery,Exide,09827525421,,,09827525421,,,
"Jagad 20 6, 2018",Jagad,6,20,+916260948952,,,+916260948952,,,
Lasudeya Deepk Patidar,Lasudeya,Patidar,Deepk,+917440613700,,,+917440613700,,,
Dhamnda Dhud,Dhamnda,Dhud,,9977442319,,,9977442319,,,
Railway Enquiry,Railway,Enquiry,,139,,,139,,,
Rajpura Manor Sir,Rajpura,Sir,Manor,9584215613,,,9584215613,,,
Pavan,Pavan,,,9098057482,,,9098057482,,,
Rajgad Balaram M. k,Rajgad Balaram,k,M.,9753333413,,,9753333413,,,
Dasai Deveya Jagad Mast,Dasai Deveya,Mast,Jagad,9685112768,,,9685112768,,,
Dasai Hemant Patidar,Dasai,Patidar,Hemant,8839753450,,,8839753450,,,
Ledgav Sandep Patidar Sonaleka,Ledgav Sandep,Sonaleka,Patidar,9981964064,,,9981964064,,,
Narayn,Narayn,,,+918827828898,,,+918827828898,,,
Dasai Santosh Patel,Dasai,Patel,Santosh,+919584521940,,,+919584521940,,,
Big Brathar Jio,Big,Jio,Brathar,+918770083819,,,+918770083819,,,
Nalcha Masahen,Nalcha,Masahen,,8305423397,,,8305423397,,,
New Delhi Auto P,New Delhi,P,Auto,+918588037856,,,+918588037856,,,
Indore Hedrolik 1,Indore,1,Hedrolik,9179474663,,,9179474663,,,
Indore Hydraulic Motar 2,Indore Hydraulic,2,Motar,9753188242,,,9753188242,,,
Dasai Hdfc,Dasai,Hdfc,,9981291987,,,9981291987,,,
GhatodaDaharmen Seth,GhatodaDaharmen,Seth,,+919575804858,,,+919575804858,,,
Choto Zulelal,Choto,Zulelal,,+917697486057,,,+917697486057,,,
Kukche Puja a Jugad,Kukche Puja,Jugad,a,7999582358,,,7999582358,,,
Galunda Choutu,Galunda,Choutu,,+918965985858,,,+918965985858,,,
Okaya Serves Sentar,Okaya,Sentar,Serves,+918871280209,,,+918871280209,,,
Prkas Rajod Dhakd Trospoet,Prkas Rajod,Trospoet,Dhakd,+917987933097,,,+917987933097,,,
Petrol Pump Bhabhi,Petrol,Bhabhi,Pump,9993124033,,,9993124033,,,
Dasai Motilala Palva,Dasai,Palva,Motilala,+918349467614,,,+918349467614,,,
Dulsar Sister,Dulsar,Sister,,+917987908967,,,+917987908967,,,
Dasai Arjan Jugad,Dasai,Jugad,Arjan,9669839609,,,9669839609,,,
Dasai Bhara Maru,Dasai,Maru,Bhara,9589244432,,,9589244432,,,
Galunada Ranjet,Galunada,Ranjet,,8319019977,+919589694062,+918319019977,8319019977 | +919589694062 | +918319019977,,,
Dasai Raju Jen,Dasai,Jen,Raju,9981517700,,,9981517700,,,
Papau ZUzula,Papau,ZUzula,,+917909348175,,,+917909348175,,,
Dasai Venod Kodalman,Dasai,Kodalman,Venod,+918319859080,,,+918319859080,,,
Mamata Dasai Sanjay Coloni,Mamata Dasai,Coloni,Sanjay,+916261707372,,,+916261707372,,,
Dhar Rupal Jugad,Dhar,Jugad,Rupal,8120382196,,,8120382196,,,
Dhile,Dhile,,,+918527762830,,,+918527762830,,,
Kesrpura Anurada,Kesrpura,Anurada,,7697480027,,,7697480027,,,
"Dasai Pawan Mes, Jr.",Dasai,Mes,Pawan,9827636913,,,9827636913,,,
Lotas Marbal Raju Dange,Lotas Marbal,Dange,Raju,+917742459842,,,+917742459842,,,
Dhar Mashen,Dhar,Mashen,,9755105395,,,9755105395,,,
Kanardi Sageta Bhabhi,Kanardi,Bhabhi,Sageta,7089086842,,,7089086842,,,
Mona,Mona,,,09630521150,,,09630521150,,,
Nilam Jugad,Nilam,Jugad,,9713502595,,,9713502595,,,
Istekar,Istekar,,,+919424824990,,,+919424824990,,,
Raman Kaka,Raman,Kaka,,+917225941826,,,+917225941826,,,
Pana Sanjy Sir,Pana,Sir,Sanjy,9893125412,,,9893125412,,,
Dasai Sheru Bhopa,Dasai,Bhopa,Sheru,+918269594326,,,+918269594326,,,
Iskrem,Iskrem,,,+918461816623,,,+918461816623,,,
Poj Jaysaval,Poj,Jaysaval,,9893937834,,,9893937834,,,
Latas Marbal Sanju,Latas,Sanju,Marbal,+918107074385,,,+918107074385,,,
Sarde Ujjen,Sarde,Ujjen,,+918815113131,,,+918815113131,,,
Kod Mona,Kod,Mona,,6260862143,,,6260862143,,,
J Guruje,J,Guruje,,+918827406607,,,+918827406607,,,
Pana,Pana,,,+917047747245,,,+917047747245,,,
Ratlam,Ratlam,,,+919171253931,,,+919171253931,,,
Pagal,Pagal,,,9740632859,,,9740632859,,,
Mashen,Mashen,,,7441104497,,,7441104497,,,
Pana Amarsinhmk,Pana,Amarsinhmk,,7970241545,,,7970241545,,,
O m. g,O,g,m.,+917223096886,,,+917223096886,,,
Manavar Palak,Manavar,Palak,,8462964004,,,8462964004,,,
Dasai Aashesh Gati,Dasai,Gati,Aashesh,9993124314,,,9993124314,,,
Dasai Dharmendr Samaje Patidar,Dasai Dharmendr,Patidar,Samaje,9893411498,,,9893411498,,,
Rajkumar Patidar,Rajkumar,Patidar,,+919893505757,,,+919893505757,,,
Lalit Bhai Loni,Lalit,Loni,Bhai,+919907530318,,,+919907530318,,,
Kod Jejaje,Kod,Jejaje,,9893466855,,,9893466855,,,
Indore Kepash Amron Battery,Indore Kepash,Battery,Amron,9109109112,,,9109109112,,,
Distress Number,Distress,Number,,112,,,112,,,
Dasai Pintu Brothar,Dasai Pintu Brothar,,,+918964986992,8964986992,,+918964986992 | 8964986992,,,
Add Ke Leye Jankari,Add Ke,Jankari,Leye,9530038888,,,9530038888,,,
Ch. Balod Retesh Sosayti,Ch. Balod,Sosayti,Retesh,9993888763,,,9993888763,,,
Nilpura Vinod Banjara,Nilpura,Banjara,Vinod,8120576383,,,8120576383,,,
Balod Denish Ji Johndeer,Balod Denish,Johndeer,Ji,+917987862647,,,+917987862647,,,
Badodeya Sima Bhabhi,Badodeya,Bhabhi,Sima,+917024992474,,,+917024992474,,,
Hdfc Pankaj,Hdfc,Pankaj,,+917509531524,,,+917509531524,,,
Bidwal Doleya Ji,Bidwal,Ji,Doleya,9755359945,,,9755359945,,,
Dasai Pradip Drivar,Dasai,Drivar,Pradip,9753485325,,,9753485325,,,
M Tek Dharmendra Chohan,M Tek,Chohan,Dharmendra,+918839855398,,,+918839855398,,,
My Contact,My,Contact,,9893705221,,,9893705221,,,
Livgurad Branding,Livgurad,Branding,,+916267476128,,,+916267476128,,,
Dr. Meena,,Meena,,+919770978348,,,+919770978348,,,
Dhar Raj Songara,Dhar,Songara,Raj,7000982506,,,7000982506,,,
Ujjen Akarm Raj battery,Ujjen Akarm,battery,Raj,+918349638071,8817507093,,+918349638071 | 8817507093,,,
Indore Kannada Load Testar,Indore Kannada,Testar,Load,9302540404,,,9302540404,,,
Dasai Bhagvati Kumar,Dasai,Kumar,Bhagvati,9893997488,,,9893997488,,,
Chirakhan Ramsingh Ramsingh,Chirakhan,Ramsingh,Ramsingh,+919752285198,9752285198,,+919752285198 | 9752285198,,,
Dhar Dr Bhushan,Dhar,Bhushan,Dr,7415971773,9131153543,,7415971773 | 9131153543,,,
V Gurad Battery,V,Battery,Gurad,9633503333,,,9633503333,,,
Estmenn Castmar NAbar,Estmenn,NAbar,Castmar,7678532264,,,7678532264,,,
Idfc Bank Kis,Idfc,Kis,Bank,9009624014,,,9009624014,,,
Papu Zulala,Papu,Zulala,,+919822627890,,,+919822627890,,,
Rajeshtan Hanumangd Sound,Rajeshtan,Sound,Hanumangd,+919549513655,,,+919549513655,,,
Ujjen Bick Batteey,Ujjen,Batteey,Bick,7089798584,,,7089798584,,,
Khiledi S patidar,Khiledi,patidar,S,+918109791813,,,+918109791813,,,
Jj,Jj,,,6269635101,,,6269635101,,,
Ratlam Sanjay Halvai,Ratlam,Halvai,Sanjay,8349058081,,,8349058081,,,
Magod Barf,Magod,Barf,,+919993863293,,,+919993863293,,,
Microtek International,Microtek International,,,+918800255733,,,+918800255733,,Microtek International,
Udaypur Geonix Air Coolar,Udaypur Geonix,Coolar,Air,+919414167076,,,+919414167076,,,
Indore Princ Bus,Indore,Bus,Princ,+919893636341,,,+919893636341,,,
Dasai Bherusing,Dasai,Bherusing,,+919981620816,,,+919981620816,,,
Dasai Mohan Parmar Tent,Dasai Mohan,Tent,Parmar,+918305115464,,,+918305115464,,,
Dasai Ashok Chenaje,Dasai,Chenaje,Ashok,+919691153061,,,+919691153061,,,
Ch balod Ankalji,Ch,Ankalji,balod,9981345405,,,9981345405,,,
Indore Sigdi,Indore,Sigdi,,09827523451,,,09827523451,,,
Dasai Pavan Panchayat Ke Samne,Dasai Pavan Panchayat,Samne,Ke,7047709909,,,7047709909,,,
My Brother's,My,Brother's,,+916260515963,,,+916260515963,,,
Ledgav Rahul Tent House,Ledgav Rahul,House,Tent,+918827774296,,,+918827774296,,,
Dasai Jaynarayn Meramaa,Dasai,Meramaa,Jaynarayn,9755216626,,,9755216626,,,
Aalot Coolar,Aalot,Coolar,,9425124704,,,9425124704,,,
Dhar Kokilbe. Ambani. Opd. Hospital,Dhar Kokilbe. Ambani.,Hospital,Opd.,+916232008612,,,+916232008612,,,
Khildei Pravin Mukati,Khildei,Mukati,Pravin,+919752199471,,,+919752199471,,,
Udaypur Zonix Coolar,Udaypur,Coolar,Zonix,+919983799066,,,+919983799066,,,
Dasai Okarllal Khacroda,Dasai,Khacroda,Okarllal,+919993339680,,,+919993339680,,,
Sf Batteery,Sf,Batteery,,+916289011111,,,+916289011111,,,
Microtek Invetar 2023,Microtek,2023,Invetar,+919926385872,,,+919926385872,,,
Exide Sandeep 2023,Exide,2023,Sandeep,9755286567,,,9755286567,,,
Indore Rek,Indore,Rek,,9685521703,,,9685521703,,,
Dasai Ghanshaym Dhannaji,Dasai,Dhannaji,Ghanshaym,+919893364865,,,+919893364865,,,
Ratlam Amron Battery,Ratlam,Battery,Amron,+919685331616,,,+919685331616,,,
Video Mekar,Video,Mekar,,+919756170713,,,+919756170713,,,
Akoda Devendra Mesee,Akoda,Mesee,Devendra,+918120154895,,,+918120154895,,,
Jivan Redeyo Dharad,Jivan,Dharad,Redeyo,+919754360942,,,+919754360942,,,
Dasai Mahakal Fanichar,Dasai,Fanichar,Mahakal,+917000725862,,,+917000725862,,,
Okaya Catmarcere Nabarv2023,Okaya,Nabarv2023,Catmarcere,9818909090,,,9818909090,,,
Ratlam Tracter Sound,Ratlam,Sound,Tracter,7974465018,9753837266,,7974465018 | 9753837266,,,
Ralamandal Prahlad Patel,Ralamandal,Patel,Prahlad,+917000727221,,,+917000727221,,,
Stikar New Delhi,Stikar,Delhi,New,+919810756883,,,+919810756883,,,
Bidwal Kamal Patidar,Bidwal,Patidar,Kamal,+919589490468,,,+919589490468,,,
Panjab Lakuu Sound,Panjab,Sound,Lakuu,9876819010,,,9876819010,,,
Simslkhedi Arjun Maru 855,Simslkhedi Arjun,855,Maru,+919074282748,,,+919074282748,,,
Gatoda Ranjit Banna,Gatoda,Banna,Ranjit,+919977862011,,,+919977862011,,,
Akoda Vimal Patidar Logrji,Akoda Vimal,Logrji,Patidar,+918349507340,,,+918349507340,,,
Lucas Sarvis Centar,Lucas,Centar,Sarvis,9407120343,,,9407120343,,,
Dasai Raghav Dhanaji Patidar,Dasai Raghav,Patidar,Dhanaji,+917225940272,,,+917225940272,,,
Dasai Hariom Gehlot,Dasai,Gehlot,Hariom,+917987693188,,,+917987693188,,,
Dasai Gatu Khacroda,Dasai,Khacroda,Gatu,+919993059351,,,+919993059351,,,
Dasai Gopal Hamad,Dasai,Hamad,Gopal,+919926203061,9926203061,,+919926203061 | 9926203061,,,
Bulk Watsab,Bulk,Watsab,,9069825148,,,9069825148,,,
Lalli,Lalli,,,9301292630,,,9301292630,,,
Amzera Ganaa,Amzera,Ganaa,,9893202960,,,9893202960,,,
Toni Soldar Aayran,Toni,Aayran,Soldar,8595278578,,,8595278578,,,
Anilkumar Moojoria Okaya,Anilkumar,Okaya,Moojoria,+917747060277,,,+917747060277,,,
Balid Rohit Kiskok Setnar,Balid Rohit,Setnar,Kiskok,+919098174200,,,+919098174200,,,
Dasai Badal Chodri,Dasai,Chodri,Badal,8349818235,,,8349818235,,,
Massimo Battery,Massimo,Battery,,+919424097258,,,+919424097258,,,
Dasai Bhart Bhut,Dasai,Bhut,Bhart,+919425406665,,,+919425406665,,,
Aadhar,Aadhar,,,879573321786,,,879573321786,,,
Dasai Niraj Veva,Dasai Niraj Veva,,,+918319067456,,,+918319067456,,,
Kiran s,Kiran,s,,+919785825829,,,+919785825829,,,
railway inquiry,railway inquiry,,,139,,,139,,,
Fire,Fire,,,101,,,101,,,
Rachna Ramesh  P,Rachna Ramesh  P,,,9586231725,,,9586231725,,,
Ghatoda Naven,Ghatoda Naven,,,09754896285,,,09754896285,,,
Dasai H Mohet,Dasai H Mohet,,,08223835440,,,08223835440,,,
emergency hotline,emergency hotline,,,55100,,,55100,,,
new delhi hi lux auto ele. patas,new delhi hi lux auto,patas,ele.,+919717561650,,,+919717561650,,,
facebook,facebook,,,325,*325#,,325 | *325#,,,
Manavar Arora Sh,Manavar Arora Sh,,,7566575328,,,7566575328,,,
Dasai Govend Gha,Dasai Govend Gha,,,9179894646,,,9179894646,,,
customer care,customer care,,,121,,,121,,,
Rajesthan Papa,Rajesthan Papa,,,9602982839,,,9602982839,,,
Reena.b,Reena.b,,,+919784169915,,,+919784169915,,,
Raj Kesan 1,Raj,1,Kesan,+917742460177,,,+917742460177,,,
GhatodaDaharmen,GhatodaDaharmen,,,+919575804858,,,+919575804858,,,
Raj Kesan Iskrem,Raj,Iskrem,Kesan,+917580877929,,,+917580877929,,,
Rajpura Manor Si,Rajpura Manor Si,,,9584215613,,,9584215613,,,
ambulance,ambulance,,,102,,,102,,,
"Kod, Nirmal","Kod, Nirmal",,,+919981362772,,,+919981362772,,,
Dhamnod Jen Mot,Dhamnod Jen Mot,,,+919425089458,,,+919425089458,,,
AL entertainment,AL entertainment,,,543212,,,543212,,,
Lala Hukum,Lala,Hukum,,9669154334,,,9669154334,,,
Dasai Hemant Pat,Dasai Hemant Pat,,,8839753450,,,8839753450,,,
Instanthelp 24x7,Instanthelp,24x7,,121,,,121,,,
Pwplode Jadu,Pwplode,Jadu,,9981795029,,,9981795029,,,
twitter,twitter,,,515,*515#,,515 | *515#,,,
Ledgav Sandep Pa,Ledgav Sandep Pa,,,9981964064,,,9981964064,,,
Ludeyana Sound S,Ludeyana Sound S,,,+919815918212,,,+919815918212,,,
police,police,,,100,,,100,,,
Dasai Kasuuu,Dasai Kasuuu,,,8085019839,,,8085019839,,,
AL hello tunes,AL hello tunes,,,543211,,,543211,,,
Rajgad Jaker M. k,Rajgad Jaker,k,M.,9893316110,,,9893316110,,,
emergency alert,emergency alert,,,8527355100,,,8527355100,,,
kailash d,kailash,d,,+918107799605,,,+918107799605,,,
AL friendz chat,AL friendz chat,,,543216,,,543216,,,
Instanthelp 24x7,Instanthelp 24x7,,,*121#,,,*121#,,,
Savita Thur,Savita Thur,,,+917568504188,,,+917568504188,,,
Mom,Mom,,,9940566027,,,9940566027,,,
my offer,my offer,,,12131,,,12131,,,
Kadmal  Sante M0,Kadmal  Sante M0,,,9174264336,,,9174264336,,,
doctor on call,doctor on call,,,54445,,,54445,,,
Gotmpura,Gotmpura,,,9691754504,,,9691754504,,,
Pari,Pari,,,955678098,,,955678098,,,
Dasai Jivan Bhut,Dasai Jivan Bhut,,,+919893693569,,,+919893693569,,,
Kod Shital,Kod Shital,,,9926781108,,,9926781108,,,
AL * dial,AL * dial,,,321,*321#,,321 | *321#,,,
AL on demand,AL on demand,,,543213,,,543213,,,
Dasai Gordan Meg,Dasai Gordan Meg,,,+917000519962,,,+917000519962,,,
AL cricket,AL cricket,,,543212601,,,543212601,,,
Dasai Pentu,Dasai Pentu,,,+918269909846,,,+918269909846,,,
Raju Kanarde,Raju,Kanarde,,+919179926790,,,+919179926790,,,
Latas Marbal San,Latas Marbal San,,,+918107074385,,,+918107074385,,,
Rachna Kalpesh Kaka,Rachna,Kaka,Kalpesh,+917049920947,,,+917049920947,,,
Raw Exzos Fen,Raw,Fen,Exzos,8889403835,,,8889403835,,,
Shree Ram Kavasha,Shree,Kavasha,Ram,9131607753,,,9131607753,,,
Sultanpur Gajen Mk Fast,Sultanpur Gajen,Fast,Mk,+919753722862,,,+919753722862,,,
Ch. Balod Kishor Patidar,Ch. Balod,Patidar,Kishor,+919893093789,,,+919893093789,,,
Ch. balod Ravinder New Holland,Ch. balod Ravinder,Holland,New,9993435011,,,9993435011,,,
Balod Bhanusing Je Darbar,Balod Bhanusing,Darbar,Je,8435554440,,,8435554440,,,
Khutpala Mukesh Maru M. K,Khutpala Mukesh Maru,K,M.,9993992009,,,9993992009,,,
Jitu Driver Tavera,Jitu,Tavera,Driver,+919630408436,,,+919630408436,,,
Idfc Bank Rajgad,Idfc,Rajgad,Bank,+919826934904,,,+919826934904,,,
Indore Kamal Je Battery,Indore Kamal,Battery,Je,+919826252536,,,+919826252536,,,
Rakesh Seen Bunees Ad,Rakesh Seen,Ad,Bunees,+918827092467,,,+918827092467,,,
Barmandal Navrang Tent Hohuse,Barmandal Navrang,Hohuse,Tent,9685049227,,,9685049227,,,
Dhamnod Jen Motars,Dhamnod,Motars,Jen,+919399769952,,,+919399769952,,,
Dasai Mukesh Kodalaxaman1,Dasai,Kodalaxaman1,Mukesh,9981171208,,,9981171208,,,
Dasai Joyti Sister,Dasai,Sister,Joyti,+918224870242,,,+918224870242,,,
Badnavar Sajay Makvana,Badnavar,Makvana,Sajay,9977977622,,,9977977622,,,
Mansor Dr,Mansor,Dr,,9753088449,,,9753088449,,,
Kadod Merej,Kadod,Merej,,8827895267,,,8827895267,,,
Lohare Mamaji Smill,Lohare,Smill,Mamaji,+919977547040,,,+919977547040,,,
Kadodnewholendswaraj,Kadodnewholendswaraj,,,+919981776599,,,+919981776599,,,
Dasai Bhola Hotal,Dasai,Hotal,Bhola,7828007318,,,7828007318,,,
Indore Jen Enjer,Indore,Enjer,Jen,9425067995,,,9425067995,,,
Dasai Lulemata Mukesh Luhar,Dasai Lulemata,Luhar,Mukesh,+917987881744,,,+917987881744,,,
Raj Deep Powar Point A. C. Naba,Raj Deep Powar Point A.,Naba,C.,918020105356783,,,918020105356783,,,
Dasai Rajes Bhut,Dasai,Bhut,Rajes,9893793651,,,9893793651,,,
Dadai Badre Bhut,Dadai,Bhut,Badre,+919644779491,,,+919644779491,,,
Badvani Aaus,Badvani,Aaus,,07024911808,,,07024911808,,,
"Mansor Dr, I",Mansor,Dr,,8827867648,,,8827867648,,,
Dasai Gajendra Poranek,Dasai,Poranek,Gajendra,,,,,,,
Danthatole Reshee,Danthatole,Reshee,,+918817769755,,,+918817769755,,,
Manavar Palak Kenaar,Manavar,Kenaar,Palak,9926584496,,,9926584496,,,
Dasai Mukeshkodalachama,Dasai,Mukeshkodalachama,,+919131522671,,,+919131522671,,,
Ratlam Ashok. bhai,Ratlam,bhai,Ashok.,+919301230482,,,+919301230482,,,
Indore Rakesh Invetar Repayar,Indore Rakesh,Repayar,Invetar,+916264323190,,,+916264323190,,,
Rchana Gopal Patel,Rchana,Patel,Gopal,7745938031,,,7745938031,,,
Khilede Depak सिस्टर,Khilede,सिस्टर,Depak,8827838504,,,8827838504,,,
OPPO India,OPPO India,,,,,,,,,
Dasai Mohan Jagaje,Dasai,Jagaje,Mohan,9993259347,,,9993259347,,,
Indore Pujaa Mashen,Indore,Mashen,Pujaa,8225891343,,,8225891343,,,
Dasai Dee,Dasai,Dee,,9179437339,,,9179437339,,,
Venod Time Psss,Venod,Psss,Time,+918435178637,,,+918435178637,,,
Dasai Manoj Logrje,Dasai,Logrje,Manoj,+917387168954,,,+917387168954,,,
Dasai Kusbhujugad,Dasai,Kusbhujugad,,9179745026,,,9179745026,,,
Battery Load Tester Maharast,Battery Load,Maharast,Tester,8888800895,,,8888800895,,,
Dasai Lokesh Gabhaje1,Dasai,Gabhaje1,Lokesh,7471199382,,,7471199382,,,
Baloda Rahul Swaraj,Baloda,Swaraj,Rahul,+918965076465,,,+918965076465,,,
Susuri Saketa Mosi,Susuri,Mosi,Saketa,08827708590,,,08827708590,,,
myBillBook Help,myBillBook,Help,,+917400417400,,,+917400417400,,,
Papaeya,Papaeya,,,+919993539042,,,+919993539042,,,
Badodeya Murare M. k,Badodeya Murare,k,M.,+919893994446,,,+919893994446,,,
Indore Bhagar,Indore,Bhagar,,9171133722,6263684546,,9171133722 | 6263684546,,,
Dasai Venet Ju,Dasai,Ju,Venet,9630754809,,,9630754809,,,
myBillBook Research,myBillBook,Research,,+916366777341,,,+916366777341,,,
myBillBook notification,myBillBook,notification,,+916366777344,,,+916366777344,,,
Indore Aroora Battery,Indore,Battery,Aroora,+917312704256,,,+917312704256,,,
Khiledi Gotam Ju,Khiledi,Ju,Gotam,6265179495,,,6265179495,,,
Dasai Veneta Just,Dasai,Just,Veneta,9074030852,,,9074030852,,,
Badvele Denesha Patidar,Badvele,Patidar,Denesha,9977725128,,,9977725128,,,
Dasai Dhrmendr Samaje Patidar,Dasai Dhrmendr,Patidar,Samaje,9893411498,,,9893411498,,,
Gotmpura Sheru,Gotmpura,Sheru,,7722866720,,,7722866720,,,
Dasai Rupes Kangegagaram,Dasai,Kangegagaram,Rupes,9893118828,,,9893118828,,,
Dasai Hotl Tande,Dasai,Tande,Hotl,7898350234,,,7898350234,,,
Car Mekenek,Car,Mekenek,,+919913737480,,,+919913737480,,,
Salkanpurogadbaba,Salkanpurogadbaba,,,9755644123,,,9755644123,,,
Dasai Medam,Dasai,Medam,,+919826770108,,,+919826770108,,,
Dasai Sumit Parsai,Dasai,Parsai,Sumit,+917898050773,,,+917898050773,,,
Microtek Ravi Battery,Microtek,Battery,Ravi,7047861696,,,7047861696,,,
Dasai Bhut Sadabhar Femeliy,Dasai Bhut,Femeliy,Sadabhar,9826320334,+916266547946,,9826320334 | +916266547946,,,
Rajgad Raj Auto Patas,Rajgad Raj,Patas,Auto,+919424820952,,,+919424820952,,,
Dasai Niesh Dhahad,Dasai,Dhahad,Niesh,+919752271740,7240849160,,+919752271740 | 7240849160,,,
Indore Niraj Grafex,Indore,Grafex,Niraj,08085537989,,,08085537989,,,
Ledgav Ghanshay Ji Patidar Sonalika,Ledgav Ghanshay Ji,Sonalika,Patidar,9893790404,,,9893790404,,,
Rupeta Dipika Di,Rupeta,Di,Dipika,+919098928510,,,+919098928510,,,
Shree Ram Pentar,Shree,Pentar,Ram,8269791159,,,8269791159,,,
Dasai Mahesh Aukal,Dasai,Aukal,Mahesh,+919685850887,,,+919685850887,,,
Morgav Dc Patidar Tavera,Morgav Dc,Tavera,Patidar,+919424599893,,,+919424599893,,,
Dasaj Jitu Songara,Dasaj,Songara,Jitu,+919977161449,,,+919977161449,,,
Dasai Prdeep Drivar Ghar,Dasai Prdeep,Ghar,Drivar,+919329746041,,,+919329746041,,,
Sagarbhai Jadiya Spoct Welding,Sagarbhai Jadiya,Welding,Spoct,+918780499281,,,+918780499281,,,
Bharvada Shreeram Tent Arjun Hada,Bharvada Shreeram Tent,Hada,Arjun,+919981306658,,,+919981306658,,,
Mansor Tent Coolar,Mansor,Coolar,Tent,9669923788,,,9669923788,,,
Devendraĺ Vandana Fiber Cooler,Devendraĺ,Vandana Fiber Cooler,,+919826397899,,,+919826397899,,,
Bandei Mshesh Patidar,Bandei,Patidar,Mshesh,+919993444800,,,+919993444800,,,
Imdore Ram Cooler,Imdore,Cooler,Ram,9302985814,,,9302985814,,,
Kod Mahadev Tent House,Kod Mahadev,House,Tent,+918305364640,,,+918305364640,,,
Frb Karegqr,Frb,Karegqr,,8653786173,,,8653786173,,,
Frb Ivent,Frb,Ivent,,9893924488,,,9893924488,,,
Sigana Mose,Sigana,Mose,,+918103704996,,,+918103704996,,,
Dasai Ravi Chohan Drivar,Dasai Ravi,Drivar,Chohan,6264123762,,,6264123762,,,
Dasai Golu Bhut,Dasai,Bhut,Golu,+918103278474,,,+918103278474,,,
Bidwal Om Ji,Bidwal,Ji,Om,+919993439962,,,+919993439962,,,
Udaypur Cooler,Udaypur,Cooler,,7878499473,,,7878499473,,,
Cooler Frb,Cooler,Frb,,7877125842,,,7877125842,,,
Bidwal Veren Tent House,Bidwal Veren,House,Tent,6265768800,,,6265768800,,,
Udaypur Tent Cooler,Udaypur,Cooler,Tent,9887585043,9314445672,,9887585043 | 9314445672,,,
Frb Cooler Zunzunvala,Frb,Zunzunvala,Cooler,9610030464,,,9610030464,,,
Kutpala Aashpuri Tent House,Kutpala Aashpuri,House,Tent,7896536689,9754848787,,7896536689 | 9754848787,,,
Barmandal Mahesh Shreekar,Barmandal,Shreekar,Mahesh,+919977525272,,,+919977525272,,,
Dasai Devendra Sir Ren,Dasai Devendra,Ren,Sir,+919993179934,+918103621344,9993179934,+919993179934 | +918103621344 | 9993179934,,,
Bidwal Badrilal Tent House Choudhary,Bidwal Badrilal Tent House,Choudhary,,+919993353315,,,+919993353315,,,
Bidwal Vijay Chodri Tent House Choudhary Vijay Choudhary, Bidwal Vijay Chodri Tent House,Choudhary Vijay Choudhary,,+919009966590,,,+919009966590,,,
Dasai Kittu😘😘 Pol,Dasai,Pol,Kittu😘😘,+917047216894,,,+917047216894,,,
Raj Tent Cooler 1,Raj Tent,1,Cooler,+919727787603,,,+919727787603,,Raj Cooling System Pvt Ltd,
Ranipura Driver Radheshyam Ji Dayama,Ranipura Driver Radheshyam,Dayama,Ji,+919644144553,,,+919644144553,,,
Shree. Nath Livgurad Jituji,Shree. Nath,Jituji,Livgurad,+918878660700,,,+918878660700,,,
Microtek 2024 Deepak Singh,Microtek 2024 Deepak,Singh,,+918287830381,,,+918287830381,,,
Ratlam Livfast,Ratlam,Livfast,,8989606566,,,8989606566,,,
Bidwal Himmat Singh Gurjar,Bidwal Himmat,Singh Gurjar,,+919669006545,,,+919669006545,,,
Dasai Vishnu Sir Vesnu Dharad,Dasai Vishnu Sir,Dharad,Vesnu,9993503462,,,9993503462,,,
Indore  Bus Prince  Raj Aashi,Indore  Bus Prince  Raj,Aashi,,+917869936179,,,+917869936179,,,
Indore Shree Nath Ankit,Indore Shree,Ankit,Nath,7999925101,,,7999925101,,,
Tata Niten Je Soni,Tata Niten,Soni,Je,9826724885,,,9826724885,,,
Livguard Prateek Tiwari Shreenathji Lubricants,Livguard Prateek Tiwari,Lubricants,Shreenathji,+917723826013,,,+917723826013,,,
Dasai My Home Big Brothers,Dasai My Home Big Brothers ,,,+919893571980,,,+919893571980,,,
Khildei Mukesh Patidar,Khildei Mukesh,Patidar,,+919630767594,,,+919630767594,,,
Balod Mahesh Sir,Balod,Sir,Mahesh,+917999277132,+919993342636,9993342636,+917999277132 | +919993342636 | 9993342636,,,
dasai sanju mevati,dasai,mevati,sanju,+917000709501,,,+917000709501,,,
Lohari Sohan,Lohari,Sohan,,+918962441143,8962441143,,+918962441143 | 8962441143,,,
Fuledi arvind patidar,Fuledi,patidar,arvind,9893342385,,,9893342385,,,
daaai gopal parmar,daaai,parmar,gopal,+919926640519,,,+919926640519,,,
Khutpala Babulal,Khutpala,Babulal,,8120548982,,,8120548982,,,
Dasai pravin,Dasai,pravin,,8269712699,,,8269712699,,,
chirakhan dasarh jayswal,chirakhan,jayswal,dasarh,9981278397,,,9981278397,,,
Dasai Ravi maru,Dasai,maru,Ravi,9111915398,+919111915398,,9111915398 | +919111915398,,,
Datoda manshig chavda,Datoda,chavda,manshig,9754745031,,,9754745031,,,
Magod Manohar Patidar,Magod,Patidar,Manohar,+919893543793,9893543793,,+919893543793 | 9893543793,,,
khilede bheru patidar,khilede,patidar,bheru,7024624062,,,7024624062,,,
Fuledi Bavarshig Rathor,Fuledi,Rathor,Bavarshig,9424827102,,,9424827102,,,
padampura ninama,padampura,ninama,,7691932134,,,7691932134,,,
Devendr bhimaji,Devendr,bhimaji,,8103621344,,,8103621344,,,
padampura ramwsh muneya,padampura,muneya,ramwsh,9669520123,,,9669520123,,,
Dasai ganshyam pol,Dasai,pol,ganshyam,9893794761,,,9893794761,,,
Dasai shivam manshig kavra,Dasai shivam,kavra,manshig,7067510742,,,7067510742,,,
Balod kaniram,Balod,kaniram,,6263236209,,,6263236209,,,
Kod Kushal Patidar,Kod,Patidar,Kushal,+918269360220,8269360220,,+918269360220 | 8269360220,,,
Bidaval arjun bati,Bidaval,bati,arjun,9993756855,,,9993756855,,,
kisanpura bharshig davar,kisanpura,davar,bharshig,9754945447,,,9754945447,,,
dasai ganesh heragoba,dasai,heragoba,ganesh,9893505295,,,9893505295,,,
Gatoda Bherushig,Gatoda,Bherushig,,9484595122,,,9484595122,,,
Dasai delip sony,Dasai,sony,delip,,,,,,9993434973,
retekhodra kisan,retekhodra,kisan,,7803852172,,,7803852172,,,
Galunda jitenr shig,Galunda,shig,jitenr,7617218263,,,7617218263,,,
Kutpala Mahesh maru,Kutpala,maru,Mahesh,+917089227520,7089227520,,+917089227520 | 7089227520,,,
Gatoda Rupashig,Gatoda,Rupashig,,9575371055,,,9575371055,,,
Dassi pavan rathor,Dassi,rathor,pavan,8827823085,,,8827823085,,,
tandakheda jagdeish,tandakheda,jagdeish,,9009572587,,,9009572587,,,
dasai amart patidar,dasai,patidar,amart,9589368639,,,9589368639,,,
dantoli prakas,dantoli,prakas,,9893558785,,,9893558785,,,
Fuledi Sardar ji,Fuledi,ji,Sardar,8305462176,,,8305462176,,,
Dhtoda Gulab shig,Dhtoda,shig,Gulab,6959685247,,,6959685247,,,
Lohari nandalal thakur,Lohari,thakur,nandalal,9399949869,,,9399949869,,,
khiledi kamal patidar,khiledi,patidar,kamal,9977525300,,,9977525300,,,
Baravada Lakhan bhati,Baravada,bhati,Lakhan,9981620900,,,9981620900,,,
Balod Dinesh patidar,Balod,patidar,Dinesh,+917987862647,,,+917987862647,,,
kakoda Barram shig,kakoda,shig,Barram,7999648785,,,7999648785,,,
takravda dinesh patidar,takravda,patidar,dinesh,8889147528,,,8889147528,,,
padmpura gampat muniya,padmpura,muniya,gampat,9755225239,,,9755225239,,,
Dasai madan variya,Dasai,variya,madan,8349554473,,,8349554473,,,
Dharad lachminarayn,Dharad,lachminarayn,,9893157532,,,9893157532,,,
Khiledi shankar chohan,Khiledi,chohan,shankar,9755965348,,,9755965348,,,
Bidwal dinesh kamdar,Bidwal,kamdar,dinesh,9981333032,,,9981333032,,,
Khiledi arunsing,Khiledi,arunsing,,7067115843,,,7067115843,,,
Bilgun subhm rathor,Bilgun,rathor,subhm,7440897578,,,7440897578,,,
Dasai ravi patidar,Dasai,patidar,ravi,9752355140,,,9752355140,,,
Khiledi babulal patidar,Khiledi,patidar,babulal,9893125429,,,9893125429,,,
amjera manoj kumar,amjera,kumar,manoj,90009820660,,,90009820660,,,
Dasai Ganesh bolavale,Dasai,bolavale,Ganesh,9893623583,,,9893623583,,,
Dasai Babu lal patidar bhimaji,Dasai Babu lal,bhimaji,patidar,6261689080,,,6261689080,,,
Padampura munnalal maru,Padampura,maru,munnalal,8964977404,,,8964977404,,,
Dasai kaval lal bhalod,Dasai kaval,bhalod,lal,9755204660,,,9755204660,,,
Baloda Takhd sing,Baloda,sing,Takhd,6265913617,,,6265913617,,,
Galunda ramlal,Galunda,ramlal,,7354034553,,,7354034553,,,
Bidawal savan shag,Bidawal,shag,savan,9644852568,,,9644852568,,,
Baloda setan sing,Baloda,sing,setan,8349544351,,,8349544351,,,
chirakhn kanheya,chirakhn,kanheya,,9753407814,,,9753407814,,,
sangit beragi,sangit,beragi,,7389406699,,,7389406699,,,
Dasai ratanlal,Dasai,ratanlal,,9993678717,,,9993678717,,,
kharsoda lakhan patel,kharsoda,patel,lakhan,8462002254,,,8462002254,,,
shyam ji vyash,shyam,vyash,ji,9755772033,,,9755772033,,,
chirakhan ramkishn,chirakhan,ramkishn,,9893971684,,,9893971684,,,
dasai ssnjay renvale,dasai,renvale,ssnjay,7067849568,,,7067849568,,,
siloda jitendr,siloda,jitendr,,9826324795,,,9826324795,,,
Ralamndal jagadish ranchor,Ralamndal,ranchor,jagadish,9179320952,,,9179320952,,,
baravada santosh patel,baravada,patel,santosh,9893632158,,,9893632158,,,
Baravada vijaj kulhara,Baravada,kulhara,vijaj,7974643465,,,7974643465,,,
Dasai bhart patidar bhimaji,Dasai bhart,bhimaji,patidar,9993055358,,,9993055358,,,
dasai vishal jen,dasai,jen,vishal,9993344052,,,9993344052,,,
dasai erfan,dasai,erfan,,9074785585,,,9074785585,,,
Dasai vinay patidar,Dasai,patidar,vinay,8319046157,,,8319046157,,,
Dasai deepak parmar,Dasai,parmar,deepak,6263799742,,,6263799742,,,
dasai arjun hatik,dasai,hatik,arjun,9893269723,,,9893269723,,,
Panda jitendr chodri,Panda,chodri,jitendr,7354453144,,,7354453144,,,
Dasai papu mekenuk kumarpat,Dasai papu,kumarpat,mekenuk,9770425254,,,9770425254,,,
khiledi kelash patidar,khiledi,patidar,kelash,9893892497,,,9893892497,,,
Balod Satu Jagerdar,Balod,Jagerdar,Satu,9993151651,+917987182197,,9993151651 | +917987182197,,,
tandakheda nahar sing,tandakheda,sing,nahar,9630830806,,,9630830806,,,
Dasai dhrmedr patidar,Dasai,patidar,dhrmedr,9893794984,,,9893794984,,,
Dasai manohar,Dasai,manohar,,9755561826,,,9755561826,,,
Chirakhan kuladeep patidar,Chirakhan,patidar,kuladeep,9685114351,,,9685114351,,,
Bidawal bupendr shig bati,Bidawal bupendr,bati,shig,9753997715,,,9753997715,,,
Dassi dinesh jala,Dassi,jala,dinesh,9993356292,,,9993356292,,,
Bidwal vhivnarayan shirvi,Bidwal,shirvi,vhivnarayan,7803984356,,,7803984356,,,
Siloda Mahipal sing,Siloda,sing,Mahipal,7770931024,,,7770931024,,,
Lakhan sihg patel,Lakhan,patel,sihg,9993055384,+919993055384,,9993055384 | +919993055384,,,
Dantoli parkash ninama,Dantoli,ninama,parkash,6261477375,,,6261477375,,,
Gatoda sohan bariya,Gatoda,bariya,sohan,9617191419,+919617191419,,9617191419 | +919617191419,,,
khakhedi jitend,khakhedi,jitend,,9098053126,,,9098053126,,,
Dasai manohar dhund,Dasai,dhund,manohar,7694885008,,,7694885008,,,
takravada juvan shig,takravada,shig,juvan,9752811180,,,9752811180,,,
kadod ajay katare,kadod,katare,ajay,89597221879,,,89597221879,,,
khiledi vikarm shig patel,khiledi vikarm,patel,shig,9993168446,,,9993168446,,,
Dasai mahendr,Dasai,mahendr,,9685066313,,,9685066313,,,
Ganpat meda baloda,Ganpat,baloda,meda,9589857281,,,9589857281,,,
bhilgun delip sharma,bhilgun,sharma,delip,9893361488,,,9893361488,,,
Tolaram patidar,Tolaram,patidar,,9993167052,,,9993167052,,,
panda ramchn jadhav,panda,jadhav,ramchn,8435019752,,,8435019752,,,
omprakas aau,omprakas,aau,,7697924436,,,7697924436,,,
dasai suresh samji,dasai,samji,suresh,9893587685,,,9893587685,,,
chirakhan,chirakhan,,,9752002639,,,9752002639,,,
Dasai Anil Bhut,Dasai,Bhut,Anil,9981561400,,,9981561400,,,
Dasai Mahesh Tapra,Dasai,Tapra,Mahesh,+919893889441,,,+919893889441,,,
Dasai Bhart Dharad,Dasai,Dharad,Bhart,+919993179914,,,+919993179914,,,
Bidwal Ret,Bidwal,Ret,,8827784598,,,8827784598,,,
Ramesh vasuniya endarval,Ramesh,endarval,vasuniya,7917962701,,,7917962701,,,
Mahavir dhamanda,Mahavir,dhamanda,,7649338061,,,7649338061,,,
dasai maguji ratakana,dasai,ratakana,maguji,9893735994,,,9893735994,,,
seloda narayan chohan,seloda,chohan,narayan,8989420226,,,8989420226,,,
khilede nand kishor,khilede,kishor,nand,9755372577,,,9755372577,,,
dasai uvraj,dasai,uvraj,,9644228555,,,9644228555,,,
dasai ashok serve,dasai,serve,ashok,9893994667,,,9893994667,,,
dasai madukar vishkama,dasai,vishkama,madukar,+919893284492,,,+919893284492,,,
dasa igudu dhannaji,dasa,dhannaji,igudu,9993492733,,,9993492733,,,
dasai amart megaji,dasai,megaji,amart,9893370518,,,9893370518,,,
Sunil patidar hiragoba dasai,Sunil patidar,dasai,hiragoba,9893381209,,,9893381209,,,
seloda jaypal,seloda,jaypal,,9926531971,,,9926531971,,,
dasai dhugd seva sameti,dasai dhugd,sameti,seva,9826996594,,,9826996594,,,
Nrendr patidar takravda,Nrendr,takravda,patidar,9993413839,,,9993413839,,,
galunda sukram,galunda,sukram,,8959472105,,,8959472105,,,
Khemchan patidar palva dasai,Khemchan patidar,dasai,palva,9893935811,+919893935811,,9893935811 | +919893935811,,,
dasai motilal semlavda,dasai,semlavda,motilal,9630256854,,,9630256854,,,
balod nanuram ji beragi,balod nanuram,beragi,ji,9993341465,,,9993341465,,,
gatoda fatesing,gatoda,fatesing,,8462942439,,,8462942439,,,
virendr rator pana,virendr,pana,rator,9617977345,,,9617977345,,,
chirekhan kamal patidar,chirekhan,patidar,kamal,9630891764,,,9630891764,,,
depak suravt,depak,suravt,,7692931496,,,7692931496,,,
Radeshyam dasai,Radeshyam,dasai,,9893623578,,,9893623578,,,
Amrat patidar ranipura,Amrat,ranipura,patidar,9993892604,,,9993892604,,,
bidwal isvar kelotra,bidwal,kelotra,isvar,9926653414,,,9926653414,,,
gatoda ratan,gatoda,ratan,,96303555243,,,96303555243,,,
dantoli devyaa,dantoli,devyaa,,9926782427,,,9926782427,,,
Anrat sirvi pana,Anrat,pana,sirvi,9995539069,,,9995539069,,,
dasai suresh okarji,dasai,okarji,suresh,8269718830,,,8269718830,,,
bharavda vijay lavvanshi,bharavda,lavvanshi,vijay,9893349357,,,9893349357,,,
Lalit kharivale dasai,Lalit,dasai,kharivale,9455953880,,,9455953880,,,
Tarod umaravt sing,Tarod,sing,umaravt,9826937012,,,9826937012,,,
Nathuram katara tandakheda,Nathuram,tandakheda,katara,9899125480,,,9899125480,,,
kutpla nandram gamad,kutpla,gamad,nandram,9179187570,,,9179187570,,,
bidwal hari om veshav,bidwal hari,veshav,om,9993434962,,,9993434962,,,
dasai motilal,dasai,motilal,,9878875029,,,9878875029,,,
baloda ratan fulareya,baloda,fulareya,ratan,9926047595,,,9926047595,,,
Balu tandakhera,Balu,tandakhera,,8463014507,,,8463014507,,,
dasai chagan mukati,dasai,mukati,chagan,9893693670,,,9893693670,,,
Jagadish patidar dasai,Jagadish,dasai,patidar,6232752494,,,6232752494,,,
yogendr rator dantoli,yogendr,dantoli,rator,8964974642,,,8964974642,,,
Rakesh pol dasai,Rakesh,dasai,pol,9993315403,,,9993315403,,,
darmendr devada datoda,darmendr,datoda,devada,9826194966,,,9826194966,,,
gajnod nilesh patidar,gajnod,patidar,nilesh,7898151724,,,7898151724,,,
kesrpura sanjay nenama,kesrpura,nenama,sanjay,9685242393,,,9685242393,,,
dasai nandram servi,dasai,servi,nandram,8085676571,,,8085676571,,,
Amjera manoj,Amjera,manoj,,9009820660,,,9009820660,,,
ch. balod nilesh patidar,ch. balod,patidar,nilesh,9929935972,,,9929935972,,,
dasai hari khadi,dasai,khadi,hari,989357935,,,989357935,,,
jaytimata bhojraj,jaytimata,bhojraj,,9993666197,,,9993666197,,,
madan padampura,madan,padampura,,9755326798,,,9755326798,,,
dasai ashok chodri,dasai,chodri,ashok,9993338815,,,9993338815,,,
dasai amaet khacroda,dasai,khacroda,amaet,9893310629,,,9893310629,,,
morgav santosh katara,morgav,katara,santosh,9752721789,,,9752721789,,,
pana arjun servi,pana,servi,arjun,9926706039,,,9926706039,,,
dasai lachcu kaka samji,dasai lachcu,samji,kaka,9893504779,,,9893504779,,,
retikhodra kisan,retikhodra,kisan,,9111894372,,,9111894372,,,
tandakheda manohar,tandakheda,manohar,,7746849962,,,7746849962,,,
Bheru maru khutpala,Bheru,khutpala,maru,9981165490,,,9981165490,,,
Mukesh chtiya,Mukesh,chtiya,,6260213560,,,6260213560,,,
Vishnu patidar takravada,Vishnu,takravada,patidar,9754737380,,,9754737380,,,
Kelash manpura,Kelash,manpura,,7748088548,,,7748088548,,,
Bhim shig baloda,Bhim,baloda,shig,8085289593,,,8085289593,,,
Lalshig takaravda,Lalshig,takaravda,,9981805231,,,9981805231,,,
Karshna pilipada,Karshna,pilipada,,7610605952,,,7610605952,,,
Narayan khutpala,Narayan,khutpala,,7869023360,,,7869023360,,,
khemchanji dasai,khemchanji,dasai,,9589169808,,,9589169808,,,
Radesayam galunda,Radesayam,galunda,,7067427307,,,7067427307,,,
Vebav jen dasai,Vebav,dasai,jen,9993390683,,,9993390683,,,
dasai kelash logerji,dasai,logerji,kelash,9098781099,,,9098781099,,,
Devendr bhimaji dasai,Devendr,dasai,bhimaji,7869622792,,,7869622792,,,
Dinesh rador pana,Dinesh,pana,rador,89592612159,,,89592612159,,,
Dasai Rahul Viskarma,Dasai,Viskarma,Rahul,9993572384,,,9993572384,,,
Dasai Rakesh Suleya,Dasai,Suleya,Rakesh,+919755301341,,,+919755301341,,,
Dasai Kamlesh Pol,Dasai,Pol,Kamlesh,+919893443992,,,+919893443992,,,
Gatoda Kamal J. c. b,Gatoda Kamal J.,b,c.,9981241632,,,9981241632,,,
Dasai Narayan Oukarje,Dasai,Oukarje,Narayan,+919752052996,,,+919752052996,,,
Nilesh patidar khelidi,Nilesh,khelidi,patidar,9993010491,,,9993010491,,,
pavan chodri barmandal,pavan,barmandal,chodri,9575753766,,,9575753766,,,
Ramesh patidar bidwal,Ramesh,bidwal,patidar,9755124860,,,9755124860,,,
Kamal banjara jayntimata,Kamal,jayntimata,banjara,7470624529,,,7470624529,,,
Anokhilal patidar dasai,Anokhilal,dasai,patidar,9893692886,,,9893692886,,,
Kelash tandakheda,Kelash,tandakheda,,7225813865,,,7225813865,,,
mahesh jashval siloda,mahesh,siloda,jashval,9926653409,,,9926653409,,,
Dasai Chetan Ren,Dasai,Ren,Chetan,8085405846,,,8085405846,,,
sarkari dugd deri fuledi,sarkari dugd,fuledi,deri,9752470845,,,9752470845,,,
Darmedr shig siloda,Darmedr,siloda,shig,9009086094,,,9009086094,,,
Gokul ratod dasai,Gokul,dasai,ratod,7999743893,,,7999743893,,,
jamtimata deepak suravt,jamtimata,suravt,deepak,7489257576,,,7489257576,,,
Nakul jayntimata,Nakul,jayntimata,,8223828151,,,8223828151,,,
Ishvar damar tandakhera,Ishvar,tandakhera,damar,8435328549,,,8435328549,,,
Jivan vashuniya bharavda,Jivan,bharavda,vashuniya,7067796147,,,7067796147,,,
Amarshig baloda,Amarshig,baloda,,7354877136,,,7354877136,,,
Magilal ji baravada,Magilal,baravada,ji,9993055415,,,9993055415,,,
Mukesh balod dasai,Mukesh,dasai,balod,6263685769,,,6263685769,,,
chirakhan rameshavar babu,chirakhan,babu,rameshavar,7223095244,,,7223095244,,,
Barat patidar chodri,Barat,chodri,patidar,9977525370,,,9977525370,,,
Sanjay ji panditji dasai,Sanjay ji,dasai,panditji,9340175922,,,9340175922,,,
Gokul muniya tantakheda,Gokul,tantakheda,muniya,8120131225,,,8120131225,,,
Fulachan maru khutpala,Fulachan,khutpala,maru,975293600,,,975293600,,,
sagwal ramesh,sagwal,ramesh,,8085219963,,,8085219963,,,
lohari antar,lohari,antar,,9993163606,,,9993163606,,,
Dinesh katara dasai,Dinesh,dasai,katara,9755263501,,,9755263501,,,
Rama patidar samji dasai,Rama patidar,dasai,samji,9981270409,,,9981270409,,,
ledgav isver patidar,ledgav,patidar,isver,7879322274,,,7879322274,,,
Arjun joshi kadod,Arjun,kadod,joshi,9630135513,,,9630135513,,,
jen madir dasai,jen,dasai,madir,9893508318,,,9893508318,,,
Ishavar datoda,Ishavar,datoda,,9926782108,,,9926782108,,,
Gopal vashuniya bamankhedi,Gopal,bamankhedi,vashuniya,9111749314,,,9111749314,,,
kavar ji bardar lohari,kavar ji,lohari,bardar,9977112209,,,9977112209,,,
Lalaji kodalachman dasai,Lalaji,dasai,kodalachman,9993987214,+919993987214,,9993987214 | +919993987214,,,
virendr shig siloda,virendr,siloda,shig,9926833752,,,9926833752,,,
kheshav rator baloda,kheshav,baloda,rator,7024664468,,,7024664468,,,
Barat patidar balod,Barat,balod,patidar,9993714813,,,9993714813,,,
vikash patidar takravda,vikash,takravda,patidar,9893793711,,,9893793711,,,
kadod vijay patidar,kadod,patidar,vijay,9993671246,,,9993671246,,,
Manohar patidar ledgav,Manohar,ledgav,patidar,9893506434,+919893506434,,9893506434 | +919893506434,,,
Vishnu patidar takaravda,Vishnu,takaravda,patidar,9754757380,,,9754757380,,,
Dashrath patiar cho balod,Dashrath patiar,balod,cho,9893254784,,,9893254784,,,
parkash bidwal,parkash,bidwal,,9893501371,,,9893501371,,,
begnda papu,begnda,papu,,9399094948,,,9399094948,,,
kod mabish,kod,mabish,,9993426726,,,9993426726,,,
amar kuriya kapashtal,amar,kapashtal,kuriya,6355782132,,,6355782132,,,
jagdish maru padampura,jagdish,padampura,maru,7693860558,,,7693860558,,,
Dinesh sarma hatod,Dinesh,hatod,sarma,88392852284,,,88392852284,,,
lohari gopal,lohari,gopal,,9516019638,,,9516019638,,,
bhamnkhedi jitendra maru,bhamnkhedi,maru,jitendra,7440897977,,,7440897977,,,
chintu jen dasai,chintu,dasai,jen,9630976663,,,9630976663,,,
akoda devendra,akoda,devendra,,7869442886,,,7869442886,,,
Darmendar takur takaravda,Darmendar,takaravda,takur,7879454663,,,7879454663,,,
dasaibheru shig barod,dasaibheru,barod,shig,9993435990,,,9993435990,,,
khildi maniram vasuneya,khildi,vasuneya,maniram,9179381346,,,9179381346,,,
dasai madan gabajj,dasai,gabajj,madan,9584738698,,,9584738698,,,
neyalpura vinod banjara,neyalpura,banjara,vinod,8120576385,,,8120576385,,,
takravada magila patidar,takravada,patidar,magila,9893454792,,,9893454792,,,
rj gopinatji yogi,rj,yogi,gopinatji,9630188271,,,9630188271,,,
kutpla naring katara,kutpla,katara,naring,8224923426,,,8224923426,,,
tanda yogesh thakor,tanda,thakor,yogesh,9179713185,,,9179713185,,,
dasai ravi maru,dasai,maru,ravi,9109566418,,,9109566418,,,
siloda merban shig,siloda,shig,merban,+919826565709,,,+919826565709,,,
sultanpur vijay patidar,sultanpur,patidar,vijay,997702320,,,997702320,,,
cho balod sachin patidar,cho balod,patidar,sachin,+917000390456,,,+917000390456,,,
Balod radesyam ratod,Balod,ratod,radesyam,8827922923,,,8827922923,,,
dasai pankaj bhamanda patidar,dasai pankaj,patidar,bhamanda,9131828868,,,9131828868,,,
Mokajipada jayram,Mokajipada,jayram,,8085546457,,,8085546457,,,
kharmoda mukesh,kharmoda,mukesh,,9755915924,,,9755915924,,,
balod dasrath soma,balod,soma,dasrath,9754708146,,,9754708146,,,
khiledi indar patidar,khiledi,patidar,indar,9589641404,,,9589641404,,,
dasai motilal valavhiva,dasai,valavhiva,motilal,9981383264,,,9981383264,,,
morgav babu katara,morgav,katara,babu,9893309242,,,9893309242,,,
Dasai Manish Jen,Dasai,Jen,Manish,+917566621118,7566621118,,+917566621118 | 7566621118,,,
khakhedi rajesh dewda,khakhedi,dewda,rajesh,9893745905,,,9893745905,,,
badanawar niraj gosvami,badanawar,gosvami,niraj,+919893354662,,,+919893354662,,,
dasai rajesh chohan,dasai,chohan,rajesh,7089986556,,,7089986556,,,
bohinda amrt patidar,bohinda,patidar,amrt,9993735332,,,9993735332,,,
rajpura mukesh devada,rajpura,devada,mukesh,9893442080,,,9893442080,,,
takravada pintu darbar,takravada,darbar,pintu,9294565456,,,9294565456,,,
dasai hari samaji,dasai,samaji,hari,9993446849,,,9993446849,,,
dasai mukesh patidar bhimaji,dasai mukesh,bhimaji,patidar,9109231181,,,9109231181,,,
kadodkla rahul kamdar,kadodkla,kamdar,rahul,9981106536,,,9981106536,,,
papu jamtimata,papu,jamtimata,,957546936,,,957546936,,,
dasai chetan patidar renvala,dasai chetan,renvala,patidar,+916260356546,,,+916260356546,,,
bidwal jagdish besoteya,bidwal,besoteya,jagdish,9993396247,,,9993396247,,,
rakesh katara,rakesh,katara,,7879681524,,,7879681524,,,
Galunda,Galunda,,,7898304640,,,7898304640,,,
ranipura pawan patidar,ranipura,patidar,pawan,998122612,,,998122612,,,
dasai yashvnt bhimaji,dasai,bhimaji,yashvnt,96985277577,,,96985277577,,,
lohari lakhan shig,lohari,shig,lakhan,9589244589,,,9589244589,,,
dasai govind heragoba,dasai,heragoba,govind,9630234056,,,9630234056,,,
dasai kelash megaji,dasai,megaji,kelash,9179762388,,,9179762388,,,
khidei vinay mukati,khidei,mukati,vinay,7024831894,6268650814,,7024831894 | 6268650814,,,
dasai manoj bhagaapeta,dasai,bhagaapeta,manoj,+919993435016,,,+919993435016,,,
babulal hanumteya,babulal,hanumteya,,9644095064,,,9644095064,,,
fuledi rajendra patel,fuledi,patel,rajendra,9977525278,,,9977525278,,,
tandakheda denesh damor,tandakheda,damor,denesh,9081436123,,,9081436123,,,
bharvda salegram bhati,bharvda,bhati,salegram,9575789174,,,9575789174,,,
ralamndal vikash mandoli,ralamndal,mandoli,vikash,7089975329,,,7089975329,,,
panda karn sing,panda,sing,karn,9754744929,,,9754744929,,,
khiledi sanju tavar,khiledi,tavar,sanju,9770886247,,,9770886247,,,
dasai mukesh chodri,dasai,chodri,mukesh,9879423698,,,9879423698,,,
tandakheda ambaram,tandakheda,ambaram,,8878265076,,,8878265076,,,
shri ram mandir,shri,mandir,ram,9926967468,,,9926967468,,,
Dasai सुनील पाटीदार!,Dasai,पाटीदार!,सुनील,9340123234,,,9340123234,,,
chotiya dilip ganava,chotiya,ganava,dilip,7489651211,,,7489651211,,,
dasai narayan,dasai,narayan,,9752721376,,,9752721376,,,
Dasai Suresh parjapat,Dasai,parjapat,Suresh,7869288297,,,7869288297,,,
श्री राम धाकड़!,श्री,धाकड़!,राम,7987688034,,,7987688034,,,
Dasai भंवर सिंह कुमार।,Dasai भंवर,कुमार।,सिंह,9575310559,,,9575310559,,,
selu mandir dasai,selu,dasai,mandir,70000541552,,,70000541552,,,
किशनपुर बबलू डावर।,किशनपुर,डावर।,बबलू,6263305530,,,6263305530,,,
Tandakheda पप्पू राम जी!,Tandakheda पप्पू,जी!,राम,7909352107,,,7909352107,,,
Dantoli महेश कटारा!,Dantoli,कटारा!,महेश,7749641389,,,7749641389,,,
Dhamnda कैलाश मिस्त्री।,Dhamnda,मिस्त्री।,कैलाश,9340121916,,,9340121916,,,
gatoda kuvan shig,gatoda,shig,kuvan,8965990221,,,8965990221,,,
lohari balram shig,lohari,shig,balram,9977175173,+919977175173,,9977175173 | +919977175173,,,
balod ravindr patidar,balod,patidar,ravindr,9893489648,,,9893489648,,,
Panda रितेश!,Panda,रितेश!,,8602680622,,,8602680622,,,
Shivnath Traders,Shivnath,Traders,,+918839267551,,,+918839267551,,,
खोदरा हरीश!,खोदरा,हरीश!,,8269584946,,,8269584946,,,
राजेश चौहान।,राजेश,चौहान।,,9893749978,,,9893749978,,,
khiledi mishreelalji,khiledi,mishreelalji,,8085124532,,,8085124532,,,
Khiledi कमल सिंह।,Khiledi,सिंह।,कमल,9977546531,,,9977546531,,,
पाडा कैलाश वसुनिया।,पाडा,वसुनिया।,कैलाश,7089368074,,,7089368074,,,
barmndal magilal patidar,barmndal,patidar,magilal,9993425985,,,9993425985,,,
Khiledi शिव लाल जी जयसवाल!,Khiledi शिव लाल,जयसवाल!,जी,9179377492,,,9179377492,,,
Dasai Babulal जी काशी को दी।,Dasai Babulal जी काशी,दी।,को,+917223901513,,,+917223901513,,,
bamniya jagadish,bamniya,jagadish,,7354032335,,,7354032335,,,
राजस्थान सूखा! योगी।,राजस्थान,योगी।,सूखा!,6352824055,,,6352824055,,,
Panda Alanallur,Panda,Alanallur,,7869678733,,,7869678733,,,
"Pana शंकर जी, पाटीदार!",Pana,जी,शंकर,7024538802,,,7024538802,,,
Ralamndal मदन लाल पटेल।,Ralamndal मदन,पटेल।,लाल,9981793314,,,9981793314,,,
Dasai घनश्याम जी! वाला शिवा!,Dasai घनश्याम जी!,शिवा!,वाला,9993180167,,,9993180167,,,
ranipura sanjay tarodiya,ranipura,tarodiya,sanjay,9827575278,,,9827575278,,,
kod gopal patidar,kod,patidar,gopal,9755124597,,,9755124597,,,
dasai shree vari,dasai,vari,shree,9626630666,,,9626630666,,,
Takaravda mukhesh patidar,Takaravda,patidar,mukhesh,9993688157,,,9993688157,,,
Galunda राम चंद्र वसुनिया।,Galunda राम,वसुनिया।,चंद्र,9977103253,,,9977103253,,,
dassimukhesh patidar,dassimukhesh,patidar,,9893789448,+919893789448,,9893789448 | +919893789448,,,
Khiledi नर्सिंग इन Ninama!,Khiledi नर्सिंग,Ninama!,इन,9131847993,,,9131847993,,,
घर मोड़ा। श्याम पटेल।,घर मोड़ा।,पटेल।,श्याम,8435477580,,,8435477580,,,
Panda Shambhu Vasuniya,Panda,Vasuniya,Shambhu,9644577201,,,9644577201,,,
dasai ravi patidar,dasai,patidar,ravi,9893034171,,,9893034171,,,
Dasai रामप्रसाद पाटीदार रेन वाला।,Dasai रामप्रसाद पाटीदार,वाला।,रेन,7047540748,,,7047540748,,,
Indore Ramesh Fate Note, Indore Ramesh,Fate Note,,+918959893737,,,+918959893737,,,
Microtek Rakesh Parjapat,Microtek,Rakesh Parjapat,,+919179688152,+919630153973,,+919179688152 | +919630153973,,,
Kannda Sarivss,Kannda,Sarivss,,+917020428115,,,+917020428115,,Dispatch,
Balod Rajesh Patidar Sonalika,Balod Rajesh,Sonalika,Patidar,+919131109982,9993906576,,+919131109982 | 9993906576,,,
Surajpur Nandkusor Patidar,Surajpur,Patidar,Nandkusor,9098111328,,,9098111328,,,
Exide Acces,Exide,Acces,,8583000000,,,8583000000,,,
Fakri Hamsafar Code,Fakri,Code,Hamsafar,55007547,,,55007547,,,
Pana Sankarlal patidar,Pana,patidar,Sankarlal,9893454179,,,9893454179,,,
Dasai Radeshyam Borsepatidar,Dasai Radeshyam ,Borsepatidar,,+919993055326,,,+919993055326,,,
Dasai Mithun Patidar Kanjubhunji Patidar,Dasai Mithun Patidar Kanjubhunji,Patidar,,+916263716219,,,+916263716219,,,
Dasai Narayan Patidar Badsha,Dasai Narayan,Badsha,Patidar,+919752213200,,,+919752213200,,,
Gopalpura Rohit,Gopalpura,Rohit,,9131536070,,,9131536070,,,
Dasai Vijay Paridar Hiragoba,Dasai Vijay,Hiragoba,Paridar,9074785937,,,9074785937,,,
Jijai Mirjapur,Jijai,Mirjapur,,9770356020,,,9770356020,,,
Pithampur Aaran Cooler,Pithampur,Cooler,Aaran,+919893443974,,,+919893443974,,Navin Sharma,
Ch. Balod kamlesh patidar,Ch. Balod,patidar,kamlesh,+918770806807,,,+918770806807,,,
mySandesh Support,mySandesh Support,,,+919108433144,,,+919108433144,,,
Dasai Shatu AnkalPatidar JAGOTRA,Dasai Shatu,JAGOTRA,AnkalPatidar,+919131196635,,,+919131196635,,,
Badnaver Panditji,Badnaver,Panditji,,+918085001324,,,+918085001324,,,
Buness Remayndar Aap,Buness,Aap,Remayndar,+919012665559,,,+919012665559,,,
Kadmal Mose Ac,Kadmal,Ac,Mose,+919009548616,,,+919009548616,,,
News,News,,,9205253397,,,9205253397,,,
Mandsor,Mandsor,,,+919691846372,,,+919691846372,,,
Rakha Ju,Rakha,Ju,,8405033459,,,8405033459,,,
Obd 2indore,Obd,2indore,,+918770111798,,,+918770111798,,,
Fholede,Fholede,,,9630760350,,,9630760350,,,
Rachna Moven,Rachna,Moven,,+917389389052,,,+917389389052,,,
Sagwal Goswami Tent House,Sagwal Goswami,House,Tent,+919993144380,,,+919993144380,,,
Badnavar Mamaji Tent House,Badnavar Mamaji,House,Tent,9425990071,,,9425990071,,,
Maharst Sanjaya Patil,Maharst,Patil,Sanjaya,+919823815550,,,+919823815550,,,
Indore Nitesh Patidar,Indore,Patidar,Nitesh,+919009444767,,,+919009444767,,,
Indore Sigdi 2,Indore,2,Sigdi,9406773451,,,9406773451,,,
Manawar Pratik Patinadr Ele. shop,Manawar Pratik Patinadr,shop,Ele.,7049490524,,,7049490524,,,
Dasai Akchay Pahalvan,Dasai,Pahalvan,Akchay,7909739101,,,7909739101,,,
Nimad Cooler,Nimad,Cooler,,+919827217182,,,+919827217182,,,
Lergav khemraj patidar,Lergav,patidar,khemraj,9755281880,+919755281880,,9755281880 | +919755281880,,,
Bidwal Bhanu Bhati,Bidwal,Bhati,Bhanu,+919755133563,,,+919755133563,,,
Dasai Lakhan Patidar M. k,Dasai Lakhan Patidar,k,M.,+917898628356,,,+917898628356,,,
Dasai Sanjay Chohan,Dasai,Chohan,Sanjay,+919630620530,,,+919630620530,,,
Raju Dangi,Raju,Dangi,,+918619826811,,,+918619826811,,,
Dasai Khemchnd Ramchan, Dasai Khemchnd Ramchan,,,+919131695778,,,+919131695778,,,
Dassi Dhnaa Chay,Dassi,Chay,Dhnaa,8085676440,,,8085676440,,,
Bidwal Sunil Prajapat Tent House Light,Bidwal Sunil Prajapat Tent,Light,House,8269747873,,,8269747873,,,
Morgav Ganet Light Tent Houae,Morgav Ganet Light,Houae,Tent,9179979794,,,9179979794,,,
Sagwal Tent House,Sagwal,House,Tent,9755840798,,,9755840798,,,
Dasai Zabuaa Navin Vishksrma,Dasai Zabuaa,Vishksrma,Navin,9826085033,,,9826085033,,,
Madan Panwar Panwar,Madan,Panwar Panwar,,+919893170233,,,+919893170233,,,
Dasai Mahesh Parmar Sanjaycoliney,Dasai Mahesh,Sanjaycoliney,Parmar,+919893448155,,,+919893448155,,,
Jagdish Kumawat Light Dekoreshan Tent House,Jagdish,Kumawat Light Dekoreshan Tent House,,+918839777566,,,+918839777566,,,
Hdfc Bank,Hdfc,Bank,,7070022222,,,7070022222,,,
Bidwal Harsh Sahu Tent House,Bidwal Harsh Sahu,House,Tent,7489046106,,,7489046106,,,
Dasai Sanju Helper,Dasai Sanju Helper,,,+918225817079,,,+918225817079,,,
Kanvan Jen Tent House,Kanvan Jen,House,Tent,8878072008,,,8878072008,,,
Shree Ram Tent House,Shree Ram,House,Tent,9827266973,,,9827266973,,,
Bidwal Rameshwar Patidar,Bidwal Rameshwar,Patidar,,+919993296639,,,+919993296639,,,
Dasai Nimchok Chay,Dasai,Chay,Nimchok,8085633214,,,8085633214,,,
Chama Zulevala,Chama,Zulevala,,9571319797,,,9571319797,,,
Badwai Jitu Tent House,Badwai Jitu,House,Tent,+919516441502,,,+919516441502,,,
Palvada Alamnur Mansuri Tent House,Palvada Alamnur,Mansuri Tent House,,+918827582608,,,+918827582608,,,
Dasai Sister Manish Pol,Dasai Sister,Pol,Manish,+918817171775,8817171775,,+918817171775 | 8817171775,,,
Indore Rk Battery,Indore,Battery,Rk,9827226956,,,9827226956,,,
Karsoda Delip Sharma,Karsoda,Sharma,Delip,+917999783818,,,+917999783818,,,
Dntole Arjun Solanki,Dntole,Solanki,Arjun,9981763865,,,9981763865,,,
Dasai Yash Damar Driver,Dasai Yash,Driver,Damar,+919630402130,,,+919630402130,,,
Molana yash Patidar,Molana yash Patidar,,,+917489704708,,,+917489704708,,,
Besola chanchu Patidar,Besola,Patidar,chanchu,+919691673540,,,+919691673540,,,
Karsod Sunal Javai,Karsod,Javai,Sunal,9713709965,,,9713709965,,,
Indore Numan Bhai Rk Battery Account,Indore Numan Bhai Rk,Account,Battery,+919926012042,,,+919926012042,,,
MY BAT Avount,MY,Avount,BAT,107701,,,107701,,,
Kod Mahaver Ele,Kod,Ele,Mahaver,7771836962,,,7771836962,,,
Kod K.k Ji,Kod K.k Ji,,,+919981395001,,,+919981395001,,,
Kod K.k. Rakesh Patidar,Kod K.k. Rakesh,Patidar,,+919981395003,,,+919981395003,,,
Dhar Mukesh Sir,Dhar Mukesh Sir,,,+919993118180,,,+919993118180,,,
Bujjaj Fayness,Bujjaj,Fayness,,+916261460664,,,+916261460664,,,
Dasai Anil Banduji,Dasai,Banduji,Anil,+918602211971,,,+918602211971,,,
Indore Barkot Janret,Indore,Janret,Barkot,9131225294,,,9131225294,,,
Invaro Battery,Invaro,Battery,,+918358862302,,,+918358862302,,,
Ranipura Sanjay Patel,Ranipura Sanjay,Patel ,,+919826195999,,,+919826195999,,,
Manorath Poster,Manorath Poster,,,+919826860991,,,+919826860991,,,
Dasai Lokesh Gabhaje,Dasai,Gabhaje,Lokesh,9755391791,,,9755391791,,,
Lala Parmar,Lala,Parmar,,9893692984,,,9893692984,,,
Ranipura Vinod,Ranipura,Vinod,,9826426999,,,9826426999,,,
Dasai Banti Nal,Dasai Banti Nal ,,,+918815361587,,,+918815361587,,,
Ranipura Vinod Patider Swaraj,Ranipura Vinod,Swaraj,Patider,+919926426999,,,+919926426999,,,
Dhar Sonalalika Sohel  Work Shop,Dhar Sonalalika Sohel  Work Shop,,,+917898353829,,,+917898353829,,,
Mahadev Transport Ramji Jayswal. Indor,Mahadev,Transport Ramji Jayswal. Indor,,+919174000344,,,+919174000344,,,
microtek,microtek,,,7283838383,,,7283838383,,,
Chay Toran Darvaja,Chay,Darvaja,Toran,9752847128,,,9752847128,,,
Shivaji nadarmanna,Shivaji,nadarmanna,,9589239739,,,9589239739,,,
Takravda Jaydeep Chandel,Takravda Jaydeep,Chandel,,+919826755619,,,+919826755619,,,
Utavda Sunil Patidar,Utavda,Patidar,Sunil,+919827201438,,,+919827201438,,,
Indraval Shambhulal Dhakad,Indraval Shambhulal,Dhakad,,+918959697981,,,+918959697981,,,
Ch. balod Sandeep Patider,Ch. balod,Patider,Sandeep,+919753882905,,,+919753882905,,,
Delhi Paras Cooler Body Patas,Delhi Paras Cooler,Patas,Body,9711901029,,,9711901029,,,
Kod Mahadev Tent House,Kod Mahadev,House,Tent,+917400730269,,,+917400730269,,,
Dasai Pankaj Kanjjgagaram,Dasai Pankaj Kanjjgagaram,,,+917747070853,,,+917747070853,,Pankuvarshu,
Moon Air Cooler Rajeev Garg,Moon Air Cooler Rajeev Garg,,,+919837015252,,,+919837015252,,,
Dasai Anter Kele ValaVijay Parmar,Dasai Anter Kele ValaVijay,Parmar,,+916266542722,,,+916266542722,,,
Balod Dharmendra Patidar Fores,Balod Dharmendra,Fores,Patidar,9340462738,9399837141,,9340462738 | 9399837141,,,
Nananvasa Vijay Jawarsingh,Nananvasa,Jawarsingh,Vijay,9589808548,,,9589808548,,,
Nananvasa Sanjay,Nananvasa,Sanjay,,9770428044,,,9770428044,,,
Ralamadal Sanjay Badwala,Ralamadal,Badwala,Sanjay,6232407818,,,6232407818,,,
Baloda Rakesh Bhura,Baloda,Bhura,Rakesh,8821964787,,,8821964787,,,
Sonyakhedi Devi Singh,Sonyakhedi,Singh,Devi,9993734979,,,9993734979,,,
Dantoli Dinesh Bariya,Dantoli,Bariya,Dinesh,9165561295,,,9165561295,,,
Kapasthal Suresh Mukati,Kapasthal,Mukati,Suresh,9752721720,,,9752721720,,,
Bablu Kulariya Baloda,Bablu,Baloda,Kulariya,9826584207,,,9826584207,,,
Lohari Dinesh Goyal,Lohari,Goyal,Dinesh,9644152603,,,9644152603,,,
Lalchand Meda Chotiya Balod,Lalchand Meda,Balod,Chotiya,9753567915,,,9753567915,,,
Balod Munnalal Meda,Balod,Meda,Munnalal,8103233596,,,8103233596,,,
Siloda Pradip Dayma,Siloda,Dayma,Pradip,9131392740,,,9131392740,,,
Khakhedi Mohan Danvaya,Khakhedi,Danvaya,Mohan,9009404185,,,9009404185,,,
Dantoli Janak Kanhaiya Lal,Dantoli Janak,Lal,Kanhaiya,9977118208,,,9977118208,,,
Kadod Narayan Ji,Kadod,Ji,Narayan,9755124497,,,9755124497,,,
Khiledi Vikram Girwal,Khiledi,Girwal,Vikram,7470508548,,,7470508548,,,
Dasai Nilesh Gadi Bhola Gadi,Dasai Nilesh Gadi,Gadi,Bhola,+917869364642,,,+917869364642,,,
Bamankhedi Omprakash Meda,Bamankhedi,Meda,Omprakash,7879691314,,,7879691314,,,
Dasai Bhura Mandloi,Dasai,Mandloi,Bhura,9755475638,,,9755475638,,,
Padampura Balram Maru,Padampura,Maru,Balram,8224078513,,,8224078513,,,
Baloda Kailash,Baloda,Kailash,,9340090621,,,9340090621,,,
Ralamandal Pawan Umarwal,Ralamandal,Umarwal,Pawan,9340357676,,,9340357676,,,
Dasai Shobharam Kanji Gangaram,Dasai Shobharam,Gangaram,Kanji,6261709579,,,6261709579,,,
Galunda Anil Bariya,Galunda,Bariya,Anil,8815877507,,,8815877507,,,
Kotdakala Mishrilal Ji,Kotdakala,Ji,Mishrilal,9399842119,,,9399842119,,,
Balod Balram Ganava,Balod,Ganava,Balram,8889239883,,,8889239883,,,
Morgav Lakhan Dawar,Morgav,Dawar,Lakhan,7223990185,,,7223990185,,,
Dasai Subhash Jhala,Dasai,Jhala,Subhash,9754953627,,,9754953627,,,
Indrawal Kanhaiyalal Paggi,Indrawal,Paggi,Kanhaiyalal,6263813052,,,6263813052,,,
Dasai Bhupwndra Samji,Dasai,Samji,Bhupwndra,9752057308,,,9752057308,,,
Chirakhan Vishal,Chirakhan,Vishal,,8817463399,,,8817463399,,,
Padampura Girdhari Meda,Padampura,Meda,Girdhari,8889842031,,,8889842031,,,
ChirakhanGovind Bhabhar,ChirakhanGovind,Bhabhar,,9577643766,,,9577643766,,,
Lohari Mansingh Ji,Lohari,Ji,Mansingh,9685722727,,,9685722727,,,
Dasai Khemchand Palwa Wale,Dasai Khemchand,Wale,Palwa,+919630866950,,,+919630866950,,,
Indraval Surendra Meda,Indraval,Meda,Surendra,6261983739,,,6261983739,,,
Takrawda Mohann Meda,Takrawda,Meda,Mohann,9752244657,,,9752244657,,,
Khiledi Vijay Girwal,Khiledi,Girwal,Vijay,9754031442,,,9754031442,,,
Dhamanda Mukesh Ji,Dhamanda,Ji,Mukesh,7771043653,,,7771043653,,,
Kapasthal Bherulal,Kapasthal,Bherulal,,9179733382,,,9179733382,,,
Dasai Ramlal Patidar Vakil,Dasai Ramlal,Vakil,Patidar,9424043231,,,9424043231,,,
Utawda Arvind Patidar,Utawda,Patidar,Arvind,8770307729,,,8770307729,,,
Utavda Nanuram Ji,Utavda,Ji,Nanuram,9981308625,,,9981308625,,,
Bani Khutpala Tolaram Maru,Bani Khutpala,Maru,Tolaram,9977368458,,,9977368458,,,
Padampur Yamuna,Padampur,Yamuna,,8435940481,,,8435940481,,,
Takrawda Guddu Bhai,Takrawda,Bhai,Guddu,9993103917,,,9993103917,,,
Chotiya Balod Manohar Patidar,Chotiya Balod,Patidar,Manohar,8085627024,,,8085627024,,,
Ledgav Rajendra Patidar,Ledgav,Patidar,Rajendra,9179187678,,,9179187678,,,
Khutpala Ajay Jat,Khutpala,Jat,Ajay,7898236050,,,7898236050,,,
Khiledi Ravi Ninama,Khiledi,Ninama,Ravi,9630345569,,,9630345569,,,
Khiledi Rajendra Rathor,Khiledi,Rathor,Rajendra,9893410719,,,9893410719,,,
Lohari Rajaram Katara,Lohari,Katara,Rajaram,9343533178,,,9343533178,,,
Ghatoda Rajendra Singh Ji,Ghatoda Rajendra,Ji,Singh,9617955751,,,9617955751,,,
Dasai Manohar Hiragoba,Dasai,Hiragoba,Manohar,9993434276,,,9993434276,,,
Lohari Mahesh,Lohari,Mahesh,,9752297748,,,9752297748,,,
Chirakhan Gopal Ji Dabi,Chirakhan Gopal,Dabi,Ji,7067004757,,,7067004757,,,
Laxminarayan Ji,Laxminarayan,Ji,,8085830348,,,8085830348,,,
Dantoli Basant Singh,Dantoli,Singh,Basant,9009361974,,,9009361974,,,
Dasai Pawan Rathor,Dasai,Rathor,Pawan,8872823085,,,8872823085,,,
Takrawda Gorav Patidar,Takrawda,Patidar,Gorav,8770002686,,,8770002686,,,
Baloda Rajesh Ji Patidar,Baloda Rajesh,Patidar,Ji,9179146824,,,9179146824,,,
Baloda Yash Maida,Baloda,Maida,Yash,6261493150,9691950677,,6261493150 | 9691950677,,,
Dasai Rakesh Chohan,Dasai,Chohan,Rakesh,9755864998,,,9755864998,,,
Kadod Sonu Dhakad,Kadod,Dhakad,Sonu,8959459371,,,8959459371,,,
Kharsoda Mukesh Khandwal,Kharsoda,Khandwal,Mukesh,8224894821,,,8224894821,,,
Banderi Suresh Patidar,Banderi,Patidar,Suresh,9893254638,,,9893254638,,,
Ralamandal Jorawar Singh,Ralamandal,Singh,Jorawar,9993339679,,,9993339679,,,
Dasai Ritesh Patidar,Dasai,Patidar,Ritesh,7987713927,,,7987713927,,,
Khakhedi Satnarayan Dangaya,Khakhedi,Dangaya,Satnarayan,8085328806,,,8085328806,,,
Dasai Sohan Kanji Gangaram,Dasai Sohan,Gangaram,Kanji,9302873805,,,9302873805,,,
Nananvasa Bherulal,Nananvasa,Bherulal,,7898379129,,,7898379129,,,
Ranipura Prahlad Patidar,Ranipura,Patidar,Prahlad,9981128217,,,9981128217,,,
Baloda Pappu Singh,Baloda,Singh,Pappu,7723036956,,,7723036956,,,
Dasai Jiwan Ukarji,Dasai,Ukarji,Jiwan,6269376562,,,6269376562,,,
Sagwal Lakhan Puri Goswami,Sagwal Lakhan,Goswami,Puri,6260307085,,,6260307085,,,
Lohari Manohar Singh Ji,Lohari Manohar,Ji,Singh,9893255267,,,9893255267,,,
BamanKhedi Arjun Maru,BamanKhedi,Maru,Arjun,9893368541,,,9893368541,,,
Dasai Prakash Patider Khamaliya,Dasai Prakash Patider,Khamaliya,,+919074831195,,,+919074831195,,,
barmandal aandilal kumavat,barmandal,kumavat,aandilal,8085146163,,,8085146163,,,
khiledi vajay beragi,khiledi,beragi,vajay,9630761395,,,9630761395,,,
pana amart sirvi,pana,sirvi,amart,7999410052,,,7999410052,,,
kisorsing takravda,kisorsing,takravda,,9893968854,,,9893968854,,,
kadod jivan gehalotjivan,kadod,gehalotjivan,jivan,9009307564,,,9009307564,,,
khiledi shivam more,khiledi,more,shivam,9993538648,,,9993538648,,,
dasai arun hiragoba,dasai,hiragoba,arun,9638667599,,,9638667599,,,
chirakhan ashok patider,chirakhan,patider,ashok,9993447175,,,9993447175,,,
kudan sih pawar,kudan,pawar,sih,9993737467,,,9993737467,,,
ch balodbherulal dodiya,ch,dodiya,balodbherulal,9977634511,,,9977634511,,,
bandedi manoj chodhri,bandedi,chodhri,manoj,9752076698,,,9752076698,,,
dantoli naren bhayal,dantoli,bhayal,naren,9926446355,,,9926446355,,,
baloda hatesing kulareya,baloda,kulareya,hatesing,9770692954,,,9770692954,,,
dasai balram jivaharvhan,dasai,jivaharvhan,balram,9981561360,,,9981561360,,,
chatiya vijay vaskle,chatiya,vaskle,vijay,9343392985,,,9343392985,,,
ragakhidi vikas trvidi,ragakhidi,trvidi,vikas,794836664,,,794836664,,,
kharoda lakhan patel,kharoda,patel,lakhan,9462002284,,,9462002284,,,
ch balod ramsing,ch,ramsing,balod,91748782325,,,91748782325,,,
Indore Cooler Navkar Markrting,Indore Cooler,Markrting,Navkar,6232654398,,,6232654398,,,
Sagwal Omprakash Solanki,Sagwal,Solanki,Omprakash,9893356461,,,9893356461,,,
Khiledi Sunil More,Khiledi,More,Sunil,9993535648,,,9993535648,,,
Rangarakhedi Vikash Trivedi,Rangarakhedi,Trivedi,Vikash,7974836664,,,7974836664,,,
Dasai Harinarayan Patidar,Dasai,Patidar,Harinarayan,8349817128,,,8349817128,,,
Ghatoda Aashram Indu Singh,Ghatoda Aashram,Singh,Indu,9179466951,,,9179466951,,,
Balod Prakash Ramsingh,Balod,Ramsingh,Prakash,9174782325,,,9174782325,,,
Bidwal Santosh Kamdar,Bidwal,Kamdar,Santosh,9893509755,,,9893509755,,,
Dasai Ambaram Koda laxman,Dasai Ambaram,laxman,Koda,9893692557,,,9893692557,,,
Kadod Pravin Mukati,Kadod,Mukati,Pravin,9685835912,,,9685835912,,,
Khakhedi Dariyab Singh,Khakhedi,Singh,Dariyab,9691416518,,,9691416518,,,
Pana Bahadur Singh,Pana,Singh,Bahadur,9993446863,,,9993446863,,,
Ghatoda Tejpal Singh,Ghatoda,Singh,Tejpal,+918839239644,,,+918839239644,,,
Dasai Gokul Bamniya,Dasai,Bamniya,Gokul,8085676499,,,8085676499,,,
Kesarpura Sukhram Patidar,Kesarpura,Patidar,Sukhram,7389496692,,,7389496692,,,
Khiledi Rajpal,Khiledi,Rajpal,,9893936583,,,9893936583,,,
Takrawda Sundarlal Patidar,Takrawda,Patidar,Sundarlal,+919893285408,,,+919893285408,,,
Kapasthal Devendra,Kapasthal,Devendra,,7828897477,,,7828897477,,,
Dasai Mukesh Meghaji,Dasai,Meghaji,Mukesh,7974335510,,,7974335510,,,
Pana Gajraj Singh,Pana,Singh,Gajraj,8717927990,,,8717927990,,,
Lohari Mahesh Singh Rathor,Lohari Mahesh,Rathor,Singh,7000541676,,,7000541676,,,
Ralamandal Prakash Jayaswal,Ralamandal,Jayaswal,Prakash,9977135810,,,9977135810,,,
Indrawal Laxman Chodhri,Indrawal,Chodhri,Laxman,8770984362,,,8770984362,,,
Mogjipada Shankar Katara,Mogjipada,Katara,Shankar,9109844315,,,9109844315,,,
Baloda Parmanand Chohan,Baloda,Chohan,Parmanand,8349118722,,,8349118722,,,
Dasai Govind Salaji,Dasai,Salaji,Govind,9174714142,,,9174714142,,,
Banderi Gorav Tamboliya,Banderi,Tamboliya,Gorav,6261497423,,,6261497423,,,
Tandakheda Sonu Dawar,Tandakheda,Dawar,Sonu,8982728995,,,8982728995,,,
Baloda Kamlesh Patidar,Baloda,Patidar,Kamlesh,8889694753,,,8889694753,,,
Dasai Anil Parmar Kumarpath,Dasai Anil,Kumarpath,Parmar,9009765903,,,9009765903,,,
Dhamanda Madhu Sudan Patidar,Dhamanda Madhu,Patidar,Sudan,9752754493,,,9752754493,,,
Takrawda Dhiraj Rathor,Takrawda,Rathor,Dhiraj,8815383988,,,8815383988,,,
Baloda Kawarlal Patidar,Baloda,Patidar,Kawarlal,99078135364,,,99078135364,,,
Dasai Vishnu Bhagirath,Dasai,Bhagirath,Vishnu,7879663789,,,7879663789,,,
Panipura Kalyansingh,Panipura,Kalyansingh,,9589325382,,,9589325382,,,
Dasai Siddharth Jain,Dasai,Jain,Siddharth,8349544138,,,8349544138,,,
Beganda Vishnu Bamniya,Beganda,Bamniya,Vishnu,9893727795,,,9893727795,,,
Takrawda Aaditya Kamdar,Takrawda,Kamdar,Aaditya,6265251902,,,6265251902,,,
Dasai Mukesh Prajapat,Dasai,Prajapat,Mukesh,8989456143,,,8989456143,,,
Ranipura Vijay Jagotra Patidar,Ranipura Vijay,Patidar,Jagotra,9893771517,,,9893771517,,,
Tanda Kheda Sukhram,Tanda,Sukhram,Kheda,7223989842,,,7223989842,,,
Fuledi Rakesh Ji,Fuledi,Ji,Rakesh,9589177849,,,9589177849,,,
Panda Ramesh Maru,Panda,Maru,Ramesh,7987782341,,,7987782341,,,
Ranipura Ajay Patidar,Ranipura,Patidar,Ajay,9575100113,,,9575100113,,,
Hanumantiya bola Mohan Lal,Hanumantiya bola,Lal,Mohan,+919754766575,,,+919754766575,,,
Ranipura Gopal Patidar,Ranipura,Patidar,Gopal,9755204396,,,9755204396,,,
Tandakheda Mohan Girwal,Tandakheda,Girwal,Mohan,9644109162,,,9644109162,,,
Bamankhedi Kanha,Bamankhedi,Kanha,,7999908471,,,7999908471,,,
Chirakhan Kanhaiya Lal Payidar,Chirakhan Kanhaiya,Payidar,Lal,8839776241,,,8839776241,,,
Bidwal Virendra Bhati,Bidwal,Bhati,Virendra,9630396368,,,9630396368,,,
Soniya Khedi Jitendra Patel,Soniya Khedi,Patel,Jitendra,8839913904,,,8839913904,,,
Tandakheda Dhan Singh,Tandakheda,Singh,Dhan,9617303630,,,9617303630,,,
Baloda Gopal Patidar Ekranga,Baloda Gopal,Ekranga,Patidar,9755685616,,,9755685616,,,
Kadod Rajaram Ji Dhakad,Kadod Rajaram,Dhakad,Ji,9755544874,,,9755544874,,,
Khiledi Aashish Patidar,Khiledi,Patidar,Aashish,9981589937,,,9981589937,,,
Soniya Khedi Balram Ghatiya,Soniya Khedi,Ghatiya,Balram,6291760399,,,6291760399,,,
Dhamanda Sachin Jain,Dhamanda,Jain,Sachin,6261658755,,,6261658755,,,
Padampura Dinesh Maru,Padampura,Maru,Dinesh,7771001118,,,7771001118,,,
Takrawda Jitendra Singh,Takrawda,Singh,Jitendra,9993135153,,,9993135153,,,
Khiledi Ravi,Khiledi,Ravi,,9165938349,,,9165938349,,,
Dasai Jiwan Bhalod,Dasai,Bhalod,Jiwan,9691504369,,,9691504369,,,
Barmandal Reva Shankar,Barmandal,Shankar,Reva,+919754491015,,,+919754491015,,,
Dasai Rajesh Prajapat,Dasai,Prajapat,Rajesh,+919754173099,,,+919754173099,,,
Dasai Hariom Khadi Wala,Dasai Hariom,Wala,Khadi,9893357935,,,9893357935,,,
Dasai Kailash Prajapat,Dasai,Prajapat,Kailash,9993165940,,,9993165940,,,
Tandakheda Nathuram Katara,Tandakheda,Katara,Nathuram,9893125480,,,9893125480,,,
Bidwal Shivam Patil,Bidwal,Patil,Shivam,98277725266,,,98277725266,,,
Dhamanda Mahavir Kirana,Dhamanda,Kirana,Mahavir,7898159195,7649338061,,7898159195 | 7649338061,,,
Balod Anil Patidar,Balod,Patidar,Anil,8770807306,,,8770807306,,,
Bidwal Jitu Solanki,Bidwal Jitu,Solanki,,+919893506280,,,+919893506280,,,
Kutpala shantilal maru,Kutpala,maru,shantilal,9993426951,,,9993426951,,,
Bamnkhedi Pyarchand Maru Maru,Bamnkhedi Pyarchand,Maru Maru,,+919131307350,,,+919131307350,,,
Barmandal Jeevan Patel,Barmandal Jeevan,Patel,,+919926086962,,,+919926086962,,,
Dasai Sanjay Patider Valashiva,Dasai Sanjay,Patider Valashiva ,,+919993948399,,,+919993948399,,,
Pana Manoher Sir,Pana,Sir,Manoher,+918839157452,,,+918839157452,,,
Balod Bhuralal Harad,Balod,Harad,Bhuralal,9981978713,,,9981978713,,,
Jalampura Hiralal Ji,Jalampura,Ji,Hiralal,9755369821,,,9755369821,,,
Balod Gajendra Shambhulal 855,Balod Gajendra,855,Shambhulal,9993955280,,,9993955280,,,
Balod Prabhu Lal Ji,Balod Prabhu,Ji,Lal,9754282041,,,9754282041,,,
Dasai Shri Krishna Hotal Bharat Ji,Dasai Shri Krishna Hotal,Ji,Bharat,7000911248,,,7000911248,,,
Ghatoda Mansingh Ji,Ghatoda,Ji,Mansingh,9645745031,,,9645745031,,,
Pana Shobha Ram Chodhri,Pana Shobha,Chodhri,Ram,9754946298,,,9754946298,,,
Sultanpur Gendalal Ji,Sultanpur,Ji,Gendalal,9981926855,,,9981926855,,,
Pana Sanjay Kaniram,Pana,Kaniram,Sanjay,9630747927,,,9630747927,,,
Fuledi Arjun Singh,Fuledi,Singh,Arjun,9981437119,,,9981437119,,,
Padampura Govind Ji Maru,Padampura Govind,Maru,Ji,9977694623,,,9977694623,,,
Dasai Narendra Mukati,Dasai,Mukati,Narendra,8319626097,,,8319626097,,,
Bhilgun Gangaram Ji,Bhilgun,Ji,Gangaram,9993341397,,,9993341397,,,
Dasai Suresh Patel Sanjay Coloni,Dasai Suresh Patel,Coloni,Sanjay,9981620822,,,9981620822,,,
DharAjay Sisodiya,DharAjay,Sisodiya,,6265026978,9393622540,,6265026978 | 9393622540,,,
Hdfc 26. 11. 2025 Balnece,Hdfc 26. 11.,Balnece,2025,12007,,,12007,,,
Aadivasi King,Aadivasi King,,,+919977045511,,,+919977045511,,,
Visim Khan,Visim,Khan,,+919713015124,,,+919713015124,,,
Bharavda Vijay Bhati,Bharavda Vijay,Bhati,,+919993123962,,,+919993123962,,,
Runji Javai,Runji,Javai,,8717878799,,,8717878799,,,
Khakhilei Jalam Sing,Khakhilei,Sing,Jalam,9752030112,,,9752030112,,,
Takravda Lakhan Patel,Takravda,Patel,Lakhan,9993955384,,,9993955384,,,
Ghtoda Mansing,Ghtoda,Mansing,,9654745031,,,9654745031,,,
Dasai Rugnath Maru ²,Dasai Rugnath,²,Maru,9424043415,,,9424043415,,,
Ghatoda Vikram Singh,Ghatoda,Singh,Vikram,6291341466,,,6291341466,,,
Balod Amar Singh,Balod,Singh,Amar,73554877136,,,73554877136,,,
Hatod Dinesh Sharma,Hatod,Sharma,Dinesh,8839285284,,,8839285284,,,
Dasai Dashrath Ukarji,Dasai,Ukarji,Dashrath,7974447997,,,7974447997,,,
Mokji Pada Jairam,Mokji,Jairam,Pada,8085346457,,,8085346457,,,
Dasai Shambgu Singh,Dasai,Singh,Shambgu,9669304249,,,9669304249,,,
Kod Chanchal Patidar Kanapana Sala,Kod Chanchal,Patidar Kanapana Sala,,+919179769471,,,+919179769471,,,
Jalmpura Softwere,Jalmpura,Softwere,,9303684345,,,9303684345,,,
maaaami,maaaami,,,6260060173,,,6260060173,,,
Dasai Reshma bhabhi,Dasai,bhabhi,Reshma,9893448009,,,9893448009,,,
Dasai Deveya Jag,Dasai Deveya Jag,,,9685112768,,,9685112768,,,
Tanda Kheda Charansingh,Tanda,Charansingh,Kheda,7693027028,,,7693027028,,,
Nihalpura Chandan Singh,Nihalpura,Singh,Chandan,9893636551,,,9893636551,,,
Kadod Vijay Laxman,Kadod,Laxman,Vijay,8839226711,,,8839226711,,,
Jolana Santosh Chohan,Jolana,Chohan,Santosh,8959070947,,,8959070947,,,
Kod Brajmohan Khokar,Kod,Khokar,Brajmohan,8641077288,,,8641077288,,,
Dasai Chagan Mukati,Dasai,Mukati,Chagan,8305932595,,,8305932595,,,
Tanda Kheda Gopal ninama,Tanda Kheda,ninama,Gopal,9111798366,,,9111798366,,,
Dasai Chodhri Kirana,Dasai,Kirana,Chodhri,8827058168,,,8827058168,,,
Pana Ranjit Chohan,Pana,Chohan,Ranjit,8085423492,,,8085423492,,,
Bhilgun Rudan Singh,Bhilgun,Singh,Rudan,9131077009,,,9131077009,,,
Kharsoda Ravi Khandwal,Kharsoda,Khandwal,Ravi,7773030913,,,7773030913,,,
Khiledi Radheshyam Bhuriya,Khiledi,Bhuriya,Radheshyam,9755556927,,,9755556927,,,
Sagwal Maa Aashapura Fuel,Sagwal Maa,Fuel,Aashapura,9926777173,,,9926777173,,,
Mogjipada Girdhari,Mogjipada,Girdhari,,8719069740,,,8719069740,,,
Padunikala Sonu Vasuniya,Padunikala,Vasuniya,Sonu,8815218125,,,8815218125,,,
Takrawda Arjun Osari,Takrawda,Osari,Arjun,8959221537,,,8959221537,,,
Khodra Thawar Singh,Khodra,Singh,Thawar,9685253625,,,9685253625,,,
Akoda Subhash,Akoda,Subhash,,9329933255,,,9329933255,,,
Dasai Uttam Jayaswal,Dasai,Jayaswal,Uttam,9993355884,,,9993355884,,,
Khutpala Sitaram Girwal,Khutpala,Girwal,Sitaram,7771815208,,,7771815208,,,
Utawda Balram Patidar,Utawda,Patidar,Balram,9691739143,,,9691739143,,,
Dasai O. prakash Narayan Moti,Dasai O. prakash,Moti,Narayan,9630662208,,,9630662208,,,
Utawda Aasharam Patidar,Utawda,Patidar,Aasharam,9755031358,,,9755031358,,,
Chotiya Balod Ashok Jat,Chotiya Balod,Jat,Ashok,9893506471,,,9893506471,,,
Dasai Shankarlal Mansingh Kawra,Dasai Shankarlal,Kawra,Mansingh,9755954267,,,9755954267,,,
Khiledi Rahul Girwal,Khiledi,Girwal,Rahul,8120037723,,,8120037723,,,
Kod Jiwan Patidar,Kod,Patidar,Jiwan,9826661854,,,9826661854,,,
Lohari Antar Singh,Lohari,Singh,Antar,8878188406,,,8878188406,,,
Dasai Rakesh Maru,Dasai,Maru,Rakesh,7223096804,,,7223096804,,,
Chotiya Balod Badrilal Damar,Chotiya Balod,Damar,Badrilal,7089449585,,,7089449585,,,
Kapasthal Tulsiram Arad,Kapasthal,Arad,Tulsiram,9179848971,,,9179848971,,,
Ranipura Kamal Patidar,Ranipura,Patidar,Kamal,8839825263,,,8839825263,,,
Dasai Dharmen Chohan Kumarpath,Dasai Dharmen,Kumarpath,Chohan,8319514414,,,8319514414,,,
Dasai Rakesh Lohari,Dasai,Lohari,Rakesh,9630982325,,,9630982325,,,
Takrawda Mangilal Ji,Takrawda,Ji,Mangilal,9039393435,,,9039393435,,,
Chirakhan Sudama Jayaswal,Chirakhan,Jayaswal,Sudama,6261221576,,,6261221576,,,
Dhamanda Paramdas Vaishnav,Dhamanda,Vaishnav,Paramdas,7000176722,,,7000176722,,,
Khutpala Motilal Rathor,Khutpala,Rathor,Motilal,9754704173,,,9754704173,,,
Bidwal Rajaram Daima,Bidwal,Daima,Rajaram,9907682137,,,9907682137,,,
Indore Vinod Bhalra,Indore,Bhalra,Vinod,9926078494,,,9926078494,,,
Lohari Mahesh Ji,Lohari,Ji,Mahesh,9752292748,,,9752292748,,,
Dasai Hari Ram Simlawda,Dasai Hari,Simlawda,Ram,9893623076,,,9893623076,,,
Dasai Govind Kanabhopa,Dasai,Kanabhopa,Govind,9993356275,,,9993356275,,,
Khiledi Tufan Singh,Khiledi,Singh,Tufan,9893362189,,,9893362189,,,
Dasai Rajesh Chohan,Dasai,Chohan,Rajesh,8269963112,,,8269963112,,,
Khiledi Sanjay,Khiledi,Sanjay,,8827908043,,,8827908043,,,
Jcb Ghatoda,Jcb,Ghatoda,,6353700141,,,6353700141,,,
Khakhedi Jitendra Ji,Khakhedi,Ji,Jitendra,7869018682,,,7869018682,,,
Dasai Sohan Parmar,Dasai,Parmar,Sohan,9893787796,,,9893787796,,,
Dasai Jeewan Kharadi,Dasai,Kharadi,Jeewan,7898439528,,,7898439528,,,
Lohari Magan Lal Parmar,Lohari Magan,Parmar,Lal,9111715713,,,9111715713,,,
Takrawda Pradeep Kamdar,Takrawda,Kamdar,Pradeep,8770285826,,,8770285826,,,
Dhar Faruk Shaikj Janeter,Dhar Faruk,Shaikj Janeter,,+919993447664,,,+919993447664,,,
ice crem,ice,crem,,+917850075153,,,+917850075153,,,
Indore Moon Air Cooler,Indore Moon Air Cooler,,,+919981697977,,,+919981697977,,,
Dasai Gordhan Bangar Dasai,Dasai Gordhan,Bangar Dasai,,+919754758533,,,+919754758533,,,
Indore Lalit Gour,Indore Lalit,Gour,,+919993043030,,,+919993043030,,,
Khiledi Mangilal Parmar,Khiledi,Parmar,Mangilal,9893006799,,,9893006799,,,
shivani bhensola,shivani,bhensola,,9977711339,,,9977711339,,,
Ratlam Rishab Jen Tent House,Ratlam Rishab Jen,House,Tent,8085433431,,,8085433431,,,
Badnager Jitendra Panchal,Badnager Jitendra,Panchal,,+919977607728,,,+919977607728,,,
Rajcooler Sarviss,Rajcooler,Sarviss,,+917486816297,,,+917486816297,,,
Dedla Mahila Sangh Sangh Samiti,Dedla Mahila,Sangh Samiti,Sangh,+919098829458,,,+919098829458,,,
Khiledi Ishwar Ishwar Malviya,Khiledi,Ishwar Malviya,Ishwar,+919754881651,,,+919754881651,,,
bhabzi,bhabzi,,,+918962146576,,,+918962146576,,,
Baledi Raju,Baledi,Raju,,+919630213288,,,+919630213288,,,
Indode Tent Cooler Speyer Raj Tent,Indode Tent Cooler Speyer Raj Tent,,,+919770261369,,,+919770261369,,,
Dasai Genatjali Glass,Dasai,Glass,Genatjali,+919770045002,,,+919770045002,,,
Dasai Mohan Sir Gabaji,Dasai Mohan Sir Gabaji,,,+919993448587,,,+919993448587,,,
Chirakhan Nandi Tent House,Chirakhan Nandi,House,Tent,+919926129906,,,+919926129906,,,
Dasai Shiva Bheya Palva,Dasai Shiva,Palva,Bheya,+917869375770,,,+917869375770,,,
Kutpala Divilal Tent House,Kutpala Divilal,House,Tent,7224874122,,,7224874122,,,
Rajpura Shree Ig Tent House,Rajpura Shree Ig,House,Tent,9993619435,,,9993619435,,,
Labreya Sai Tent House,Labreya Sai,House,Tent,6264706502,,,6264706502,,,
Dasai Moher Driver  Anter Kele Vala,Dasai Moher Driver  Anter Kele Vala,,,+919522924830,,,+919522924830,,,
Kod Jayesh Tent House,Kod Jayesh,House,Tent,+919755555347,,,+919755555347,,,
Kadod Vahit Mansuri Tent House,Kadod Vahit Mansuri,House,Tent,7987096258,,,7987096258,,,
Vahid Mansuri,Vahid Mansuri,,,+919993796557,,,+919993796557,,,
Indore Raj Cooler Selss,Indore Raj,Selss,Cooler,+917486942934,,,+917486942934,,,
Ratlam Mahaver Halvai,Ratlam Mahaver Halvai,,,+919340724873,,,+919340724873,,,
Kutpala Rajkumar Tent Houae,Kutpala Rajkumar,Houae,Tent,9755685687,,,9755685687,,,
Soniyakhedi Deepak Rathore Jmd Tent House,Soniyakhedi Deepak,Rathore Jmd Tent House,,+916264870175,,,+916264870175,,,
ii,ii,,,6261247436,,,6261247436,,,
lingwa,lingwa,,,+919109930068,,,+919109930068,,,
ruhika,ruhika,,,+917225921075,,,+917225921075,,,
Sagwal Mahesh Patidar,Sagwal,Patidar,Mahesh,9893066140,,,9893066140,,,
manju didi samne,manju,samne,didi,+919977044690,,,+919977044690,,,
dasai tara didi,dasai,didi,tara,+919669074267,,,+919669074267,,,
Okaya Rupesh Kevat,Okaya Rupesh,Kevat,,+917898165220,,,+917898165220,,,
Dasai Balmukun Valaseva,Dasai,Valaseva,Balmukun,+919993180065,,,+919993180065,,,
Dasai Asvin Patidar Ramchan,Dasai Asvin,Ramchan,Patidar,7047614472,,,7047614472,,,
Padampura Kisan Eskat,Padampura,Eskat,Kisan,8435610620,,,8435610620,,,
bidwal Jitu Margala, bidwal Jitu,Margala,,+919630188470,,,+919630188470,,,
Dasai Nilesh Parmar,Dasai,Parmar,Nilesh,+916260053071,,,+916260053071,,,Madhya Pradesh  India
Dasai Ashok Dhanaaji,Dasai,Dhanaaji,Ashok,+919893188923,,,+919893188923,,,Madhya Pradesh  India
Indore Nirbhay Invrtar Repering,Indore Nirbhay,Repering,Invrtar,+919826612129,,,+919826612129,,,Madhya Pradesh  India
Chetan Singh Balod,Chetan,Balod,Singh,+916264387101,9993110312,,+916264387101 | 9993110312,,,Madhya Pradesh  India
Minda Wiring Harness,Minda,Harness,Wiring,+917042496100,,,+917042496100,,,Delhi  India
Bidwal Sudhir Panwar,Bidwal,Panwar,Sudhir,+916261877400,,,+916261877400,,,Madhya Pradesh  India
Dasai Sudama Vishwakarma,Dasai,Vishwakarma,Sudama,+917999033863,9981620890,,+917999033863 | 9981620890,,,Madhya Pradesh  India
Khiledi Vinod Khokar Prett,Khiledi Vinod,Prett,Khokar,+919131724717,,,+919131724717,,,Madhya Pradesh  India
Balod Anil Patidar Swaraj Old Mod,Balod Anil Patidar Swaraj,Mod,Old,+919752586013,,,+919752586013,,,Madhya Pradesh  India
Sultanpur Vijay Om P Patidar,Sultanpur Vijay Om,Patidar,P,+918770107545,,,+918770107545,,,Madhya Pradesh  India
Dasai Sunil Aramashin Patidar,Dasai Sunil,Patidar,Aramashin,+919340123234,,,+919340123234,,,Madhya Pradesh  India
Pana Bantu Banaaswaraj 735,Pana Bantu,735,Banaaswaraj,+919981606398,,,+919981606398,,,Madhya Pradesh  India
Exide Amay Tiwari Jeep,Exide Amay,Jeep,Tiwari,+917987976942,,,+917987976942,,,Madhya Pradesh  India
Ledgav Kana Patidar New Holland,Ledgav Kana Patidar,Holland,New,+919617519560,,,+919617519560,,,Madhya Pradesh  India
Khiledi Indar Patidar,Khiledi,Patidar,Indar,+919589641401,,,+919589641401,,,Madhya Pradesh  India
Kutpala Gopal Maru,Kutpala,Maru,Gopal,+919752294556,,,+919752294556,,,Madhya Pradesh  India
Khiledi Jagdish Patidar,Khiledi,Patidar,Jagdish,+919981457397,,,+919981457397,,,Madhya Pradesh  India
Ktutpla Narayan Kumawat,Ktutpla,Kumawat,Narayan,+919589044141,,,+919589044141,,,Madhya Pradesh  India
Dasai Suresh Patel Big Farmtek,Dasai Suresh Patel,Farmtek,Big,+919981620795,,,+919981620795,,,Madhya Pradesh  India
Sagar Okaya,Sagar,Okaya,,+918319255706,,,+918319255706,,,Madhya Pradesh  India
Gotampura Mukesh Sharmaji,Gotampura,Sharmaji,Mukesh,+919109604293,,,+919109604293,,,Madhya Pradesh  India
Dasai Suresh Prajapat,Dasai,Prajapat,Suresh,+919993355784,,,+919993355784,,,Madhya Pradesh  India
Tandakheda Laxman Laxmankatare,Tandakheda,Laxmankatare,Laxman,+916266211323,,,+916266211323,,,Madhya Pradesh  India
Tandakheda Banshilal Dawar,Tandakheda,Dawar,Banshilal,+917828197046,,,+917828197046,,,Madhya Pradesh  India
Bidwal Sir Nahar,Bidwal,Nahar,Sir,+918959441978,,,+918959441978,,,Madhya Pradesh  India
Shriram Dhakad,Shriram,Dhakad,,+917987688034,,,+917987688034,,,Madhya Pradesh  India
Dasai Jayesh Khachroda,Dasai,Khachroda,Jayesh,+918827716738,,,+918827716738,,,Madhya Pradesh  India
Dasai Jitu Ji Pol,Dasai Jitu,Pol,Ji,+917999785759,9755216392,,+917999785759 | 9755216392,,,Madhya Pradesh  India
Indore Kavaliti,Indore,Kavaliti,,+919826688022,,,+919826688022,,,Madhya Pradesh  India
Bharvada Bhati,Bharvada,Bhati,,+918319208210,,,+918319208210,,,Madhya Pradesh  India
Sandla Shreepal Patidar,Sandla,Patidar,Shreepal,+919926086045,,,+919926086045,,,Madhya Pradesh  India
Bharavda Ganesh Kumar Bhati,Bharavda Ganesh,Bhati,Kumar,+919893704153,,,+919893704153,,,Madhya Pradesh  India
Rakesh Pal,Rakesh,Pal,,+919717111819,,,+919717111819,,,Delhi  India
Gotam Pura,Gotam,Pura,,8878881101,,,8878881101,,,PR ENTPRISES Gautampura  453220 India
Gobind Rai Panjab Tracter Hood,Gobind Rai Panjab,Hood,Tracter,+918727806032,,,+918727806032,,,Punjab  India
Kadod Jitendra Patidar Light Dekoreshan,Kadod Jitendra Patidar,Dekoreshan,Light,+916263108755,,,+916263108755,,,Madhya Pradesh  India
Cherakhan Sudama Jayswal,Cherakhan,Jayswal,Sudama,+919826993558,,,+919826993558,,,Madhya Pradesh  India
Balod Chagan Pagidar,Balod,Pagidar,Chagan,+919630713491,9630713491,,+919630713491 | 9630713491,,,Madhya Pradesh  India
Dasai Gopal Patidar Maknanda,Dasai Gopal,Maknanda,Patidar,+919752257051,,,+919752257051,,,Madhya Pradesh  India
Khiledi Mohan Drayvar,Khiledi,Drayvar,Mohan,+918085631085,8085631085,,+918085631085 | 8085631085,,,Madhya Pradesh  India
Shalu Electric Video Ke Leye Enfrmeshan,Shalu Electric Video Ke,Enfrmeshan,Leye,+919927351419,,,+919927351419,,,Uttar Prades  India
Monty Sound,Monty,Sound,,+919953306506,,,+919953306506,,,Delhi  India
Bilkul Bane Singh Ji Darbar,Bilkul Bane Singh,Darbar,Ji,+919754281540,,,+919754281540,,,Madhya Pradesh  India
Sultanpur Gaju Parsanl,Sultanpur,Parsanl,Gaju,+918640030877,,,+918640030877,,,Madhya Pradesh  India
Lohari rupshig ratod,Lohari,ratod,rupshig,9893997529,,,9893997529,,,
Faridabad Tractor Parts,Faridabad,Parts,Tractor,+917303276669,,,+917303276669,,,Delhi  India
Dasai Kasiram Jugadi,Dasai,Jugadi,Kasiram,+919893125401,,,+919893125401,,,Madhya Pradesh  India
Dasai Raju Patil Smill,Dasai Raju,Smill,Patil,+919893776490,,,+919893776490,,,Madhya Pradesh  India
Dasai Mukesh Pol,Dasai,Pol,Mukesh,+917999135883,,,+917999135883,,,Madhya Pradesh  India
Dasai Tonu Bhothar,Dasai,Bhothar,Tonu,+918827179029,,,+918827179029,,,Madhya Pradesh  India
Dasai Naru Ren,Dasai,Ren,Naru,+919993124318,,,+919993124318,,,Madhya Pradesh  India
Indore Amit Livfast,Indore,Livfast,Amit,+917441102953,,,+917441102953,,,Madhya Pradesh  India
Dasai Sukram Drivar,Dasai,Drivar,Sukram,+919752041310,,,+919752041310,,,Madhya Pradesh  India
Dasai Bhupendra Samji Messy,Dasai Bhupendra,Messy,Samji,+919752053308,,,+919752053308,,,Madhya Pradesh  India
Dasai ( Hero Bick ) Sachin Rathod Amjhera,Dasai ( Hero Bick ) Sachin,Amjhera,Rathod,+919893686857,,,+919893686857,,,Madhya Pradesh  India
bhilgun Manohar ji,bhilgun,ji,Manohar,9993998773,,,9993998773,,,
dasai isver bhimaji,dasai,bhimaji,isver,09893149984,,,09893149984,,,
battey tray,battey,tray,,9781346749,,,9781346749,,,
Dasai Ajay Bhaggapita,Dasai,Bhaggapita,Ajay,9977881156,,,9977881156,,,
Dasai Visnu Bavji Patil,Dasai Visnu,Patil,Bavji,+919179140550,,,+919179140550,,,
Dasai mahesh dasai Kesakvera,Dasai mahesh,Kesakvera,dasai,+919589267268,,,+919589267268,,,
Padampura Nilesh Vasuniya,Padampura,Vasuniya,Nilesh,9630964895,,,9630964895,,,
Dasai Shubam Naranmti,Dasai,Naranmti,Shubam,+917770808885,,,+917770808885,,,
Khiledi Ghanshyam Ninama,Khiledi,Ninama,Ghanshyam,8889192535,,,8889192535,,,
vikas chohan,vikas,chohan,,8878189239,,,8878189239,,,
Dasai Ishwar Ishwar Dhund Nal,Dasai Ishwar,Ishwar Dhund Nal,,+916263108022,,,+916263108022,,,
Kadod Megaji,Kadod,Megaji,,+918109666319,,,+918109666319,,,
Badodeya Narayan Kude,Badodeya,Kude,Narayan,9424004361,,,9424004361,,,
New Jugad,New,Jugad,,06260661063,,,06260661063,,,
budwal Vinayak Hathi Ptdr,budwal Vinayak,Hathi Ptdr,,+917000307111,,,+917000307111,,,
Baloda Lakhan Singh,Baloda,Singh,Lakhan,9399716951,,,9399716951,,,
ajay sisidiya bhar,ajay,bhar,sisidiya,9893622548,,,9893622548,,,
Takrawda Dinesh Patidar,Takrawda,Patidar,Dinesh,8889177528,,,8889177528,,,
Choteya Balod nilesh. 1raga,Choteya Balod,1raga,nilesh.,+919926635972,,,+919926635972,,,
Bandei Narendra Tawar,Bandei,Tawar,Narendra,+919993134547,,,+919993134547,,,
Dasai Kalu Valaseva,Dasai,Valaseva,Kalu,9993185685,+919993185685,,9993185685 | +919993185685,,C NEXT COMPUTERS AND ELECTRONICS,
old battery Buyer,old battery,Buyer,,+917947059925,,,+917947059925,,,
bidwal mk,bidwal,mk,,+917722829341,,,+917722829341,,,
Dasai Sanjay Simlavda,Dasai,Simlavda,Sanjay,+919589239735,,,+919589239735,,,
My Familey,My,Familey,,+919685588861,,,+919685588861,,,
Dhamabda Jitendra,Dhamabda,Jitendra,,9713504817,,,9713504817,,,
Kupala Umesh Kumavat,Kupala,Kumavat,Umesh,9770299223,,,9770299223,,,
dasai vimal jen,dasai,jen,vimal,+919893509241,,,+919893509241,,,
indore prins bus gagwal bus stend,indore prins bus gagwal,stend,bus,+918871727873,,,+918871727873,,,
Dasai Pankaj Viskarma,Dasai,Viskarma,Pankaj,7869678147,,,7869678147,,,
Dhar Saluja,Dhar,Saluja,,+917047474741,,,+917047474741,,Saluja Tour And Travels,
Bandedi Tent House,Bandedi,House,Tent,+918878499868,,,+918878499868,,,
Indore Nabhiraj,Indore,Nabhiraj,,9300505971,,,9300505971,,,
Indore New Pere,Indore,Pere,New,9522222304,,,9522222304,,,
Dasai Krisna Khacroda,Dasai,Khacroda,Krisna,+918349766879,8349766879,,+918349766879 | 8349766879,,,
Magod रेडियम Aart,Magod,Aart,रेडियम,+919098018989,9098018989,,+919098018989 | 9098018989,,,
Ghatoda Bherusing,Ghatoda,Bherusing,,+919584595122,,,+919584595122,,,Madhya Pradesh  India
panchmukhi kelash patidar,panchmukhi,patidar,kelash,8827718416,,,8827718416,,,
Moven Mk,Moven,Mk,,+918349009614,,,+918349009614,,,
balod rameshvar ji patidar dhug deri,balod rameshvar ji patidar,deri,dhug,9993434995,,,9993434995,,,
Sagwal Tent House,Sagwal,House,Tent,9301980421,,,9301980421,,,
Chirakhn subhash muniya,Chirakhn,muniya,subhash,8815821389,,,8815821389,,,
padmpura meraban,padmpura,meraban,,9669550411,,,9669550411,,,
Bhilgun Sitaram,Bhilgun,Sitaram,,7805856736,,,7805856736,,,
Indore Minda Ganesh Rathore,Indore Minda,Rathore,Ganesh,+917089414052,,,+917089414052,,,Madhya Pradesh  India
Kadod Yashwant Patidar,Kadod,Patidar,Yashwant,8827847421,,,8827847421,,,
Dsai Bagdiram Patidar,Dsai,Patidar,Bagdiram,9981561373,,,9981561373,,,
Nimbol Ramdev Patidar,Nimbol,Patidar,Ramdev,+919752709901,,,+919752709901,,,Madhya Pradesh  India
Dasai Miserlal Kanjibhunji,Dasai,Kanjibhunji,Miserlal,+917974937277,,,+917974937277,,,Madhya Pradesh  India
Dasai Shubhash Bhimaji,Dasai,Bhimaji,Shubhash,9630613871,,,9630613871,,,
begnda gopal,begnda,gopal,,9981926640,,,9981926640,,,
Dasai dilip soni,Dasai,soni,dilip,9993434973,,,9993434973,,,
Fuledi Bhagirath Vasuniya,Fuledi,Vasuniya,Bhagirath,8305331985,,,8305331985,,,
Dasai Manoj Maida,Dasai,Maida,Manoj,9713544323,,,9713544323,,,
Dhar Davar Medam,Dhar,Medam,Davar,+917898083771,,,+917898083771,,,
Nimach Galaxy Cooler Speyer,Nimach Galaxy,Speyer,Cooler,8223930666,,,8223930666,,,
Dasai Chagan Patadar,Dasai,Patadar,Chagan,+919893551096,,,+919893551096,,,
Badnagar Rakesh Jen,Badnagar,Jen,Rakesh,9827278002,9425494977,,9827278002 | 9425494977,,,
Pana Dinesh Rathor,Pana,Rathor,Dinesh,8959262159,7987395313,,8959262159 | 7987395313,,,
Bidwal Patil Sir,Bidwal,Sir,Patil,+919981115624,,,+919981115624,,,
Livgurad Sanjay Ji Shree Nath,Livgurad Sanjay Ji,Nath,Shree,+919575061769,,,+919575061769,,,
Sandeep 😇🚭🚭🚭🚭,Sandeep,😇🚭🚭🚭🚭,,+918770044771,,,+918770044771,,,
Dasai Punam Je Logrje,Dasai Punam,Logrje,Je,+919893125534,,,+919893125534,,,
Nimbol Sukhe Pat,Nimbol,Pat,Sukhe,+918827904952,,,+918827904952,,,
Dasai Mahesh Maru,Dasai,Maru,Mahesh,+919713143443,,,+919713143443,,,
Utavda Rohit,Utavda,Rohit,,+917974221765,,,+917974221765,,,
Sagwal Pump Dhubay Ji,Sagwal Pump,Ji,Dhubay,7974227581,,,7974227581,,,
Takravda Raj Kumar Patidar,Takravda Raj,Patidar,Kumar,+919111355473,,,+919111355473,,,
Ghatoda Ambaram,Ghatoda,Ambaram,,7773870350,,,7773870350,,,
Dasai Rajesh Megaji,Dasai,Megaji,Rajesh,9617163760,,,9617163760,,,
Lohare Sohan,Lohare,Sohan,,9926641143,,,9926641143,,,
Sohan baggaji dasai,Sohan,dasai,baggaji,9589267094,,,9589267094,,,
Dasai aajad patidar,Dasai,patidar,aajad,9981620790,,,9981620790,,,
takravda bheru sing chandel,takravda bheru,chandel,sing,9993355738,,,9993355738,,,
Dasai Sunil Patidar Kisan Medeya,Dasai Sunil Patidar,Medeya,Kisan,+918827472303,,,+918827472303,,,
Indore Igness Swich,Indore,Swich,Igness,9826044177,,,9826044177,,,
Dasai Kamal Kevalji,Dasai,Kevalji,Kamal,7974551892,,,7974551892,,,
Rajkot,Rajkot,,,9737600778,,,9737600778,,,
rrrrrrrrrr,rrrrrrrrrr,,,+917724991610,,,+917724991610,,,
Ujjen Babu,Ujjen Babu,,,+919981777466,,,+919981777466,,,
Chirakhan Sanjay Jaiswal,Chirakhan,Jaiswal,Sanjay,+919244602672,,,+919244602672,,,
Chirakhan Nepal Singh,Chirakhan,Singh,Nepal,9977506475,,,9977506475,,,
Dewas Shivv Shakti Loha,Dewas Shivv,Loha,Shakti,+919997322979,,,+919997322979,,,
Nimach Shree Ji Coolar,Nimach Shree,Coolar,Ji,8959785468,,,8959785468,,,
Shreenathji Peyush,Shreenathji,Peyush,,+919425061637,,,+919425061637,,,
Akodiya Hiralal,Akodiya,Hiralal,,9669809859,,,9669809859,,,
General Frb Coolar,Frb,Coolar,,9808558255,,,9808558255,,,
Lachaman,Lachaman,,,8349833230,,,8349833230,,,
Bidwal Nilesh Patidar,Bidwal,Patidar,Nilesh,9926015897,,,9926015897,,,
Kapasthal Rahul Chodhri,Kapasthal,Chodhri,Rahul,8225839139,,,8225839139,,,
Khiledi Lakhan Sing Kachava,Khiledi Lakhan,Kachava,Sing,+919630508127,9630508127,,+919630508127 | 9630508127,,,
Bidwal Sahu Tent House,Bidwal Sahu,House,Tent,9893880314,,,9893880314,,,
Dasai शैलेंद्र जैन!,Dasai,जैन!,शैलेंद्र,9993124323,,,9993124323,,,
Dasai Yashwant Linemen,Dasai,Linemen,Yashwant,+919179302187,,,+919179302187,,,
Rajgad Sager Trsort,Rajgad,Trsort,Sager,9826607666,,,9826607666,,,
padmpura,padmpura,,,9753102323,,,9753102323,,,
Kapsatal Anil Jayswal Jaiswal,Kapsatal Anil Jayswal,Jaiswal,,+919993255829,,,+919993255829,,,
khutpala devilal kumavat,khutpala,kumavat,devilal,9685388761,,,9685388761,,,
Dasai Manohar Drayvar,Dasai,Drayvar,Manohar,6261653077,,,6261653077,,,
Dongargaw Jija,Dongargaw,Jija,,9131692419,,,9131692419,,,
Galunda Mohan,Galunda,Mohan,,6263896399,,,6263896399,,,
Bidwal Ravi Patidar,Bidwal,Patidar,Ravi,+919589484843,,,+919589484843,,,
Dasai Ravi Jija Pana Vale,Dasai Ravi Jija,Vale,Pana,+919644714612,,,+919644714612,,,
Dasai Dinesh Ghati,Dasai,Ghati,Dinesh,+919981620796,,,+919981620796,,,Madhya Pradesh  India
Dasai Papu Pejar,Dasai,Pejar,Papu,9893096121,,,9893096121,,,
Dasai Rahul Sharma,Dasai,Sharma,Rahul,9685262501,,,9685262501,,,
nalcha Tavar Gangaram,nalcha,Gangaram,Tavar,+918349507234,,,+918349507234,,,Madhya Pradesh  India
Semalkhedi Vikram Ninama,Semalkhedi,Ninama,Vikram,8770574667,,,8770574667,,,
lohari shaym katare,lohari,katare,shaym,9179939219,,,9179939219,,,
Dasai Dilip pan,Dasai,pan,Dilip,8085692326,,,8085692326,,,
Badnawer Vishal Brother,Badnawer,Brother,Vishal,+917000479725,,,+917000479725,,,
Khiledi Lokendra Dodiya,Khiledi,Dodiya,Lokendra,9179713120,,,9179713120,,,
Cherakhan Dharmendar PATIDAR Tent House,Cherakhan Dharmendar PATIDAR,House,Tent,+919754242004,,,+919754242004,pdharmendra1111@gmail.com,,
Patiyala Mobil Box,Patiyala,Box,Mobil,9814431440,,,9814431440,,,
Ledgav Vijay Prajapat,Ledgav,Prajapat,Vijay,9755905944,,,9755905944,,,
Dasai Lachu Je Patidar Ekranga,Dasai Lachu Je,Ekranga,Patidar,+916263068608,9993124297,,+916263068608 | 9993124297,,,Madhya Pradesh  India
Ratalam Luvfast Ratnesh Ji,Ratalam Luvfast,Ji,Ratnesh,9977700098,,,9977700098,,,
Belvada Bhupender Vaishnav,Belvada,Vaishnav,Bhupender,+919079614602,,,+919079614602,bhupendervaishnav4321@gmail.com,,Rajasthan  India
dasai gaju dugaji,dasai,dugaji,gaju,9893994837,,,9893994837,,,
Sagwal Sanjay Tent House Light,Sagwal Sanjay Tent,Light,House,8269308538,,,8269308538,,,
Gatoda Vikram Sing 735,Gatoda Vikram,735,Sing,6261341466,,,6261341466,,,
Niyanpura bhart,Niyanpura,bhart,,6269635073,,,6269635073,,,
Dasai Anil Patidar Renwala,Dasai Anil,Renwala,Patidar,9685635513,,,9685635513,,,
Dasai Rajesh Sali Patidar,Dasai Rajesh,Patidar,Sali,+919993305208,,,+919993305208,,,Madhya Pradesh  India
Ranapur Babaji Ele,Ranapur,Ele,Babaji,8962352572,,,8962352572,,,
Raj Tent Cooler,Raj,Cooler,Tent,+918058160417,,,+918058160417,,,
Bidwal nankalal,Bidwal,nankalal,,9630661400,,,9630661400,,,
Dasai Nilesh Patidar,Dasai,Patidar,Nilesh,+917047216912,,,+917047216912,,,West Bengal  India
Bidwal Rahul Patider Doleya,Bidwal Rahul,Doleya,Patider,+919685773742,9685773742,,+919685773742 | 9685773742,,,
dhamnda omprakas patidar,dhamnda,patidar,omprakas,7898893228,9752294350,,7898893228 | 9752294350,,,
kadod foto grafar,kadod,grafar,foto,+918518915708,,,+918518915708,,,
Indore Baba Ingreying,Indore,Ingreying,Baba,8982735821,,,8982735821,,,
Dantoli Bhawarlal Katara,Dantoli,Katara,Bhawarlal,7745937191,,,7745937191,,,
Khachroda Balaram Patidar Tent House,Khachroda Balaram Patidar,House,Tent,9165578625,,,9165578625,,,
Dasai Kamal Lembaje,Dasai,Lembaje,Kamal,9755373103,,,9755373103,,,
Dasai sankar sing chohan,Dasai sankar,chohan,sing,7697984227,,,7697984227,,,
Dasai vishnu kotval,Dasai,kotval,vishnu,7869663789,,,7869663789,,,
New Jagad,New,Jagad,,+918079068796,,,+918079068796,,,
Baloda Aashutosh Patidar,Baloda,Patidar,Aashutosh,6267292721,,,6267292721,,,
Khiledi Raju Patidar Hmt New Holland,Khiledi Raju Patidar Hmt,Holland,New,9893937141,,,9893937141,,,
ranipura ajit patidar,ranipura,patidar,ajit,9755776576,,,9755776576,,,
Balod Ukarlalji Patidar Post Office,Balod Ukarlalji Patidar,Office,Post,9993055625,,,9993055625,,,
Aasjishji Sharma,Aasjishji,Sharma,,+918839150600,,,+918839150600,,Ashish Sharma,
Dasai Manohar Patel,Dasai,Patel,Manohar,+919179929859,9179929859,,+919179929859 | 9179929859,,,
Surajpur Rameshchandr Patidar Sir,Surajpur Rameshchandr,Sir,Patidar,+919993339675,9993339675,,+919993339675 | 9993339675,,,Madhya Pradesh  India
Ghatoda Arjan Yoge M. K,Ghatoda Arjan Yoge,K,M.,9522320560,,,9522320560,,,
Ghatoda  Arjan Y,Ghatoda  Arjan Y,,,6260712372,,,6260712372,,,
Balod Vikas Patidar,Balod,Patidar,Vikas,9893409856,9691427577,,9893409856 | 9691427577,,,
Kadod Sayed Patel,Kadod,Patel,Sayed,+918319221306,,,+918319221306,,,
Akoda Ritesh Patidar Logrji Patidar,Akoda Ritesh Patidar Logrji ,Patidar,,+919993152379,,,+919993152379,,,
Indore Bus Jen Ji,Indore Bus,Ji,Jen,9893777724,,,9893777724,,,
Kapasthal Mohan Damar,Kapasthal,Damar,Mohan,9981584695,,,9981584695,,,
Moon Air Cooler,Moon,Cooler,Air,+919958756940,,,+919958756940,,,
Dasai Mohit Parsai,Dasai,Parsai,Mohit,+917047272143,,,+917047272143,,,
Jagdish patidar dasai,Jagdish,dasai,patidar,+919893795015,,,+919893795015,,,
Kadod Raju Raghuvanshi,Kadod,Raghuvanshi,Raju,+919993504188,,,+919993504188,,,
dasai gogul chodhare,dasai,chodhare,gogul,9893535303,,,9893535303,,,
Lohari Rajwardhan,Lohari,Rajwardhan,,7725055464,,,7725055464,,,
Kadod Mahesh Ji Upadyay Sosaytivale,Kadod Mahesh Ji,Sosaytivale,Upadyay,+919981115601,,,+919981115601,,,
Okaya Sarviess Boy,Okaya,Boy,Sarviess,+919425368608,,,+919425368608,,,Madhya Pradesh  India
Dasai Dr. k. k. gehlod,Dasai Dr. k.,gehlod,k.,9993538830,,,9993538830,,,
Dasai Aashish Dhanaji,Dasai,Dhanaji,Aashish,+919981719948,,,+919981719948,,,
Tent Cooler And Honey Compad,Tent Cooler And Honey,Compad,,+917000188824,,,+917000188824,,Roopam Patel,
Dasaai Ashok Chidhari Sir,Dasaai Ashok,Sir,Chidhari,+919993538815,,,+919993538815,,,
Baloda Dhaendra Revateya,Baloda,Revateya,Dhaendra,+918435755134,,,+918435755134,,,
Dasai Rohit Patidar Lomabji,Dasai Rohit,Lomabji,Patidar,+918349173595,,,+918349173595,,,Madhya Pradesh  India
Ledgav Rohit Patidar Jonder,Ledgav Rohit,Jonder,Patidar,+919179368567,,,+919179368567,,,
Kapastal Arjun Chodhri,Kapastal,Chodhri,Arjun,8839756396,,,8839756396,,,
Rachna Gopal Sir New,Rachna Gopal,New,Sir,9925029801,,,9925029801,,,
dasai pavan bhopa,dasai,bhopa,pavan,7047546117,,,7047546117,,,
Ujjen E Bick Rekcha,Ujjen E,Rekcha,Bick,+918770667511,,,+918770667511,,,
Dasai Kana Bhut,Dasai,Bhut,Kana,9174713988,,,9174713988,,,
Bidwal Santosh Patidat,Bidwal,Patidat,Santosh,8085291105,,,8085291105,,,
Jagdish bhimaji dasai,Jagdish,dasai,bhimaji,9755723929,,,9755723929,,,
Nandu Da Pana,Nandu,Da Pana,,+919755891597,,,+919755891597,,,
Indore Purnima એળે,Indore,એળે,Purnima,+919826081928,,,+919826081928,,,
Dasai Sanjay Dhanaaji,Dasai,Dhanaaji,Sanjay,8269963095,,,8269963095,,,
Dasai Bhart Palva,Dasai,Palva,Bhart,+919074443875,,,+919074443875,,,
Arihant Electronics And Distributors,Arihant Electronics,Distributors,And,+919826310201,,,+919826310201,arrpitjain@live.com,,
Akoda Devendra Singh,Akoda,Singh,Devendra,7441105969,,,7441105969,,,
Microtek Isver Prajapat,Microtek,Prajapat,Isver,9752121582,,,9752121582,,,
Chirola Hariom Brother,Chirola,Brother,Hariom,+919977205966,,,+919977205966,,,
rajesh kulara baloda,rajesh,baloda,kulara,6267968505,777284842,,6267968505 | 777284842,,,
Salcon New Delhi,Salcon,Delhi,New,9810115216,,,9810115216,,,
Dasai Rugnath Maru,Dasai,Maru,Rugnath,+919981594790,,,+919981594790,,,Madhya Pradesh  India
magod vipin patidar,magod,patidar,vipin,9993055643,,,9993055643,,,
Sultanpur Gajen,Sultanpur,Gajen,,+918878017217,,,+918878017217,,,
Dasai Rakesh Polwala,Dasai,Polwala,Rakesh,9993345409,,,9993345409,,,
Panchmukhi Dola राम!,Panchmukhi,राम!,Dola,9726679438,,,9726679438,,,
Shop Video,Shop,Video,,+919830613420,,,+919830613420,,,Kolkata   India
Indore Led Light,Indore,Light,Led,+917000804188,,,+917000804188,,,
Dhar Raj Songara Parsanl,Dhar Raj,Parsanl,Songara,+919893098505,,,+919893098505,,,
Pareshan,Pareshan,,,+919607334010,,,+919607334010,,,
chanchal sen bhensola,chanchal,bhensola,sen,6261722073,,,6261722073,,,
Baloda Rahul Kulhara,Baloda Rahul,Kulhara,,+918839277879,,,+918839277879,,,
Dasai Arjun Kodalzman,Dasai,Kodalzman,Arjun,+917470572400,,,+917470572400,,,
Aman Gaming Road Contreckatar,Aman Gaming,Contreckatar,Road,+919993540174,,,+919993540174,,,Madhya Pradesh  India
Amjhera Shri Krishna Jawelars,Amjhera Shri,Jawelars,Krishna,9424546901,,,9424546901,,,
Dasai Hokmechn K,Dasai,K,Hokmechn,9630761378,,,9630761378,,,
Dasai Bhupendar Parmar Bick Mk,Dasai Bhupendar Parmar,Mk,Bick,9074582823,,,9074582823,,,
Dasai Dharmendra Heragoba,Dasai,Heragoba,Dharmendra,9752035445,,,9752035445,,,
Kod Aalok Patider,Kod,Patider,Aalok,9755065650,,,9755065650,,,
Gopalpura Umesh Patidar,Gopalpura,Patidar,Umesh,9691758927,9977295605,,9691758927 | 9977295605,,,
Dasai Manish Chodhre News,Dasai Manish,News,Chodhre,+919630078105,9630078105,,+919630078105 | 9630078105,,,Madhya Pradesh  India
Dasai Vijay Balod 855,Dasai Vijay,855,Balod,+919993135226,,,+919993135226,patidarvijay133@gmail.com,,Madhya Pradesh  India
Kutpala Kamal Maru Tent House,Kutpala Kamal Maru,House,Tent,9893377222,,,9893377222,,,
Magod Arujun Mobile Gelre,,Magod Arujun Mobile Gelre,,+917000520142,,,+917000520142,,,
Indore Shreemunisuvratnath Auto Patas,Indore Shreemunisuvratnath,Patas,Auto,7354834309,7582923777,,7354834309 | 7582923777,,,
Dhar Aand Davar,Dhar,Davar,Aand,9340519502,,,9340519502,,,
Indore Self Armechar Motar Revainding,Indore Self Armechar,Revainding,Motar,7869075150,,,7869075150,,,
Badwani Retesh Aap Mekar,Badwani Retesh,Mekar,Aap,7697754687,,,7697754687,,,
bidwal pavan patidar hadwer,bidwal pavan,hadwer,patidar,+919755750420,,,+919755750420,,,
Kod Naresh Joshe Tent House,Kod Naresh Joshe,House,Tent,+919826682854,+917000897633,,+919826682854 | +917000897633,,,Madhya Pradesh  India
Gatoda arvind ji joshi,Gatoda arvind,joshi,ji,7879636143,,,7879636143,,,
Akit Tewari,Akit,Tewari,,7869287479,,,7869287479,,,
Sound Panjab,Sound,Panjab,,9463210438,,,9463210438,,,
Kutpala Devilal Tent House,Kutpala Devilal Tent House,,,+919589764303,,,+919589764303,,,
Dasai Retesh Kumarpat,Dasai,Kumarpat,Retesh,9752084059,,,9752084059,,,
Dasai Abhishek Mandlecha,Dasai Abhishek ,Mandlecha,,+919754084111,,,+919754084111,,,
Dasai Sanjuy Ren,Dasai,Ren,Sanjuy,9340152863,,,9340152863,,,
Dasai Kumarpath Mandir Raju Goswami,Dasai Kumarpath Mandir,Goswami,Raju,8719863808,,,8719863808,,,
Udaypur Shree Sidam Cooler,Udaypur Shree,Cooler,Sidam,9461504460,,,9461504460,,,
Dasai Tenku Patidar,Dasai,Patidar,Tenku,+919589611595,,,+919589611595,,,
Indore Abil,Indore,Abil,,7999619436,,,7999619436,,,
Pana Rupendra Singh,Pana,Singh,Rupendra,6266973533,,,6266973533,,,
Balod jeevan bordiya,Balod,bordiya,jeevan,9893859650,,,9893859650,,,
Dasai Vedeka Auto Patas Bick Mk,Dasai Vedeka Auto Patas,Mk,Bick,+919752043028,,,+919752043028,,,
Tandakheda Sanjay,Tandakheda,Sanjay,,9179101058,,,9179101058,,,
Dadai Prakash Tapra,Dadai,Tapra,Prakash,9993055345,,,9993055345,,,
Balod Sunil,Balod,Sunil,,9098963125,,,9098963125,,,
Mahesh Varma,Mahesh,Varma,,9981134685,,,9981134685,,,
Indore Batterys,Indore Batterys,,,+919425031000,,,+919425031000,,,
Ralamandal Lakhan Patel,Ralamandal,Patel,Lakhan,8085129298,,,8085129298,,,
Durgesh khiledi,Durgesh,khiledi,,9893759932,,,9893759932,,,
Kadmal Mose,Kadmal,Mose,,+917773004639,,,+917773004639,,,
Dasai Sanjay Helpar New,Dasai Sanjay,New,Helpar,+919589266550,,,+919589266550,,,
Kadod Dharmendra Sen,Kadod,Sen,Dharmendra,9981459755,,,9981459755,,,
Dasai Antar Kele Valw,Dasai Antar,Valw,Kele,9893753260,,,9893753260,,,
Indore Bick Battery,Indore,Battery,Bick,+919229205012,,,+919229205012,,,
Dasai Rahul Tapra,Dasai,Tapra,Rahul,8103157222,,,8103157222,,,
Dasai Puskar,Dasai,Puskar,,8085759894,,,8085759894,,,
Indore Sagar,Indore,Sagar,,+919977006063,,,+919977006063,,,
Dhamanda Mohan Singh,Dhamanda,Singh,Mohan,8827460420,,,8827460420,,,
Manpura Nesh Gamad,Manpura,Gamad,Nesh,9685639139,,,9685639139,,,
Dasai Pakaj Sharma,Dasai,Sharma,Pakaj,9179065533,,,9179065533,,,
Dasai Vijay Patel,Dasai,Patel,Vijay,9691017634,,,9691017634,,,
DantloiGangaram Aklecha,DantloiGangaram,Aklecha,,+919826587025,,,+919826587025,,,
Baloda Amar Mandal Dr,Baloda Amar,Mandal Dr,,+917697851342,,,+917697851342,,,
Khiladi Kana Post Office,Khiladi Kana,Office,Post,9754051991,,,9754051991,,,
Dasai sohan parmar,Dasai,parmar,sohan,9893787769,,,9893787769,,,
Dantoli Vikram Ratod Sonalika,Dantoli Vikram,Sonalika,Ratod,+919111049707,,,+919111049707,,,
Dhamnda Depak Patidar,Dhamnda,Patidar,Depak,9977405141,,,9977405141,,,
Chirakhan dhmend babar,Chirakhan,babar,dhmend,6261520710,,,6261520710,,,
Khiledi लक्ष्मी नारायण जी!,Khiledi लक्ष्मी,जी!,नारायण,9589648419,,,9589648419,,,
Okaya Power मध्य प्रदेश,Okaya,Power मध्य प्रदेश,,+917518016507,,,+917518016507,,,
Baloda Dinesh Girwal,Baloda,Girwal,Dinesh,8462942505,7016291755,,8462942505 | 7016291755,,,
Ranipura Vikram Patidar,Ranipura,Patidar,Vikram,7067133713,,,7067133713,,,
Jivan Meghaji,Jivan,Meghaji,,7999776920,,,7999776920,,,
Badodiya Jiwan Patidar Ghatiwala,Badodiya Jiwan,Ghatiwala,Patidar,9893847750,,,9893847750,,,
Dasai Gopal Patidar Dasa,Dasai Gopal,Dasa,Patidar,9926497585,,,9926497585,,,
Khiledi Nilesh Jugad Vala,Khiledi Nilesh,Vala,Jugad,+918349931619,,,+918349931619,,,
Rajgad Fakri Depal Singh Dattighaw,Rajgad Fakri Depal,Dattighaw,Singh,+917049959259,,,+917049959259,,,Madhya Pradesh  India
Bidwal Rajaram Sonaleeka,Bidwal,Sonaleeka,Rajaram,+919926653503,,,+919926653503,,,
Dasai Punam Sudeep Minare,Dasai Punam,Sudeep Minare,,+919893819954,,,+919893819954,,,
Rekha Di,Rekha,Di,,8107440267,,,8107440267,,,
Pune वायरिंग हार्नेस कैनेटर,Pune वायरिंग,कैनेटर,हार्नेस,+919011012156,,,+919011012156,,,
Kadod Kala Ajay Katare,Kadod Kala,Katare,Ajay,8959721879,,,8959721879,,,
Khiledi Dilip Singh,Khiledi,Singh,Dilip,9630783943,,,9630783943,,,
Kadod Sumit Giri,Kadod Sumit,Giri,,+919755784770,,,+919755784770,,,
Kadod Suresh Jaiswal Pump,Kadod Suresh,Jaiswal Pump,,+919926967944,,,+919926967944,,,
padampura kundan parmar,padampura,parmar,kundan,8770784209,,,8770784209,,,
Bidwal Maru Ele. dasai Vala,Bidwal Maru Ele.,Vala,dasai,+919302046050,,,+919302046050,,,
Takrva Tarod Delip,Takrva,Delip,Tarod,+919893859079,,,+919893859079,,,
Indore Manish Ji Pandeyji,Indore Manish,Pandeyji,Ji,+918770135168,,,+918770135168,,,Madhya Pradesh  India
Dasai manish rathor,Dasai,rathor,manish,7869863777,,,7869863777,,,
baloda govind revateya,baloda,revateya,govind,9993088156,,,9993088156,,,
takravda ratan,takravda,ratan,,7747037686,,,7747037686,,,
Badnagar Battery Alia Khan,Badnagar Battery,Khan,Alia,+919301673540,,,+919301673540,,,
Dasai Arjun Chodri,Dasai,Chodri,Arjun,+918085123217,,,+918085123217,,,
Dasai Jatin Kumawat J M.k.,Dasai Jatin,Kumawat J M.k.,,+919770537248,,,+919770537248,,,
Dasai Smill Sister,Dasai,Sister,Smill,+917354573683,,,+917354573683,,,
ddddddddddd,ddddddddddd,,,7697344558,,,7697344558,,,
Bosch Battery Metun Je,Bosch Battery,Je,Metun,9669324214,,,9669324214,,,
Dantoli Lokesh Muleva,Dantoli,Muleva,Lokesh,6264186217,,,6264186217,,,
Susare Sageta Mose,Susare,Mose,Sageta,+917697981738,,,+917697981738,,,Madhya Pradesh  India
Bhopal Frb coolar,Bhopal,coolar,Frb,9113172421,,,9113172421,,,
kadod barat,kadod,barat,,9754710712,,,9754710712,,,
Dasai Aarif,Dasai,Aarif,,9981855732,,,9981855732,,,
Dasai Ganesh Mistreee,Dasai,Mistreee,Ganesh,+919770921529,,,+919770921529,,,
Shree Ram Auto Patas Nagda,Shree Ram Auto,Nagda,Patas,9752784754,,,9752784754,,,
बालों जितेंद्र पाटीदार।,बालों,पाटीदार।,जितेंद्र,9993688250,,,9993688250,,,
Khiledi ravindr sing goyal,Khiledi ravindr,goyal,sing,9179364020,,,9179364020,,,
Nagur Mahesh Ji Patidar Mantri,Nagur Mahesh Ji,Mantri,Patidar,9630173221,,,9630173221,,,
Kutpala Pavan Kumavt,Kutpala,Kumavt,Pavan,9926032819,,,9926032819,,,
Dasai Delip Jaggaji,Dasai,Jaggaji,Delip,+919074359656,,,+919074359656,,,
Baloda Dinesh Patidar,Baloda,Patidar,Dinesh,9893375093,,,9893375093,,,
Kod Anil Patidar,Kod,Patidar,Anil,+919926855314,,,+919926855314,,,
Balod parkash,Balod,parkash,,9575124040,,,9575124040,,,
Pana Suresh Powartek,Pana,Powartek,Suresh,+917389393213,,,+917389393213,,,Madhya Pradesh  India
Abhi Redy,Abhi,Redy,,+917981086957,,,+917981086957,,,
Dhamanda jeevan sing,Dhamanda,sing,jeevan,+919754828902,,,+919754828902,,,
Ghatoda Premsingh,Ghatoda,Premsingh,,9340649817,,,9340649817,,,
Okaya Akhand Sir Ji,Okaya Akhand,Ji,Sir,+919826904008,,,+919826904008,,,
Dasai Santosh Maru,Dasai,Maru,Santosh,9993666184,,,9993666184,,,
New Dea,New,Dea,,+917696767777,,,+917696767777,,,
Led Light Deli,Led,Deli,Light,+917696767777,,,+917696767777,,,
Dhaka Tent Cooler,Dhaka,Cooler,Tent,9680741405,,,9680741405,,,
Kupala Goshala,Kupala,Goshala,,7354402026,,,7354402026,,,
Badwani shankar patidar,Badwani,patidar,shankar,+919993449482,,,+919993449482,,,
Kanardi N Patidar,Kanardi,Patidar,N,8223077530,,,8223077530,,,
"Ranka Tent Suppliers, Indore ( M.P.)","Ranka Tent Suppliers, Indore ( M.P.)",,,+918889990786,,,+918889990786,,"Ranka Tent Suppliers, Indore ( M.P.)",
Takravda Chandel Sir,Takravda,Sir,Chandel,+919981868982,,,+919981868982,,,
Indore Dhakad Trasoprt,Indore,Trasoprt,Dhakad,7354229735,,,7354229735,,,
Dasai Shuresh Patidar Mander,Dasai Shuresh,Mander,Patidar,9993447215,,,9993447215,,,
Bhopal Frb Tent Cooler,Bhopal Frb,Cooler,Tent,8349608317,,,8349608317,,,
bidwal jayash margla,bidwal,margla,jayash,8085807137,,,8085807137,,,
Dasai Shayam Patidar Ren,Dasai Shayam,Ren,Patidar,7389648801,,,7389648801,,,
Kadmal Aanchal,Kadmal,Aanchal,,+917049859721,,,+917049859721,,,
Kadod Ramchan Foto Garf,Kadod Ramchan,Garf,Foto,+919993106422,,,+919993106422,,,
Dhar Ratek Jen,Dhar,Jen,Ratek,9893210607,,,9893210607,,,
Dasai Ravi Kumar Jhala,Dasai Ravi Kumar Jhala,,,+919589542643,,,+919589542643,,,
Dasai jitenr patidar,Dasai,patidar,jitenr,9752355069,,,9752355069,,,
Bidval V. Patidar,Bidval,Patidar,V.,9685766122,,,9685766122,,,
Dasai Anil Tapara,Dasai,Tapara,Anil,9713340025,,,9713340025,,,
baloda subhm patidar,baloda,patidar,subhm,6266500067,,,6266500067,,,
Dasai Rajesh Parmar,Dasai,Parmar,Rajesh,+917898523793,,,+917898523793,,,
Pana Devendra Sih,Pana,Sih,Devendra,6266973553,,,6266973553,,,
Bidwal Srawan Patidar,Bidwal,Patidar,Srawan,9669749075,,,9669749075,,,
Ralamandal Sudip Sisodiya,Ralamandal,Sisodiya,Sudip,9893637174,,,9893637174,,,
Dasai Isvar Patel,Dasai,Patel,Isvar,+919755374772,,,+919755374772,,,
Dasai Bhadri Bhut,Dasai,Bhut,Bhadri,+919755417573,,,+919755417573,,,Madhya Pradesh  India
Kutpala Kiran Maru,Kutpala,Maru,Kiran,+918643004227,,,+918643004227,,,Madhya Pradesh  India
Sagwal Jivan Sir,Sagwal,Sir,Jivan,+919893265093,,,+919893265093,,,
Dud deri ralamandal,Dud,ralamandal,deri,9755932818,,,9755932818,,,
Ledgav Sonalika Tracter Jen,Ledgav Sonalika,Jen,Tracter,+917354820296,,,+917354820296,,,
Marg Sapteweyar,Marg,Sapteweyar,,+919926992816,,,+919926992816,,,
Chateya Arjun Patel,Chateya,Patel,Arjun,+919755734594,,,+919755734594,,,Madhya Pradesh  India
Lasudey Sunel Bheya,Lasudey,Bheya,Sunel,+918959522376,,,+918959522376,,,
dasai pankaj misrelal,dasai,misrelal,pankaj,8349875838,,,8349875838,,,
Exide Sarviss,Exide,Sarviss,,+918889644454,,,+918889644454,,,
Dasai Vijay Dhanaji,Dasai,Dhanaji,Vijay,+918959294595,,,+918959294595,,,
bharvada vijay revateya,bharvada,revateya,vijay,9977504569,,,9977504569,,,
Baloda Mahesh Patidar,Baloda,Patidar,Mahesh,9691008356,,,9691008356,,,
panch mukhi prakash patidar,panch mukhi,patidar,prakash,9893125316,,,9893125316,,,
Addd,Addd,,,8107708526,,,8107708526,,,
Utavda Rahul Patider,Utavda,Patider,Rahul,+919630925278,,,+919630925278,,,
Pana Fata Mahesh Rathore,Pana Fata,Rathore,Mahesh,+918349874076,,,+918349874076,,,
Hareyana Usb Boxl,Hareyana,Boxl,Usb,9815831378,,,9815831378,,,
Kadod Mahendra Patidar,Kadod,Patidar,Mahendra,8105373193,,,8105373193,,,
Dattigara Krishnadas,Dattigara,Krishnadas,,+917000309228,,,+917000309228,,,
Tracter Jali Or Margat,Tracter Jali,Margat,Or,+919917454758,,,+919917454758,,,
Khiledi Madusudn New Holend,Khiledi Madusudn,Holend,New,9993998154,,,9993998154,,,
Lasudey Brithar,Lasudey,Brithar,,+919109546576,,,+919109546576,,,Madhya Pradesh  India
Indore Bord Vale Bheya,Indore Bord,Bheya,Vale,+919926397893,,,+919926397893,,,
Vijay M Tek Mansor,Vijay M,Mansor,Tek,+917898075998,,,+917898075998,,,
patidarr62,patidarr62,,,+917000064293,,,+917000064293,,,
Nimbol Rajendra Mukti,Nimbol,Mukti,Rajendra,+919685346484,,,+919685346484,,,
Baloda Charan Patel Farmtek,Baloda Charan,Farmtek,Patel,9893354426,,,9893354426,,,
Dasai Amjed Pekhp,Dasai,Pekhp,Amjed,9893931404,,,9893931404,,,
Bidwal Prakas Servi,Bidwal,Servi,Prakas,+916263271110,,,+916263271110,,,
Bidwal Prakas Servi 2,Bidwal Prakas,2,Servi,+918817121336,,,+918817121336,,,
Dasai Reteshghat,Dasai Reteshghat,,,+916260210951,,,+916260210951,,,
DasaivGhansham ji sosaete,DasaivGhansham,sosaete,ji,+919981417132,,,+919981417132,,,
Indore Natwarlal,Indore,Natwarlal,,9425318154,,,9425318154,,,
dasai raju patidar khadi,dasai raju,khadi,patidar,+919926494063,,,+919926494063,,,
Nalawda Mohit Samji,Nalawda,Samji,Mohit,7987412258,,,7987412258,,,
Indore PIYUSH ARORA,Indore,ARORA,PIYUSH,+919926064262,,,+919926064262,,,
Kesarpura Sachin Patidar,Kesarpura,Patidar,Sachin,7389383625,,,7389383625,,,
Fuledi Gopal Patider Harvester,Fuledi Gopal,Harvester,Patider,9893681757,,,9893681757,,,
Dasai Kamal Prajapat,Dasai,Prajapat,Kamal,+919893254812,,,+919893254812,,,
Dasai Deepak Valasheva Big,Dasai Deepak,Big,Valasheva,8085631078,,,8085631078,,,
khiledi yadav prajapt,khiledi,prajapt,yadav,9893168565,,,9893168565,,,
Rajesthan mahavir,Rajesthan,mahavir,,7568775711,,,7568775711,,,
Dasai Gopal Patidar,Dasai,Patidar,Gopal,9993102416,,,9993102416,,,
Sunny Jain,Sunny,Jain,,+917000581662,,,+917000581662,,,
Ooo,Ooo,,,9074697923,,,9074697923,,,
Dasai Nilesh Bhopa Gagajleya,Dasai Nilesh,Gagajleya,Bhopa,+919179493812,,,+919179493812,,,
Bidwal Sudhir,Bidwal,Sudhir,,+919691735400,,,+919691735400,,,
Kod Ravi Patidar,Kod,Patidar,Ravi,9993822788,,,9993822788,,,
Choteyabalod Anil Esaysar,Choteyabalod,Esaysar,Anil,+919993339674,,,+919993339674,,,
Wayring Harness Harness YAgami,Wayring,Harness YAgami,Harness,+919650756829,,,+919650756829,,,
"Dasai Visali, V",Dasai,Visali,,9589244390,,,9589244390,,,
Khelide Shubham Khiledi,Khelide,Khiledi,Shubham,+917974078250,,,+917974078250,,,Madhya Pradesh  India
Ratsnpura Darbar Tent House,Ratsnpura Darbar,House,Tent,9755569247,,,9755569247,,,
Soneya Khedi Suresh Patel Jio,Soneya Khedi Suresh,Jio,Patel,+919770430534,,,+919770430534,,,
Fuledi Dhashrth Sing,Fuledi,Sing,Dhashrth,9993356255,,,9993356255,,,
Fuledi Bunti Banna Darbar,Fuledi Bunti,Darbar,Banna,+919589927102,,,+919589927102,,,
Dasai Ravi Bhut,Dasai,Bhut,Ravi,+919981561337,,,+919981561337,,,
Daaai Suresh Patidar (Bhut),Daaai Suresh,(Bhut),Patidar,+919893125364,,,+919893125364,,,
Khiledi Manish Patidar Tent House,Khiledi Manish Patidar,House,Tent,6260581840,,,6260581840,,,
Dasai Shubham Patel,Dasai,Patel,Shubham,9685066578,,,9685066578,,,
Kadod Bhart Jaywal  Tent House Jaisawal,Kadod Bhart Jaywal  Tent House,Jaisawal,,+919981085066,,,+919981085066,,,
dasai pavan parmar drayvar,dasai pavan,drayvar,parmar,+916261425484,,,+916261425484,,,
Dasai Lakhan Beragei,Dasai,Beragei,Lakhan,8085150625,8319886556,,8085150625 | 8319886556,,,
Sagwal Shawan Dubey Eesar Petr,Sagwal Shawan Dubey,Petr,Eesar,+919827525577,,,+919827525577,,,
baloda babu sing,baloda,sing,babu,8817252163,,,8817252163,,,
Ralamandal kelash chodri,Ralamandal,chodri,kelash,9752220993,,,9752220993,,,
Dasai Jivan Bhemane Ghar,Dasai Jivan,Ghar,Bhemane,+918827957226,,,+918827957226,,,
Dasai Jitendra Jagaaji,Dasai,Jagaaji,Jitendra,+919131007632,,,+919131007632,,,
denesh bavlapada,denesh,bavlapada,,7898359312,,,7898359312,,,
Inodre Solince Battery,Inodre,Battery,Solince,+918770763427,,,+918770763427,,,
Dasai Mahadev Patel,Dasai,Patel,Mahadev,+918349545417,,,+918349545417,,,
Rajpura Vasudev Darbar,Rajpura,Darbar,Vasudev,9630702808,,,9630702808,,,
Netram Grafix,Netram,Grafix,,+919340157765,,,+919340157765,,,
Kadod Anil Ji,Kadod,Ji,Anil,9752470417,,,9752470417,,,
Dasai Vinod Patidar Kodalachaman,Dasai Vinod,Kodalachaman,Patidar,+919981620894,,,+919981620894,,,Madhya Pradesh  India
Morgav Dheren Rajput Jcb 3dx,Morgav Dheren Rajput,3dx,Jcb,+917024020743,,,+917024020743,,,
NJ Sound Speyar,NJ,Speyar,Sound,9830359215,,,9830359215,,,
Dasai Keshav Shaymbhanej,Dasai,Shaymbhanej,Keshav,+917898629253,,,+917898629253,,,
Mulachan patidat cho balod,Mulachan patidat,balod,cho,9754825570,,,9754825570,,,
mukesh nagoreya,mukesh,nagoreya,,9926218261,,,9926218261,,,
Fuledi Sardarsingh Rathor,Fuledi,Rathor,Sardarsingh,6260802506,,,6260802506,,,
Dasai Goluraja Rathod 1,Dasai Goluraja,1,Rathod,+918827141888,,,+918827141888,,,Madhya Pradesh  India
Dhar Nandkoishor Chohan,Dhar,Chohan,Nandkoishor,9826570532,,,9826570532,,,
Indore Amze Battery,Indore,Battery,Amze,+917773877782,,,+917773877782,,,
chirakhan sairaj,chirakhan,sairaj,,7804949965,,,7804949965,,,
Tarod vikrm,Tarod,vikrm,,6264941849,,,6264941849,,,
Dasai Manish gagaleya,Dasai,gagaleya,Manish,+919630716528,+917999843557,,+919630716528 | +917999843557,,,
Livgurad Invetar Repeyar,Livgurad,Repeyar,Invetar,+917566155771,,,+917566155771,,,
Dhamnda Vahid Khan Car M. k,Dhamnda Vahid Khan Car,k,M.,9179555573,,,9179555573,,,
Yo Yo Sarkar,Yo Yo Sarkar,,,+918889450739,,,+918889450739,,Yo Yo Sarkar,
bidwal elit school,bidwal,school,elit,6261953192,,,6261953192,,,
दसाई विकास परमार।,दसाई,परमार।,विकास,7987182495,,,7987182495,,,
Dasai Nilesh Picap,Dasai,Picap,Nilesh,+919111749853,,,+919111749853,,,
Takrawda Niranjan Kamdar,Takrawda,Kamdar,Niranjan,7898546255,,,7898546255,,,
Kod Fotografar,Kod,Fotografar,,+919685266472,,,+919685266472,,,
Dasai Amit Mandir,Dasai,Mandir,Amit,+918085145551,,,+918085145551,,,
Teju,Teju,,,+919893610421,,,+919893610421,,,
Vinayk Tent Coolar Frb,Vinayk Tent,Frb,Coolar,7970162847,,,7970162847,,,
Indore Raj Cooler Home,Indore Raj,Home,Cooler,9826032640,,,9826032640,,,
Lohari Prem Singh,Lohari,Singh,Prem,9826225180,,,9826225180,,,
Baloda Rahul Revateya,Baloda,Revateya,Rahul,+917987018541,+919755065825,,+917987018541 | +919755065825,,,
Indore Auto Sarviss Vishnu Parihar,Indore Auto Sarviss Vishnu,Parihar,,+917049554454,,,+917049554454,,,
kadod lachman patidar,kadod,patidar,lachman,9981147246,,,9981147246,,,
Pethampur Tata Battery,Pethampur,Battery,Tata,8982730087,,,8982730087,,,
Dasai Pankaj Beragi Bajaj Fayness,Dasai Pankaj Beragi,Fayness,Bajaj,8602842474,,,8602842474,,,
Barmandal Naman Kumavat Light Sound Tent,,Barmandal Naman Kumavat Light Sound Tent,,+919144643495,,,+919144643495,,,
shivam gamad,shivam,gamad,,9399166726,,,9399166726,,,
Driver Nilesh N,Driver,N,Nilesh,+919977621155,,,+919977621155,,,
Ravi Graphicess,Ravi,Graphicess,,+919889467140,8273811272,,+919889467140 | 8273811272,,,
jalodeya rameshvar patidar,jalodeya,patidar,rameshvar,9752830745,,,9752830745,,,
Davelal,Davelal,,,+919414468438,,,+919414468438,,,
Dasai Narayan Patidat,Dasai,Patidat,Narayan,9685765647,,,9685765647,,,
Padampura Jagdish Ninama,Padampura,Ninama,Jagdish,7828649979,7691932137,,7828649979 | 7691932137,,,
Bani Khutpala Jagdish Jimaru,Bani Khutpala,Jimaru,Jagdish,9977481985,,,9977481985,,,
Dasai Rajesh Bhut,Dasai,Bhut,Rajesh,+917987304007,,,+917987304007,,,Madhya Pradesh  India
Easy Tractor Parts Faridabad,Easy Tractor,Faridabad,Parts,+918377880037,,,+918377880037,,,
Dasai Jiwan Patidar,Dasai,Patidar,Jiwan,9993055623,,,9993055623,,,
Jada 2,Jada,2,,+917803073634,,,+917803073634,,,
Ralamandal Ghanshyam Ghanshyam Umarwal,Ralamandal,Ghanshyam Umarwal,Ghanshyam,+918827956746,,,+918827956746,,,
Padmpura Manish Je Raguvnshi,Padmpura Manish,Raguvnshi,Je,+917000460090,,,+917000460090,,,Madhya Pradesh  India
Dasai Manish Raghuvanshi,Dasai,Raghuvanshi,Manish,+919826734650,,,+919826734650,,,
Jivan Redio Dharad Kuldeep,Jivan Redio,Kuldeep,Dharad,+919754360941,,,+919754360941,,,
Radeshyam cho balod,Radeshyam,balod,cho,9630112675,,,9630112675,,,
Tandakheda Nilesh Katara,Tandakheda,Katara,Nilesh,6263598026,,,6263598026,,,
Harness,Harness,,,9911069000,,,9911069000,,,
Ujjen Tessla Battery,Ujjen,Battery,Tessla,+918989697362,,,+918989697362,,,
Gajnod Balaji Tent House,Gajnod Balaji,House,Tent,9630584500,,,9630584500,,,
Maksche Kanarde Esvar Patidar,Maksche Kanarde,Patidar,Esvar,9826532775,,,9826532775,,,
Dasai Sunil Prajapat Repying Home Applay,Dasai Sunil Prajapat Repying,Applay,Home,8120668912,,,8120668912,,,
Ranipura Sawan Tarodiya,Ranipura,Tarodiya,Sawan,9754061133,,,9754061133,,,
Vevek Bhatra,Vevek,Bhatra,,918433184350,,,918433184350,,,
Morgav Hari Om Patidar,Morgav Hari,Patidar,Om,7869492658,,,7869492658,,,
Dasai amart lal patidar,Dasai amart,patidar,lal,9589386839,,,9589386839,,,
Seloda Devrndra Sing Tent Light,Seloda Devrndra Sing,Light,Tent,7089215703,,,7089215703,,,
Ratlam Lokesh Mega Auto Patas,Ratlam Lokesh Mega,Patas,Auto,+917724981875,,,+917724981875,,,
Ledgav Kuldeep Chohan,Ledgav,Chohan,Kuldeep,+916266084940,,,+916266084940,,,Madhya Pradesh  India
Tansa Vijay Thakur,Tansa,Thakur,Vijay,9644136096,,,9644136096,,,
Dinesh. Fkg,Dinesh. Fkg,,,+919950609075,,,+919950609075,,,
Dasai Deepak Kabadi,Dasai,Kabadi,Deepak,9074400310,+919074400310,,9074400310 | +919074400310,,,
Kukshi Maa Sumiya,Kukshi,Sumiya,Maa,9589226158,,,9589226158,,,
nisrpur mosaji,nisrpur,mosaji,,9131162818,,,9131162818,,,
Baloda Sabdep Revateya!,Baloda,Revateya!,Sabdep,7898356152,,,7898356152,,,
Indore Krisna Battery,Indore,Battery,Krisna,+919926012005,9893030550,,+919926012005 | 9893030550,,,
Ujjen Raj Ac,Ujjen,Ac,Raj,+919993061551,,,+919993061551,,,
Indore Murtaza Jaker Ele,Indore Murtaza,Ele,Jaker,9752586152,,,9752586152,,,
Dasai Khamchan Bhalod,Dasai,Bhalod,Khamchan,9993124293,,,9993124293,,,
khemchan bhalod dasai,khemchan,dasai,bhalod,7987010789,,,7987010789,,,
Balod kelash,Balod,kelash,,9755301354,,,9755301354,,,
Delhi Aashi Harness,Delhi,Harness,Aashi,09953002122,,,09953002122,,,
Rahul kumavat khutpala,Rahul,khutpala,kumavat,9575012755,,,9575012755,,,
Dasai Shayam Prajapat,Dasai,Prajapat,Shayam,+916264909797,,,+916264909797,,,
Kanvan Selu Jayswal Tent House,Kanvan Selu Jayswal,House,Tent,9074724312,,,9074724312,,,
dasai ritesh modi,dasai,modi,ritesh,9993356268,,,9993356268,,,
Bidwal Vinod Patidar,Bidwal,Patidar,Vinod,9685289092,,,9685289092,,,
lohari gaju darbar,lohari,darbar,gaju,9893627326,,,9893627326,,,
Indore Paras Datvani,Indore,Datvani,Paras,09893948237,,,09893948237,,,
Dhar Sonu Battery,Dhar,Battery,Sonu,+918889188136,,,+918889188136,,,
Dasai Mukesh Patidar Ren,Dasai Mukesh,Ren,Patidar,+919977783210,,,+919977783210,,,
Rahul Sir,Rahul,Sir,,+917770950912,,,+917770950912,,,
Indore Novamax Cooler,Indore,Cooler,Novamax,9329211375,,,9329211375,,,
Rahul Akodiya,Rahul Akodiya,,,+918982461268,,,+918982461268,,,
Dasai uday parmar,Dasai,parmar,uday,+919993124309,,,+919993124309,,,
Bhrawda Lakhan Singh,Bhrawda,Singh,Lakhan,9993124068,,,9993124068,,,
indore sunil panchal,indore,panchal,sunil,9826685560,,,9826685560,,,
Barmandal Jitendra Maru,Barmandal,Maru,Jitendra,8269632536,,,8269632536,,,
Dasai Krisna Prajapat,Dasai,Prajapat,Krisna,+918085818596,,,+918085818596,,,
Exide Bick Battery Shekhar Sen,Exide Bick Battery,Sen,Shekhar,+919589670911,,,+919589670911,,,
khilde kalu singji,khilde,singji,kalu,9893759942,,,9893759942,,,
Ratan jayntimata,Ratan,jayntimata,,7440897752,,,7440897752,,,
Caplar,Caplar,,,8447255220,,,8447255220,,,
Rahul Patil Okaya Sarves Teme,Rahul Patil Okaya,Teme,Sarves,7999082210,,,7999082210,,,
Dhar Tent Coolar,Dhar,Coolar,Tent,+917354980111,,,+917354980111,,,
Dasai Ravi Valasheva Big,Dasai Ravi,Big,Valasheva,+919179300546,,,+919179300546,,,
Dhar Sakir Raja,Dhar,Raja,Sakir,9009816088,,,9009816088,,,
Gatoda Raghu 735,Gatoda,735,Raghu,+918435622253,,,+918435622253,,,
Bambori Jeju,Bambori,Jeju,,9617007362,,,9617007362,,,
Battery Skrep Asif Ayyub,Battery Skrep Asif,Ayyub,,+919009415121,,,+919009415121,,,
Rajgad Murtja Raj Auto Parts,Rajgad Murtja Raj Auto Parts ,,,+918871165352,,,+918871165352,,,
Pradeep Trasport,Pradeep,Trasport,,9675841414,,,9675841414,,,
Dasai Nilesh Bhopa,Dasai,Bhopa,Nilesh,+916263288052,,,+916263288052,,,
dasai harshit jen,dasai,jen,harshit,9584039417,,,9584039417,,,
Dasai Pentu Seta,Dasai,Seta,Pentu,9993570482,,,9993570482,,,
lohari kuldeep raguvanshi,lohari,raguvanshi,kuldeep,9893361195,,,9893361195,,,
Shergad Cemleya School,Shergad,School,Cemleya,+917089242114,,,+917089242114,,,
dasai yogendar shig sar,dasai yogendar,sar,shig,9754776899,+919754776899,,9754776899 | +919754776899,,,
Dantoli Arjun Singh,Dantoli,Singh,Arjun,9826234507,,,9826234507,,,
Baloda Mestre,Baloda,Mestre,,8889184931,,,8889184931,,,
Delhi Cooler Tushar Chhabra,Delhi Cooler Tushar,Chhabra,,+918447376264,,,+918447376264,,,
Fuledi Sri Ram Mandir,Fuledi Sri,Mandir,Ram,9131950750,,,9131950750,,,
Kutpala Jamak Shree Kar,Kutpala Jamak,Kar,Shree,9159994729,,,9159994729,,,
Panda Radheshyam Yadav,Panda,Yadav,Radheshyam,8889721783,,,8889721783,,,
Indore Torent,Indore,Torent,,+919425064256,,,+919425064256,,,
Magod Hindustan Enjenereing,Magod,Enjenereing,Hindustan,+919893631860,,,+919893631860,,,Madhya Pradesh  India
Bharavda Sandeep Hada Petrol Pump,Bharavda Sandeep Hada,Pump,Petrol,09753366313,,,09753366313,,,
Chiralhan Shaym Tufan,Chiralhan,Tufan,Shaym,+917697208350,,,+917697208350,,,Madhya Pradesh  India
Niten Sensar,Niten,Sensar,,+919725940605,,,+919725940605,,,
Baloda Sanjay Revateya Eskat,Baloda Sanjay,Eskat,Revateya,6266338697,,,6266338697,,,
Fuledi Rakesh Patidar,Fuledi,Patidar,Rakesh,9752436004,,,9752436004,,,
Khutpala Sriram Srikar,Khutpala,Srikar,Sriram,9685365455,,,9685365455,,,
Bandedi Shubham Tent House,Bandedi Shubham,House,Tent,8839501547,,,8839501547,,,
Akoda Banesing Swaraj 855,Akoda Banesing,855,Swaraj,9993250799,,,9993250799,,,
Baloda Ashok Patidar,Baloda,Patidar,Ashok,7067891097,,,7067891097,,,
dolana lalit,dolana,lalit,,9993553005,,,9993553005,,,
Ingeshe Swich,Ingeshe,Swich,,+919967962697,,,+919967962697,,,
tandakheda jalm sing,tandakheda,sing,jalm,9630978165,,,9630978165,,,
Kadod Jitu Light Dekoreshan,Kadod Jitu,Dekoreshan,Light,9752470763,,,9752470763,,,
Aahu Krishna Kant Mukati,Aahu Krishna,Mukati,Kant,+919755866658,,,+919755866658,,,Madhya Pradesh  India
Jawad Frb Cooler,Jawad,Cooler,Frb,+919425975743,,,+919425975743,,,
khiledi vinod khokar,khiledi,khokar,vinod,9752294559,,,9752294559,,,
Wall Peint,Wall,Peint,,7828288023,,,7828288023,,,
vishvkarma dasai,vishvkarma,dasai,,9754077622,,,9754077622,,,
Dr ar mandal dasai,ar,dasai,mandal,9893966403,,,9893966403,,,
Amit Yadav,Amit,Yadav,,8889055574,,,8889055574,,,
Khilede Rakesh Jen Tent House,Khilede Rakesh Jen,House,Tent,9977515267,,,9977515267,,,
Kanvan Jitu Light Dekoreshan,Kanvan Jitu,Dekoreshan,Light,9893325666,,,9893325666,,,
Ranipura Rajendra Daima,Ranipura,Daima,Rajendra,9644593790,,,9644593790,,,
Tanda Kheda Bhuralal Gamar,Tanda Kheda,Gamar,Bhuralal,6260604934,9691801543,,6260604934 | 9691801543,,,
Microtek Rakesh Prajapati, Microtek Rakesh,Prajapati,,+919993195997,,,+919993195997,,,
microtek rakesh prajapat,microtek,prajapat,rakesh,+9199931959972,4,,+9199931959972 | 4,,,
Dhamnda दीपक पाटीदार।,Dhamnda,पाटीदार।,दीपक,9179273308,,,9179273308,,,
Baloda Omkarlal Chohan,Baloda,Chohan,Omkarlal,9111965835,,,9111965835,,,
Dasai Delep Suleya,Dasai,Suleya,Delep,9893818801,,,9893818801,,,
Punam Devi,Punam,Devi,,+917379267840,,,+917379267840,,,Uttar Prades  India
Bidwal manoj patidar,Bidwal,patidar,manoj,9685795146,+919685795146,,9685795146 | +919685795146,,,
Khilede Sanju Khokhar,Khilede,Khokhar,Sanju,9993982884,,,9993982884,,,
Ghatoda Kundan,Ghatoda,Kundan,,9575808208,,,9575808208,,,
Dasai chganlal mukati,Dasai,mukati,chganlal,9893753670,,,9893753670,,,
kapastal Kantilal Bhuriya,kapastal,Bhuriya,Kantilal,7697708474,,,7697708474,,,
Poster Dejaner,Poster,Dejaner,,8821073028,,,8821073028,,,
Dasai Gopal Bhalod,Dasai,Bhalod,Gopal,+919893205166,,,+919893205166,,,
Takrawda Rohit Patidar,Takrawda,Patidar,Rohit,8889177526,,,8889177526,,,
Jk Jk,Jk,Jk,,+919669009669,,,+919669009669,,,Madhya Pradesh  India
Okaya Gorav,Okaya,Gorav,,+919131381694,,,+919131381694,,,
Dasai Lala Chokedar,Dasai,Chokedar,Lala,+919893938612,,,+919893938612,,,
Igness Swich,Igness,Swich,,9844091547,,,9844091547,,,
Dasai Lalit Khadki,Dasai,Khadki,Lalit,+919755953880,,,+919755953880,,,
Cooler Peten Master,Cooler,Master,Peten,9346934544,9701466478,,9346934544 | 9701466478,,,
Padmpura Parmand Maru Sonaleka,Padmpura Parmand,Sonaleka,Maru,+919165841174,9926626382,,+919165841174 | 9926626382,,,Madhya Pradesh  India
Dasai Aarti Toran Darvaja,Dasai Aarti Toran Darvaja,,,+917024645462,,,+917024645462,,,
Durgesh Ghatoda 2,Durgesh,2,Ghatoda,8319076499,,,8319076499,,,
Kadod Vinod Dhakad,Kadod,Dhakad,Vinod,+919179711734,,,+919179711734,,,
Dasai Nilesh Parmar,Dasai,Parmar,Nilesh,9893607451,,,9893607451,,,
Indore Rek 1,Indore,1,Rek,+919669793853,,,+919669793853,,,
Dasai Rahul Patel,Dasai,Patel,Rahul,+918085035032,,,+918085035032,,,
Rajgad Fakri Mufdal,Rajgad,Mufdal,Fakri,+919981255253,,,+919981255253,,,
Dasai Vijay Drivar,Dasai,Drivar,Vijay,+919617531962,,,+919617531962,,,
dasai gopal hirateja,dasai,hirateja,gopal,6268535200,,,6268535200,,,
Ratlam Shree Ram Agency And Distributor,Ratlam Shree Ram Agency,Distributor,And,+919713045556,,,+919713045556,,,
Dasai Chotu Drivar,Dasai,Drivar,Chotu,7974747677,,,7974747677,,,
Siloda Madan Jaiswal,Siloda,Jaiswal,Madan,9993982782,,,9993982782,,,
AahuLakhan Gosawami Tent Houae,AahuLakhan,Gosawami Tent Houae ,,+918349974514,,,+918349974514,,,
pana rahul ninama,pana,ninama,rahul,8827959312,,,8827959312,,,
Khiledi Jitendra Patidar,Khiledi,Patidar,Jitendra,7000759875,,,7000759875,,,
Khakhide Sachin Devda,Khakhide,Devda,Sachin,+917471171318,,,+917471171318,,,
Exide Indore Akshay Parashar,Exide Indore,Parashar,Akshay,+919630712131,,,+919630712131,,,
Dhar Coolar,Dhar,Coolar,,9685635143,,,9685635143,,,
Barmandal Navrang Tent House,Barmandal Navrang,House,Tent,9009091372,,,9009091372,,,
Mosar Jija,Mosar,Jija,,9232522483,,,9232522483,,,
Chirakhan Rajesh Patidar,Chirakhan,Patidar,Rajesh,9893506729,,,9893506729,,,
Ralamndal Vikram Mandloi,Ralamndal,Mandloi,Vikram,7610775329,,,7610775329,,,
fulidi raguvirsing,fulidi,raguvirsing,,7869345095,,,7869345095,,,
Koda Berage,Koda Berage,,,+919981371777,,,+919981371777,,,
Dasai Santu Khadi,Dasai,Khadi,Santu,+919993170030,,,+919993170030,,,Madhya Pradesh  India
ranipura nand kishor patidar,ranipura nand,patidar,kishor,9981684546,,,9981684546,,,
Tara Bhabhi,Tara,Bhabhi,,+918890175673,,,+918890175673,,,
Dasai Badri Khadi,Dasai,Khadi,Badri,9893301641,,,9893301641,,,
Dasai Sandeep Pana,Dasai,Pana,Sandeep,9981620844,,,9981620844,,,
Bharavda Babalu Bhati Jonder,Bharavda Babalu,Jonder,Bhati,+919993108570,,,+919993108570,,,
Rajkot Hedrolik House Pipe मशीन,Rajkot Hedrolik House,मशीन,Pipe,08866125712,,,08866125712,,,
Dasai Bagdiram Solanki,Dasai,Solanki,Bagdiram,9131546691,,,9131546691,,,
Ujjen Aakash Pathak Panditji,Ujjen Aakash,Panditji,Pathak,9399279590,,,9399279590,,,
dasai rosan khacroda,dasai,khacroda,rosan,9516047761,,,9516047761,,,
Utavda Sandep Patidar Johndeer,Utavda Sandep,Johndeer,Patidar,9752794555,,,9752794555,,,
Takravda Vikas,Takravda,Vikas,,+917692929176,,,+917692929176,,,Madhya Pradesh  India
balod bavar shig,balod,shig,bavar,9893217530,,,9893217530,,,
morgav sanjay rajput,morgav,rajput,sanjay,9589500483,,,9589500483,,,
Takravada Sanjay,Takravada,Sanjay,,+919329616373,,,+919329616373,,,
Dasai Uvraj Ren,Dasai,Ren,Uvraj,+918770024342,,,+918770024342,,,
Munnalal Ji Maru,Munnalal,Maru,Ji,9977426683,,,9977426683,,,
Khakhedi Anil Umarwal,Khakhedi,Umarwal,Anil,9981661699,,,9981661699,,,
Dasai Amit Auto Patas,Dasai Amit,Patas,Auto,+919893682824,9893682824,,+919893682824 | 9893682824,,,
Ledgav Ds Patidar,Ledgav,Patidar,Ds,+919981104211,,,+919981104211,dspatidar04211@gmail.com,,Madhya Pradesh  India
Bhavnagar Rek,Bhavnagar,Rek,,9426484301,,,9426484301,,,
Dasai Salegram Mandra,Dasai,Mandra,Salegram,9993180791,,,9993180791,,,
Delhi Harness Canetakar1,Delhi,Canetakar1,Harness,9811024877,9999600659,,9811024877 | 9999600659,,,
Self Exprise,Self,Exprise,,+919009259405,,,+919009259405,,,
Khilede Krish Patidar New Holend,Khilede Krish Patidar,Holend,New,+919981318435,,,+919981318435,,,
Badedi Mahabali dh,Badedi,dh,Mahabali,8827209972,,,8827209972,,,
New Self Armechar Revaeding,New Self,Revaeding,Armechar,9752777449,9926414080,,9752777449 | 9926414080,,,
Dasai Vinod Patidar Bhut,Dasai Vinod,Patidar Bhut,,+919179282886,,,+919179282886,,,
Dasai Bhavarlala Bhalod,Dasai,Bhalod,Bhavarlala,+919752640865,,,+919752640865,,,
Dasai Jen Ran,Dasai,Ran,Jen,9993556277,,,9993556277,,,
pana remesh swraj 735,pana remesh,735,swraj,9685765537,,,9685765537,,,
Haeness Canektar,Haeness,Canektar,,+919540139892,,,+919540139892,,,
Bidwal Arpit Margala,Bidwal Arpit,Margala,,+919589349060,,,+919589349060,,,
barmandal go seva sadan,barmandal go,sadan,seva,9754813004,,,9754813004,,,
Bulging Depak Pavar Sonalika,Bulging Depak,Sonalika,Pavar,8120491120,,,8120491120,,,
dasai shreekarkerana,dasai,shreekarkerana,,9425075504,,,9425075504,,,
lolari dipak darbar,lolari,darbar,dipak,7697866752,+917697866752,,7697866752 | +917697866752,,,
Dasai Ghanshyam Chirakhan,Dasai,Chirakhan,Ghanshyam,9893693585,,,9893693585,,,
Rajesh Palwada,Rajesh,Palwada,,+919630606804,,,+919630606804,,,
Kamel Maru,Kamel,Maru,,+919993891789,,,+919993891789,,,
Dasai Prakas Ji Chodhari,Dasai Prakas,Chodhari,Ji,+919424818821,,,+919424818821,,,
Soneyskhedi Aasush New Holland,Soneyskhedi Aasush,Holland,New,+916263353887,,,+916263353887,,,
Nabha Harsh,Nabha,Harsh,,9876209003,,,9876209003,,,
Rajgad Mustafa Fakri,Rajgad,Fakri,Mustafa,+918839935353,,,+918839935353,,,
Dasai Urvashi,Dasai,Urvashi,,+919098228543,,,+919098228543,,,
papu jamtimata,papu,jamtimata,,9575165936,,,9575165936,,,
Wiring Harness Connector,Wiring,Connector,Harness,+919999196748,,,+919999196748,,,
Khiledi Shivam Parmar,Khiledi,Parmar,Shivam,6267241446,,,6267241446,,,
Fuledi Rajvardhan Farmtek 70,Fuledi Rajvardhan,70,Farmtek,6265860576,,,6265860576,,,
Gatoda Radhaswami Aasram Mahesh Patidar,Gatoda Radhaswami Aasram,Patidar,Mahesh,+919399346988,,,+919399346988,,,
Indore Selfexpress,Indore,Selfexpress,,9303302872,,,9303302872,,,
dasai jugal bhut,dasai,bhut,jugal,9179713041,,,9179713041,,,
Khile Rahul,Khile,Rahul,,9630767704,,,9630767704,,,
Takravda जयदीप सिंह चंदेल।,Takravda जयदीप,चंदेल।,सिंह,8103666185,,,8103666185,,,
Hi Pawer Battery,Hi Pawer Battery,,,+919977086365,,,+919977086365,,,
dasai ritesh bhagaji,dasai,bhagaji,ritesh,6261963948,,,6261963948,,,
Pana Sanjy Swaraj 735,Pana Sanjy,735,Swaraj,7049041836,,,7049041836,,,
Dasai Vanseka Foto Editing,Dasai Vanseka,Editing,Foto,7869175344,,,7869175344,,,
Bidwal Rahul Patidar,Bidwal,Patidar,Rahul,9009386921,,,9009386921,,,
Khiledi Jitendra Patidar,Khiledi,Patidar,Jitendra,7828895200,,,7828895200,,,
Kod Mukesh Patidar,Kod,Patidar,Mukesh,7470572844,,,7470572844,,,
Bidwal dinesh borsaliya,Bidwal,borsaliya,dinesh,9981684390,,,9981684390,,,
Dasai Anil Ukarr Ji,Dasai Anil,Ji,Ukarr,9074507090,,,9074507090,,,
Zulevala Vijay,Zulevala,Vijay,,+919548810621,,,+919548810621,,,
Dasai Pavan Himgaga,Dasai,Himgaga,Pavan,+917746080726,,,+917746080726,,,
Dasai Help Line,Dasai,Line,Help,+919826834533,,,+919826834533,,,
Panchmukhi Kailash Patidar,Panchmukhi,Patidar,Kailash,9399216632,,,9399216632,,,
Khakhedi Bharat Singh Dangaya,Khakhedi Bharat,Dangaya,Singh,9893709613,,,9893709613,,,
G Guruje 1,G,1,Guruje,9826380309,,,9826380309,,,
Baloda rohit patidar,Baloda,patidar,rohit,9977733927,,,9977733927,,,
Barmakhedi Bharat Meda Tent House,Barmakhedi Bharat,Meda Tent House,,+919575166091,,,+919575166091,,,
Dasai Naren Mukati,Dasai,Mukati,Naren,9893619060,,,9893619060,,,
Anil patidar,Anil,patidar,,6268526839,,,6268526839,,,
Tracter Patas Eszy,Tracter,Eszy,Patas,9650799833,,,9650799833,,,
Kesarpura Narayan Patidar,Kesarpura,Patidar,Narayan,9755804276,,,9755804276,,,
Kushalgad Swaraj Battery,Kushalgad,Battery,Swaraj,9079242681,,,9079242681,,,
Indore Exide - Sharma Batteries,Indore Exide -,Batteries,Sharma,+919826075546,,,+919826075546,,,
Estmen Eddo Abhishek Jayswal,Estmen Eddo,Jayswal,Abhishek,+919685085143,,,+919685085143,,,
"Fuledi Krisna Patidar, chotu",Fuledi,Patidar,Krisna,9893794922,,,9893794922,,,
Indore Battery New And Old,Indore Battery New,Old,And,+919826077864,,,+919826077864,,,
Mansor Manesh,Mansor Manesh,,,+919755993201,,,+919755993201,,,
Indore Old Battery New,Indore Old,New,Battery,+919713633629,,,+919713633629,,,
Lohare Bhamarshing,Lohare,Bhamarshing,,9977442209,,,9977442209,,,
Dasai Kelash Lohar,Dasai,Lohar,Kelash,+919893889420,,,+919893889420,,,
Dasai Mukesh Driver,Dasai,Driver,Mukesh,7999266828,,,7999266828,,,
dasai motilal kodalchan,dasai,kodalchan,motilal,8878875029,,,8878875029,,,
Ch. Balod Harinarayan Patidar,Ch. Balod,Patidar,Harinarayan,+917693831314,,,+917693831314,,,Madhya Pradesh  India
Ch Kamal Texi,Ch,Texi,Kamal,7987765790,,,7987765790,,,
Baloda Krisna Revateya,Baloda,Revateya,Krisna,+919340335483,,,+919340335483,,,
Khiledi Kamal Dodeya,Khiledi,Dodeya,Kamal,9977546431,,,9977546431,,,
Khiledi Vinay Parmar,Khiledi,Parmar,Vinay,9977408685,,,9977408685,,,
Shree Nath Tracter Hoot Indore,Shree Nath Tracter,Indore,Hoot,8839436259,,,8839436259,,,
Seloda Jatin Jaiswal Watar,Seloda Jatin,Jaiswal Watar,,+919329667142,,,+919329667142,,,
Indore Vijay Pawar Battery Skreep And New,Indore Vijay Pawar Battery Skreep,New,And,+919826498877,,,+919826498877,,,
Bandei Bharat Mukati,Bandei,Mukati,Bharat,+919893099805,9893099805,,+919893099805 | 9893099805,,,
Dasai dhrmendr chohan,Dasai,chohan,dhrmendr,7693814336,,,7693814336,,,
Gaidawad Vishal Muniya,Gaidawad,Muniya,Vishal,9301381986,,,9301381986,,,
Rtarod arun jadav,Rtarod,jadav,arun,9893196412,,,9893196412,,,
Kod Pavan Light Dekoreshan,Kod Pavan,Dekoreshan,Light,+918085664485,,,+918085664485,,,
Indore Massimo Batteries,Indore,Batteries,Massimo,+919309946375,+918109042342,,+919309946375 | +918109042342,,,Madhya Pradesh  India
Dasai Pavan Bhimaji,Dasai,Bhimaji,Pavan,8821811221,,,8821811221,,,
Panjab Vishkarma,Panjab,Vishkarma,,9872113062,,,9872113062,,,
nagda kisor,nagda,kisor,,9575166181,8103970407,,9575166181 | 8103970407,,,
dasai kelash prajapat,dasai,prajapat,kelash,9993465940,,,9993465940,,,
Dasai Sanju Pandit,Dasai,Pandit,Sanju,+919893508629,,,+919893508629,,,Madhya Pradesh  India
Dasai Pradep Chudi,Dasai,Chudi,Pradep,9165885512,,,9165885512,,,
Indore S J Enterprise Maharani Road,Indore S J Enterprise,Road,Maharani,+919981952711,,,+919981952711,,,
sunil patidar dasai,sunil,dasai,patidar,9981620738,,,9981620738,,,
Manavar Golu Bheya,Manavar,Bheya,Golu,8871438413,,,8871438413,,,
Kharsoda Lakhan Patel,Kharsoda,Patel,Lakhan,+918770331725,+918462002284,,+918770331725 | +918462002284,,,
Coolar Sri Balaji Associates Banglore,Coolar Sri Balaji,Banglore,Associates,9414141390,,,9414141390,,,
P10 Nh,P10,Nh,,+919674475929,,,+919674475929,,,
jaymtimata baje shig,jaymtimata,shig,baje,7024974067,,,7024974067,,,
Ratlam Mahiveer Halvai,Ratlam,Halvai,Mahiveer,9893343989,,,9893343989,,,
Ranipura Radheshyam Ji Tarodiya,Ranipura Radheshyam,Tarodiya,Ji,9926464722,,,9926464722,,,
Dasai Navin Sir,Dasai,Sir,Navin,+919993413530,,,+919993413530,,,
Indore Shree Mohan Trasport,Indore Shree,Trasport,Mohan,+919993218074,,,+919993218074,,,
Indore A&d Acounted,Indore,Acounted,A&d,+917694950587,,,+917694950587,,,
Indore Exide Vayji Powar,Indore Exide,Powar,Vayji,+919826424244,,,+919826424244,,,
Indore Goyal Metal,Indore,Metal,Goyal,9827252536,,,9827252536,,,
Dasai Bhavesh Jean,Dasai,Jean,Bhavesh,+918085627033,,,+918085627033,,,
Dasai Vijay Chodhre,Dasai,Chodhre,Vijay,+919074536353,,,+919074536353,,,
Dasai Aahuja Periting Press,Dasai Aahuja,Press,Periting,9111311616,,,9111311616,,,
khiledi Rakhesh mare,khiledi,mare,Rakhesh,8827593725,,,8827593725,,,
AMZER TENT HOUSE,AMZER,HOUSE,TENT,9893721764,,,9893721764,,,
Cherakhan Lakhan jajwal,Cherakhan,jajwal,Lakhan,8085123212,,,8085123212,,,
Pana Rituraj Darbar,Pana,Darbar,Rituraj,9131210068,,,9131210068,,,
Lohare Sambhu Rathod,Lohare,Rathod,Sambhu,9691087257,,,9691087257,,,
khutpala sanjay jat,khutpala,jat,sanjay,9685365293,,,9685365293,,,
Dasai Dharmendra Patidar Bagla Vala,Dasai Dharmendra Patidar,Vala,Bagla,+919893795984,9893795984,,+919893795984 | 9893795984,,,Madhya Pradesh  India
dasai Dashrat patidar sayam banej,dasai Dashrat patidar,banej,sayam,9179438262,,,9179438262,,,
Jaymtimata Kamal Banjara,Jaymtimata,Banjara,Kamal,+919770739427,9770739427,,+919770739427 | 9770739427,,,
Sineyakhdi Rakesh Mantri,Sineyakhdi,Mantri,Rakesh,+919893353649,9893353649,,+919893353649 | 9893353649,,,
Microtek Amit Invetar Kusvah,Microtek Amit,Kusvah,Invetar,+918435225498,,,+918435225498,,,
Lohari Sunil Darbar,Lohari,Darbar,Sunil,+917049087256,,,+917049087256,,,
Baloda Gopal Vaglecha,Baloda,Vaglecha,Gopal,8349078250,,,8349078250,,,
Barmandal Lokkeh Prajapat,Barmandal,Prajapat,Lokkeh,+919754491112,,,+919754491112,,,
Lohari Rajendra Singh Rathor,Lohari Rajendra,Rathor,Singh,9755226908,,,9755226908,,,
dasai maru ele,dasai,ele,maru,9753334636,,,9753334636,,,
Dasai Manoj Rajasthani,Dasai,Rajasthani,Manoj,8349916900,,,8349916900,,,
Battery Aslam Gori,Battery,Gori,Aslam,+919893725499,,,+919893725499,,,Madhya Pradesh  India
balod bhehari balod,balod,balod,bhehari,9993525289,,,9993525289,,,
Lohari Sankar Darbar855,Lohari,Darbar855,Sankar,+919131225417,9589488356,,+919131225417 | 9589488356,,,
Lohari sankarlal,Lohari,sankarlal,,9131225417,,,9131225417,,,
Barmandal Pavan Kumavt Deri Iskrem,Barmandal Pavan Kumavt,Iskrem,Deri,+918225072724,,,+918225072724,,,
Dasai Ramlal Pal Sir,Dasai Ramlal,Sir,Pal,9893507947,,,9893507947,,,
Dasai Satnarayan Ji Pana Wale,Dasai Satnarayan Ji,Wale,Pana,9981620813,,,9981620813,,,
jaymtimata bajsing,jaymtimata,bajsing,,7746070833,,,7746070833,,,
Dasai Naren Nabardar,Dasai,Nabardar,Naren,8269259160,,,8269259160,,,
Padampura Vijay Maru,Padampura,Maru,Vijay,9754708120,,,9754708120,,,
chotiya balod sonu,chotiya,sonu,balod,8085667479,,,8085667479,,,
Khiledi Surendra,Khiledi,Surendra,,9752470844,,,9752470844,,,
Bidwal Kailash Ji Ninama,Bidwal Kailash,Ninama,Ji,9754184990,,,9754184990,,,
dasai karshna patidar,dasai,patidar,karshna,8827688246,,,8827688246,,,
Ghatoda Dashrath Chohan,Ghatoda,Chohan,Dashrath,9713504145,,,9713504145,,,
Behar,Behar,,,+917396548471,,,+917396548471,,,
Hatnara Vikash Ji Patidar Sadu Ji,Hatnara Vikash Ji Patidar,Ji,Sadu,+919981919049,,,+919981919049,,,
Antar chodri khiledi,Antar,khiledi,chodri,9977877688,,,9977877688,,,
Dasai Bharat Chodhri,Dasai,Chodhri,Bharat,9893996702,,,9893996702,,,
बांदड़ी किशोर सिसोदिया।,बांदड़ी,सिसोदिया।,किशोर,7067041083,+917067041083,,7067041083 | +917067041083,,,
Takravda Dheraj Patidar,Takravda,Patidar,Dheraj,7987929330,,,7987929330,,,
Ujjen Raghavmadhav Gurujiujjain,Ujjen Raghavmadhav,Gurujiujjain,,+919340927922,,,+919340927922,,,
Badnavar Tent,Badnavar,Tent,,9926532004,,,9926532004,,,
Udaypur Krisna Cooler,Udaypur,Cooler,Krisna,9636625298,9829058298,,9636625298 | 9829058298,,,
Dhar Setheya Ji,Dhar,Ji,Setheya,9425919808,,,9425919808,,,
Indore New Spoct Welding,Indore New,Welding,Spoct,+918818848208,,,+918818848208,,,
Dasai Rajaram,Dasai,Rajaram,,9893205752,,,9893205752,,,
Dasai Ramprasad Parmar,Dasai,Parmar,Ramprasad,+917240907606,,,+917240907606,,,
Prag Okaya,Prag,Okaya,,8889053377,,,8889053377,,,
Dasai Pankaj Bola Wala,Dasai Pankaj,Wala,Bola,9630761223,,,9630761223,,,
dasai madav chodri,dasai,chodri,madav,+919893796402,9893796402,,+919893796402 | 9893796402,,,
Balod Dilip Patidar,Balod,Patidar,Dilip,9644090331,,,9644090331,,,
Maharasst Raju P,Maharasst Raju P,,,+919850067825,,,+919850067825,,,
Takrvda Durgesh Patidar,Takrvda,Patidar,Durgesh,9893945151,,,9893945151,,,
Ambrela,Ambrela,,,9425103988,,,9425103988,,,
Bidwak Kuldeep Bhati Kuldeep Bhati,Bidwak Kuldeep,Bhati Kuldeep Bhati,,+919165599671,,,+919165599671,,,
Ghatoda Sukram,Ghatoda,Sukram,,7805096594,,,7805096594,,,
Fuledi Depak Beragi,Fuledi,Beragi,Depak,+918770501104,,,+918770501104,,,
Okaya Santosh Prajapat,Okaya,Prajapat,Santosh,9644814673,,,9644814673,,,
Dasai Jivan Parmar,Dasai,Parmar,Jivan,9399502393,,,9399502393,,,
Ratlam Adrit Lub,Ratlam,Lub,Adrit,9425104523,,,9425104523,,,
Bhopal Spoct Welding,Bhopal,Welding,Spoct,9981132211,,,9981132211,,,
kob barat patidar khokhar,kob barat,khokhar,patidar,9179232858,,,9179232858,,,
Niledh Bajaj Fayness,Niledh,Fayness,Bajaj,+917024021391,,,+917024021391,,,
Lohari Deepak Patidar,Lohari,Patidar,Deepak,+919302276737,,,+919302276737,,,
Old Batteey Raj Salve,Old Batteey,Salve,Raj,+917000030565,,,+917000030565,,Anil Savle,
Dasai Paras Patidar M. k,Dasai Paras Patidar,k,M.,+919993963104,,,+919993963104,.,,
Kanvan Vishal Light Dekoreshan,Kanvan Vishal,Dekoreshan,Light,9907036060,,,9907036060,,,
Dasai Ankit Panwar,Dasai,Panwar,Ankit,+919009770143,,,+919009770143,,,Madhya Pradesh  India
Bhawari,Bhawari,,,+918952905752,,,+918952905752,,,
dasaiVishnu Patidar jivaharchan,dasaiVishnu,Patidar jivaharchan,,+919993413557,,,+919993413557,,,
Dasai Vansika,Dasai,Vansika,,9109771421,,,9109771421,,,
mogjipada mangilal,mogjipada,mangilal,,8103619768,,,8103619768,,,
Indore Abil Battery,Indore,Battery,Abil,9826619033,,,9826619033,,,
Khakedi Suresh Dewda,Khakedi,Dewda,Suresh,+917987586305,,,+917987586305,,,Madhya Pradesh  India
Nimbol Sepali Patidar,Nimbol,Patidar,Sepali,9685327261,,,9685327261,,,
Panjab Sound Mandeep,Panjab,Mandeep,Sound,9876485505,,,9876485505,,,
Terla  Visnu Jayswal Light Sound Tent House,Terla  Visnu Jayswal Light Sound Tent House,,,+919977430808,,,+919977430808,,,
Takrawda Lakhansingh,Takrawda,Lakhansingh,,9575809798,,,9575809798,,,
Ranjit lohari,Ranjit,lohari,,9893285264,,,9893285264,,,
Ratlam Battery Amron Seles,Ratlam Battery,Seles,Amron,+918319849805,,,+918319849805,,,
Bandedi Tent House,Bandedi,House,Tent,+918085776515,,,+918085776515,,,
Ledgav Vasudev Payidar,Ledgav,Payidar,Vasudev,9893784309,,,9893784309,,,
Kanha NawdA,Kanha,NawdA,,+919685189535,,,+919685189535,,,
Chitodgad Tent Cooler,Chitodgad,Cooler,Tent,9680514751,,,9680514751,,,
Dantoli Bharat Solanki,Dantoli,Solanki,Bharat,8225837505,,,8225837505,,,
Ratlam Lalchn Surana,Ratlam,Surana,Lalchn,8989896660,,,8989896660,,,
Ralamandal Gokul Ji Chodhri,Ralamandal Gokul,Chodhri,Ji,9993355737,,,9993355737,,,
Indore Patel Patas Ele,Indore Patel,Ele,Patas,9893305863,,,9893305863,,,
Shanavaj Rangrej Old Batteey Skreep,Shanavaj Rangrej Old,Skreep,Batteey,+917869681299,,,+917869681299,,,Madhya Pradesh  India
Nihalpura Arjun Nath,Nihalpura,Nath,Arjun,8224978232,,,8224978232,,,
Exide Briding,Exide,Briding,,+917440955149,,,+917440955149,,,
dasai doltram,dasai,doltram,,8817540965,,,8817540965,,,
Bakurli Sunil Chohan,Bakurli,Chohan,Sunil,+917024001100,,,+917024001100,,,
Dasai Sachin Valasheva,Dasai,Valasheva,Sachin,9179274615,,,9179274615,,,
bidwal gopal sirvi new bidwal,bidwal gopal sirvi,bidwal,new,09755204100,,,09755204100,,,
Tandakheda Sohan Katariya,Tandakheda,Katariya,Sohan,6266614429,,,6266614429,,,
Ch. balod Ajay Akragaa,Ch. balod,Akragaa,Ajay,9174712328,,,9174712328,,,
tandakhida jivan ninama,tandakhida,ninama,jivan,7773865419,,,7773865419,,,
Balod Ganpat,Balod,Ganpat,,9789857281,,,9789857281,,,
Ratlam Promod Invetar Repeyar,Ratlam Promod,Repeyar,Invetar,+918461938793,,,+918461938793,,,
Ujjen Pandet2,Ujjen,Pandet2,,9009893690,,,9009893690,,,
Indore Mashen,Indore,Mashen,,9174925876,7049713268,,9174925876 | 7049713268,,,
Shivpur Pray Patidar,Shivpur,Patidar,Pray,8827280826,,,8827280826,,,
Ghatoda Sawan Dawar,Ghatoda,Dawar,Sawan,7987336294,,,7987336294,,,
DasaiMahesh Patidar,DasaiMahesh,Patidar,,7692972172,,,7692972172,,,
Pana Arjun Ratod,Pana,Ratod,Arjun,+918359044458,+919926706039,,+918359044458 | +919926706039,,,
Dasai bagawti patidar shyam bhanej,Dasai bagawti patidar,bhanej,shyam,9589169869,,,9589169869,,,
Indore Turbo Speekar,Indore,Speekar,Turbo,9826454949,,,9826454949,,,
Kharsoda Kundan Singh,Kharsoda,Singh,Kundan,9589527932,,,9589527932,,,
Khiledi Pradip Chodhari,Khiledi,Chodhari,Pradip,+919893934534,,,+919893934534,,,
Okaya Suresh Parihar,Okaya,Parihar,Suresh,+919893382729,,,+919893382729,,,
dasai aman patidar bhagapita,dasai aman,bhagapita,patidar,+9182690993040,,,+9182690993040,,,
dasaiAman Patidar,dasaiAman,Patidar,,+918269099304,,,+918269099304,,,
Balod anil patidar,Balod,patidar,anil,9755375721,,,9755375721,,,
vinod patidar ranipura,vinod,ranipura,patidar,9993123326,,,9993123326,,,
Parvleya,Parvleya,,,09981289531,,,09981289531,,,
Indore Chandresh Sopra,Indore Chandresh,Sopra,,+918878120555,,,+918878120555,,,
Dasai Manohar Bamniya,Dasai,Bamniya,Manohar,+917869460205,,,+917869460205,,,
Rajgad Aile Raj Auto Patas,Rajgad Aile Raj,Patas,Auto,9424836498,,,9424836498,,,
Lohare Mamaje,Lohare,Mamaje,,+919977223309,,,+919977223309,,,
khakhide rahul dhanvaya,khakhide,dhanvaya,rahul,8770084104,,,8770084104,,,
Dhar Exide Batteey Mohan Ji Shop,Dhar Exide Batteey Mohan,Shop,Ji,7509842155,,,7509842155,,,
Khiledi Pratik Jen Tent House,Khiledi Pratik Jen,House,Tent,9752537872,,,9752537872,,,
Funkey,Funkey,,,+917879232048,,,+917879232048,,,
Bilwada Balaji Cooler,Bilwada Balaji Cooler,,,+919468725672,,,+919468725672,,,
tandakheda kalo bagat,tandakheda,bagat,kalo,8120372610,,,8120372610,,,
Dasai Paras Emali,Dasai,Emali,Paras,6265163995,,,6265163995,,,
Khilede Gotam,Khilede,Gotam,,+919179713033,,,+919179713033,,,
khilede arpet tent house,khilede arpet,house,tent,+919752253108,,,+919752253108,,,
Dasai Gotam Parajapat,Dasai,Parajapat,Gotam,8878870907,,,8878870907,,,
Dasai Atul Patidar Morgav Vala,Dasai Atul Patidar,Vala,Morgav,+919752039573,,,+919752039573,,,
dasai ashok palaseya,dasai,palaseya,ashok,+919893185214,,,+919893185214,,,
Bablu Khan,Bablu,Khan,,+919993124313,+917692049513,,+919993124313 | +917692049513,,,
lohari rajpal,lohari,rajpal,,7000706465,,,7000706465,,,
Bhavesh,Bhavesh,,,+919893323381,,,+919893323381,,,
dasai motilal patel,dasai,patel,motilal,7509907241,,,7509907241,,,
Fuledi krdhna patidar,Fuledi,patidar,krdhna,8349824482,+918349824482,,8349824482 | +918349824482,,,
Magod UmeshPatiar,Magod,UmeshPatiar,,9685515657,,,9685515657,,,Madhya Pradesh  India
dasai atul morgav,dasai,morgav,atul,+919752039573,,,+919752039573,,,
Nayalpura bakil banjara,Nayalpura,banjara,bakil,9754855303,,,9754855303,,,
ch. balod jagdesh patidar,ch. balod,patidar,jagdesh,9754783680,,,9754783680,,,
Dasai Jivan Bemae,Dasai,Bemae,Jivan,9993881370,,,9993881370,,,
Dasai Vijay Pawar,Dasai,Pawar,Vijay,+919340841195,,,+919340841195,,,
mukesh vishvkarma,mukesh,vishvkarma,,+919893254702,,,+919893254702,,,
Balod कमलेश पाटीदार Ekrangaa!,Balod कमलेश,Ekrangaa!,पाटीदार,9752861345,,,9752861345,,,
Panda Yogendar,Panda Yogendar,,,7987074071,,,7987074071,,,
bidawal parkash sirvi,bidawal,sirvi,parkash,6263271110,,,6263271110,,,
Rakha Ratod Jugad,Rakha,Jugad,Ratod,9981483491,,,9981483491,,,
Ashok patidar khajur vale,Ashok patidar,vale,khajur,+917974325966,,,+917974325966,,,
Pana Vikas Patidar,Pana,Patidar,Vikas,+918889513200,,,+918889513200,,,
takravda sandeep patidar,takravda,patidar,sandeep,9893465873,,,9893465873,,,
Ledgav Prajapat Ston,Ledgav,Ston,Prajapat,9617852001,,,9617852001,,,
Dasai Pradeep Chudi,Dasai,Chudi,Pradeep,+919165885512,,,+919165885512,,,
Lotas Marbal Sanjay,Lotas,Sanjay,Marbal,+916376511682,,,+916376511682,,,
Dasai Ritesh Samji,Dasai,Samji,Ritesh,9109639080,,,9109639080,,,
Dasai Ashok Patidar Palaseya,Dasai Ashok,Palaseya,Patidar,+919893185214,,,+919893185214,,,
pardip Patidar baloda,pardip,baloda,Patidar,9685212853,,,9685212853,,,
Bidwal Pragati Academy School,Bidwal Pragati,School,Academy,+919753209081,,,+919753209081,,,Madhya Pradesh  India
Takaravda nareb shig,Takaravda,shig,nareb,9752332926,,,9752332926,,,
Pana Narayan Patidar,Pana,Patidar,Narayan,9165561712,,,9165561712,,,
Dhamnod Kapal Battery,Dhamnod,Battery,Kapal,09755754534,,,09755754534,,,
Ghatoda राधा स्वामी आश्रम!,Ghatoda राधा,आश्रम!,स्वामी,8959685247,,,8959685247,,,
Ch. Balod Kavar Lala Smill,Ch. Balod Kavar,Smill,Lala,7697892802,,,7697892802,,,
Utavda Arvind Patidar,Utavda,Patidar,Arvind,9893993899,,,9893993899,,,
Dasai Nikhil Rathod Bick M. K,Dasai Nikhil Rathod Bick,K,M.,+918461805348,,,+918461805348,,,Madhya Pradesh  India
Neyalpura Bakil Banjara,Neyalpura,Banjara,Bakil,9754855303,,,9754855303,,,
Dasai Manoj Bhalod,Dasai,Bhalod,Manoj,+919993527876,,,+919993527876,,,Madhya Pradesh  India
Dasai Jagadeshre,Dasai Jagadeshre,,,+917222974270,,,+917222974270,,,
Bilgun Bherulal Ji,Bilgun,Ji,Bherulal,8965802914,,,8965802914,,,
Balod Bhart Patidar Swaraj Or Ford,Balod Bhart Patidar Swaraj,Ford,Or,+916265330811,,,+916265330811,,,Madhya Pradesh  India
Dasai Rahul Dodeya,Dasai,Dodeya,Rahul,+919589773527,,,+919589773527,,,
ledgav krisna patidar,ledgav,patidar,krisna,9074400287,,,9074400287,,,
Dasai Lalchand Ramchan,Dasai,Ramchan,Lalchand,+919893509309,,,+919893509309,,,
Dasai H. M Light Mandlik,Dasai H. M,Mandlik,Light,+917999204945,,,+917999204945,,,
Ch. balod Jagdish Ji Patidar Powartek,Ch. balod Jagdish Ji,Powartek,Patidar,9754783680,,,9754783680,,,
rajesh patidar,rajesh,patidar,,+919755227966,,,+919755227966,,,
Dasai deepak singana,Dasai,singana,deepak,+919981278411,,,+919981278411,,,
Takravda Gordan Je,Takravda,Je,Gordan,+919589584738,,,+919589584738,,,
Ledgav Manoar Patidar Harvestar,Ledgav Manoar,Harvestar,Patidar,+919893506434,,,+919893506434,,,
Dasai Tinu Bhut,Dasai,Bhut,Tinu,+919993525513,,,+919993525513,,,
Balod Pradep Patider,Balod,Patider,Pradep,9685212853,,,9685212853,,,
Bidwal Pragathi,Bidwal,Pragathi,,+919753209081,,,+919753209081,,,
dasai hari parmar,dasai,parmar,hari,9977454825,,,9977454825,,,
Mahaver Bana,Mahaver Bana,,,+917014503626,,,+917014503626,,,
Takravda Narendra Seh,Takravda,Seh,Narendra,9752332926,,,9752332926,,,
Dasai Jitu Bhalod,Dasai,Bhalod,Jitu,+919589244507,,,+919589244507,,,
dasarth patidar,dasarth,patidar,,+919893160865,,,+919893160865,,,
Khiledi राजेश जी नेताजी!,Khiledi राजेश,नेताजी!,जी,9977525386,,,9977525386,,,
Lalchan bhimaji dasai,Lalchan,dasai,bhimaji,9993525376,,,9993525376,,,
khilede ratan jayswal,khilede,jayswal,ratan,+919630869496,,,+919630869496,,,
dasai ratan badsha,dasai,badsha,ratan,9630837177,,,9630837177,,,
Indore Goyal Je Smill,Indore Goyal,Smill,Je,+919685519189,,,+919685519189,,,
kadod shelendr rathor,kadod,rathor,shelendr,9630155879,,,9630155879,,,
Rajod Mehtaji,Rajod,Mehtaji,,+919424093241,9424093241,,+919424093241 | 9424093241,,,
Sorabh Sir Vivo,Sorabh,Vivo,Sir,+919981785050,,,+919981785050,,,
Dasai Banti Bhimaji,Dasai,Bhimaji,Banti,+919584699863,,,+919584699863,,,
Gatoda Radha Swami Aasram,Gatoda Radha,Aasram,Swami,8959685247,,,8959685247,,,
Galunda ranjit,Galunda,ranjit,,+918319019977,,,+918319019977,,,
Diamond Jen Motars,Diamond,Motars,Jen,+919425089458,,,+919425089458,,,
Dasai Mahade Bhemaji,Dasai,Bhemaji,Mahade,9993525376,,,9993525376,,,
Dasai Gopal Ji Mayda,Dasai Gopal,Mayda,Ji,+919893851767,,,+919893851767,,,
Khiledi GOUTAM PATIDAR,Khiledi,PATIDAR,GOUTAM,+919179713033,,,+919179713033,,,
Dasai Vejay Fatkeya,Dasai,Fatkeya,Vejay,+919685067336,,,+919685067336,,,
chirakhan ram shig,chirakhan,shig,ram,9752285198,,,9752285198,,,
Rachna Kalpesh Ravt,Rachna,Ravt,Kalpesh,9925033801,,,9925033801,,,
Dasai ramparsad ren,Dasai,ren,ramparsad,9981562523,,,9981562523,,,
Galonda sawraj,Galonda,sawraj,,8085979084,,,8085979084,,,
Dasai Hetesh Pol,Dasai,Pol,Hetesh,+919179307502,,,+919179307502,,,
Dasai विनोद! Bol,Dasai,Bol,विनोद!,9752863203,,,9752863203,,,
Dasai Narayhn Ukarji,Dasai,Ukarji,Narayhn,+919752052996,,,+919752052996,,,
Dasai Shree Gosvami!,Dasai,Gosvami!,Shree,+919755632671,,,+919755632671,,,
Rachna Kalpesh R,Rachna Kalpesh R,,,9925033801,,,9925033801,,,
Bharawda Prem Singh,Bharawda,Singh,Prem,8349888448,,,8349888448,,,
Dasai jivan bhimaji,Dasai,bhimaji,jivan,9993881370,,,9993881370,,,
Balod kavarv लाल जी पाटीदार!,Balod kavarv लाल,पाटीदार!,जी,7697892802,,,7697892802,,,
Niku Sharma Pandit Ji,Niku Sharma,Ji,Pandit,+919399709254,,,+919399709254,,,
Dasai Bablu Khan,Dasai,Khan,Bablu,+919993124313,+917692049513,,+919993124313 | +917692049513,,,
Khilede Ratan Jaiswal,Khilede,Jaiswal,Ratan,+919630869496,,,+919630869496,,,Madhya Pradesh  India
Dasai Pradep Khade,Dasai,Khade,Pradep,9752893490,,,9752893490,,,
pana narayn patidar,pana,patidar,narayn,9165561712,,,9165561712,,,
Khiledi Akhilesh Patidar Khokhar,Khiledi Akhilesh,Khokhar,Patidar,+919179553562,,,+919179553562,,,
Rachna Ofec Gujrat,Rachna,Gujrat,Ofec,9909950287,,,9909950287,,,
Dasai Ravi Maru Sonalika,Dasai Ravi,Sonalika,Maru,+919111915398,,,+919111915398,,,Madhya Pradesh  India
Driver Nilesh Sanjay Colony,Driver Nilesh,Colony,Sanjay,+919752271740,,,+919752271740,,,
Dasai Aayush Megaji,Dasai,Megaji,Aayush,+917987638712,,,+917987638712,,,
Dasai Sachin Fotografar,Dasai,Fotografar,Sachin,+919584307572,,,+919584307572,,,
Dasai Ramprasad Ren,Dasai,Ren,Ramprasad,9981562523,,,9981562523,,,
Dasai Ashok Dhannji,Dasai,Dhannji,Ashok,+918269909624,,,+918269909624,,,
Dasai Anpuna Didi,Dasai,Didi,Anpuna,8817171775,,,8817171775,,,
Dasai Babalu Son,Dasai Babalu Son,,,+917000725859,,,+917000725859,,,
Ledgav dinesh parjapat,Ledgav,parjapat,dinesh,9981459758,,,9981459758,,,
Kesrpura Deva Kamdar,Kesrpura,Kamdar,Deva,+919752204111,,,+919752204111,,,
Dasai Sandeep Pol,Dasai,Pol,Sandeep,+919179976295,,,+919179976295,,,Madhya Pradesh  India
Dasai Kana Ghar,Dasai,Ghar,Kana,9179309309,,,9179309309,,,
Dasai Bharat Palwa Jam,Dasai Bharat,Jam,Palwa,+919893935811,,,+919893935811,,,Madhya Pradesh  India
Dasai Gopal Hamar,Dasai,Hamar,Gopal,9926203061,,,9926203061,,,
Khakhedi सचिन!,Khakhedi,सचिन!,,9098018989,,,9098018989,,,
Dasai Suraj Tempo,Dasai,Tempo,Suraj,7470664210,,,7470664210,,,
Dasai Chirag Patidar Ghati,Dasai Chirag ,Patidar Ghati,,+917470545814,,,+917470545814,,,
dasai vijay pavar,dasai,pavar,vijay,+919340841195,,,+919340841195,,,
Dasai Ashok Herateja,Dasai,Herateja,Ashok,9993355849,,,9993355849,,,
Lohari Rajpal Rathor,Lohari,Rathor,Rajpal,9691087357,7000706465,,9691087357 | 7000706465,,,
My Big Brothers,My,Brothers,Big,9981885088,,,9981885088,,,
Pratapgrewal,Pratapgrewal,,,9425047157,9893773377,,9425047157 | 9893773377,,,
Dasai Gogul Naranmoti,Dasai,Naranmoti,Gogul,+918827956965,7987871511,,+918827956965 | 7987871511,,,
Galonda 855,Galonda,855,,8085979084,,,8085979084,,,
Dasai Shevam Mansingkarvara,Dasai,Mansingkarvara,Shevam,+917067510742,,,+917067510742,,,Madhya Pradesh  India
Kishan Ra,Kishan,Ra,,9636522712,,,9636522712,,,
Ghatoda Fatesing Durgesh,Ghatoda,Durgesh,Fatesing,9685708247,,,9685708247,,,
Balod Mohan Patidar Ekragaa,Balod Mohan,Ekragaa,Patidar,+918770806651,,,+918770806651,,,Madhya Pradesh  India
Dasai Satu Patidar Morgav Vala,Dasai Satu Patidar,Vala,Morgav,9685807709,,,9685807709,,,
mm,mm,,,+917224099304,,,+917224099304,,,
Dasai Shivam Mansingkavra,Dasai,Mansingkavra,Shivam,8518002034,7067510742,+917067510742,8518002034 | 7067510742 | +917067510742,,,
baderi barat patidar,baderi,patidar,barat,9893099805,,,9893099805,,,
Shree Valashiva,Shree,Valashiva,,9179437650,,,9179437650,,,
Dasai Navin Chodri,Dasai,Chodri,Navin,+916260493022,+919630837177,,+916260493022 | +919630837177,,,
Nikhil,Nikhil,,,+917898213991,,,+917898213991,,,
Dasai Yogesh Patidar,Dasai,Patidar,Yogesh,8827402623,,,8827402623,,,
Dasai Mukesh Patidar Semlavda,Dasai Mukesh,Semlavda,Patidar,+919893789448,,,+919893789448,,,
Dasai Deepak Muli,Dasai,Muli,Deepak,+919109075768,,,+919109075768,,,
Jayntimata banjara,Jayntimata,banjara,,9770739427,,,9770739427,,,
Khildei Akhilesh Khokhar,Khildei,Khokhar,Akhilesh,+919179553562,,,+919179553562,,,
mahesh patidar cho balod,mahesh patidar,balod,cho,9993342636,,,9993342636,,,
Balod Dilip Sir,Balod,Sir,Dilip,+919827250602,,,+919827250602,,,
Dasai Ritik Patel,Dasai,Patel,Ritik,+917223890355,,,+917223890355,,,
dasai arun heragobha,dasai,heragobha,arun,9630667599,,,9630667599,,,
Jitendr ranaji dasai,Jitendr,dasai,ranaji,7566307208,,,7566307208,,,
Dasai Lotas Marbal B,Dasai Lotas,B,Marbal,+919079039243,,,+919079039243,,,
Rachna Ofec  Guj,Rachna Ofec  Guj,,,9909950287,,,9909950287,,,
Dasai Dashrth,Dasai,Dashrth,,9131401186,,,9131401186,,,
Ch. balod Bhura Bheya,Ch. balod,Bheya,Bhura,+919755227966,,,+919755227966,,,
Dasai Anil Patel (Pentar),Dasai Anil,(Pentar),Patel,9755707980,,,9755707980,,,
Dasai Maynk Leb,Dasai,Leb,Maynk,+919893254702,,,+919893254702,,,
Tarod umaravarsing pawar,Tarod,pawar,umaravarsing,9826997012,,,9826997012,,,
Dasai Chayan Jevahachan,Dasai,Jevahachan,Chayan,+919575452011,,,+919575452011,,,
Dasai Depik Gorana Signa Singana,Dasai Depik Gorana Signa,Singana,,+919981278411,,,+919981278411,,,
Dasai Vinay Kasikodi,Dasai,Kasikodi,Vinay,8085524643,+919098621738,,8085524643 | +919098621738,,,
dasai prshant elek,dasai,elek,prshant,9893079016,,,9893079016,,,
Dasai Vikas Ghati,Dasai,Ghati,Vikas,+919074291640,,,+919074291640,,,
Dasai Shivam Samji,Dasai,Samji,Shivam,+917223896705,,,+917223896705,,,
Dasai Arjun Bhagapeta,Dasai,Bhagapeta,Arjun,9981561332,,,9981561332,,,
DasAiTejal Art Padist,DasAiTejal,Padist,Art,+918718963696,,,+918718963696,,,Madhya Pradesh  India
khiledi Lakhn sing,khiledi,sing,Lakhn,9630508127,,,9630508127,,,
Dasai Denesh Valaseva,Dasai,Valaseva,Denesh,9993123965,,,9993123965,,,
Dasai Lalachnd Kodalman,Dasai,Kodalman,Lalachnd,+919993987214,,,+919993987214,,,
Rakha Ratod Juga,Rakha Ratod Juga,,,9981483491,,,9981483491,,,
Dasai Harshit Kanjigagaram,Dasai,Kanjigagaram,Harshit,+919589030550,,,+919589030550,,,
Dasai Davendra Sir Ren,Dasai Davendra,Ren,Sir,9993179934,,,9993179934,,,
kob vikash patidar,kob,patidar,vikash,9981739540,,,9981739540,,,
Dasai Dinesh Naranmoti,Dasai,Naranmoti,Dinesh,9993169452,,,9993169452,,,
dasai krisna bhagaapeta,dasai,bhagaapeta,krisna,8085808986,,,8085808986,,,
Dasai Jagadeshren,Dasai,Jagadeshren,,+917222974270,,,+917222974270,,,
kutpala bheru ji maru,kutpala bheru,maru,ji,9926814281,,,9926814281,,,
Dasai Manohar Bhopa,Dasai,Bhopa,Manohar,7354880092,,,7354880092,,,
Dasai Jaynarayan Chodre,Dasai,Chodre,Jaynarayan,+919893291180,,,+919893291180,,,
Dasai Vijay Chodhri,Dasai,Chodhri,Vijay,+917000601934,,,+917000601934,,,
Gatoda Sohan Bareya,Gatoda,Bareya,Sohan,+919617191419,,,+919617191419,,,
Dasai Manesh Pol,Dasai,Pol,Manesh,+918085225151,,,+918085225151,,,
Dasai Uravi Bick Mk,Dasai Uravi,Mk,Bick,7987377962,7024471712,,7987377962 | 7024471712,,,
Ledgav Denesh Prajapat,Ledgav,Prajapat,Denesh,9981459758,,,9981459758,,,
soniyakhedi rakesh,soniyakhedi,rakesh,,9893353649,,,9893353649,,,
Dasai Jitu Naranmoti,Dasai,Naranmoti,Jitu,9981278427,,,9981278427,,,
Takravda Lakhansing Harvestar,Takravda,Harvestar,Lakhansing,+919993055384,,,+919993055384,,,
utavada arvind patidar,utavada,patidar,arvind,9893993899,,,9893993899,,,
Dasai Hitesh Pol,Dasai,Pol,Hitesh,+919179307502,,,+919179307502,,,
Baloda gokul,Baloda,gokul,,7974987697,,,7974987697,,,
Ledgav Bablu Patidar,Ledgav,Patidar,Bablu,+919755281880,,,+919755281880,,,
Balod चेतन सिंह।,Balod,सिंह।,चेतन,9993110312,,,9993110312,,,
Dasai Tarun Patidar,Dasai,Patidar,Tarun,7389125221,,,7389125221,,,
Ch. Balod Kamlesh Sir Ekrnga,Ch. Balod Kamlesh,Ekrnga,Sir,9752861345,,,9752861345,,,
Kesarpura karskant patidar,Kesarpura,patidar,karskant,+919752204111,,,+919752204111,,,
dasai vishal khadi,dasai,khadi,vishal,+919752270414,,,+919752270414,,,
dasai vikash valaseva big,dasai vikash,big,valaseva,8085912054,,,8085912054,,,
Dasai Bhavesh Thakur,Dasai,Thakur,Bhavesh,+919893323381,,,+919893323381,,,
Ghuleshig chodhri,Ghuleshig,chodhri,,7000541550,,,7000541550,,,
Dasai Chentu Darbar 1,Dasai Chentu,1,Darbar,9755685528,,,9755685528,,,
Kadod Rahul Rathor,Kadod,Rathor,Rahul,9630155879,,,9630155879,,,
Manoj Balod,Manoj,Balod,,+919755227936,+917974325966,,+919755227936 | +917974325966,,,
Dasai Anil Patel Bus Stend,Dasai Anil Patel,Stend,Bus,+919630944877,,,+919630944877,,,Madhya Pradesh  India
Pana Vikashpatidar,Pana,Vikashpatidar,,+918889513200,,,+918889513200,,,
Dasai Manoj Patidar Dere,Dasai Manoj,Dere,Patidar,+919752029613,,,+919752029613,,,
Gopal patidar dasai,Gopal,dasai,patidar,9993356298,,,9993356298,,,
Dasai Mohit Samhi,Dasai,Samhi,Mohit,7999598360,,,7999598360,,,
Dasai Vekram Mander,Dasai,Mander,Vekram,9981627937,,,9981627937,,,
Indore Massimo Battery,Indore,Battery,Massimo,+919309946375,,,+919309946375,,,
Panda Yogendar Jepse,Panda,Jepse,Yogendar,9893526168,7987074071,,9893526168 | 7987074071,,,
Khilede Arpit Patidar,Khilede,Patidar,Arpit,+919752253108,,,+919752253108,,,
Keshav Goyal,Keshav,Goyal,,+919685519189,+918770306757,,+919685519189 | +918770306757,,,
Dasai Kamal Patidar Palva,Dasai Kamal,Palva,Patidar,+919893776814,9893776814,,+919893776814 | 9893776814,,,
Chotiya Balod Deepak,Chotiya,Deepak,Balod,8819959294,,,8819959294,,,
Magod Kishor Sesodeya,Magod,Sesodeya,Kishor,+917067041083,,,+917067041083,,,
takrvda gordhan,takrvda,gordhan,,+919589584738,,,+919589584738,,,
Dasai Pakanj Sonarareya,Dasai,Sonarareya,Pakanj,9993157758,,,9993157758,,,
Ritik,Ritik,,,+917223890355,,,+917223890355,,,
rajod mehats pawar haush,rajod mehats,haush,pawar,9424093241,,,9424093241,,,
Ghatoda दीपक Pavar,Ghatoda,Pavar,दीपक,8965990511,,,8965990511,,,
Dasao kamal patidar,Dasao,patidar,kamal,9179713081,,,9179713081,,,
Dasai Umesh Hotal,Dasai,Hotal,Umesh,+919098941802,,,+919098941802,,,
Dasai Kamal Vaglecha Bick M. K,Dasai Kamal Vaglecha Bick,K,M.,+919752237798,,,+919752237798,,,
Dasao Manoj Patidar Patidar Khacroda,Dasao,Manoj Patidar Patidar Khacroda,,+919522479499,,,+919522479499,,,
Badwani Jyoti Patidar,Badwani,Patidar,Jyoti,+919685808273,,,+919685808273,,,
Dasai Prakas Heragobha,Dasai,Heragobha,Prakas,9981609566,,,9981609566,,,
Takrvada Sandeep Patidar,Takrvada,Patidar,Sandeep,9893465873,,,9893465873,,,
balod chagan patidar,balod,patidar,chagan,9630713491,,,9630713491,,,
Dasai Hari Om parmar dasai,Dasai Hari Om,dasai,parmar,7067488700,,,7067488700,,,
Bhilgun Bheru Sing,Bhilgun,Sing,Bheru,8965802914,,,8965802914,,,
Dasauli Ashavin H.m Light,Dasauli Ashavin ,H.m Light,,+919238166557,,,+919238166557,,,
balod bhart patidar,balod,patidar,bhart,+916265330811,,,+916265330811,,,
Dasai Rohit Pol,Dasai,Pol,Rohit,7898738740,,,7898738740,,,
Hariom Jagotra,Hariom,Jagotra,,8269622834,,,8269622834,,,
kutpala bheru maru,kutpala,maru,bheru,9926814281,,,9926814281,,,
chirakhan sorab patidar,chirakhan,patidar,sorab,+919981785050,,,+919981785050,,,
Balod Ajay beragi,Balod,beragi,Ajay,7869858300,,,7869858300,,,
Dadai Sunil Samje,Dadai,Samje,Sunil,08085909345,,,08085909345,,,
Dasai Chetan Bhalod,Dasai,Bhalod,Chetan,9752863430,,,9752863430,,,
निखिल राठोर!,निखिल,राठोर!,,+918461805348,,,+918461805348,,,
Bidwal Manoj Patidar Jagotra,Bidwal Manoj,Jagotra,Patidar,+919685795146,,,+919685795146,,,
Dasai mohan ji bhgapita,Dasai mohan,bhgapita,ji,9981074373,,,9981074373,,,
Lohari Balram Sonalika,Lohari,Sonalika,Balram,+919977175173,,,+919977175173,,,
Manohar ji dodiya khiledi,Manohar ji,khiledi,dodiya,8085631085,,,8085631085,,,
Dasai vinod patidar hemadla,Dasai vinod,hemadla,patidar,7974950823,,,7974950823,,,
Dasai Yogendra Sir Sing Rathod,Dasai Yogendra Sir,Rathod,Sing,+919754776899,,,+919754776899,,,
Dasai Rajesh Her,Dasai Rajesh Her,,,9981855728,,,9981855728,,,
dasai babu chodri,dasai,chodri,babu,9179307263,,,9179307263,,,
nadram shirvi dasai,nadram,dasai,shirvi,9977279692,,,9977279692,,,
dasai arun mukati,dasai,mukati,arun,9630667599,,,9630667599,,,
Dasai Pritam Bhalod,Dasai,Bhalod,Pritam,+917024566711,,,+917024566711,,,
Ledgav kelash parjapat,Ledgav,parjapat,kelash,9617852001,,,9617852001,,,
Dasai Krisana Patidar Bhagapeta,Dasai Krisana,Bhagapeta,Patidar,8085808986,+917987347320,,8085808986 | +917987347320,,,
दसाई सुनील बैरागी।,दसाई,बैरागी।,सुनील,8269259163,,,8269259163,,,
Dasai Ajay Dhanaji,Dasai,Dhanaji,Ajay,7389235676,,,7389235676,,,
Dasai Depak Patel,Dasai,Patel,Depak,7509907241,,,7509907241,,,
Dasai Mahadev Chodhri,Dasai,Chodhri,Mahadev,9893796402,,,9893796402,,,
Dasai Dev Nadrmanaa,Dasai,Nadrmanaa,Dev,+918349824482,,,+918349824482,,,
Keshav,Keshav,,,+918770306757,,,+918770306757,,,
Dasai Vinay Tent House,Dasai Vinay,House,Tent,+918827957179,,,+918827957179,,,
dasai shree ram buvnji,dasai shree,buvnji,ram,9752294345,,,9752294345,,,
Narayhn Ukarji,Narayhn,Ukarji,,+919752052996,,,+919752052996,,,
Raful Lingwa,Raful,Lingwa,,9755065829,+916260184924,,9755065829 | +916260184924,,,
dasai manish patidar chodri,dasai manish,chodri,patidar,9630078105,,,9630078105,,,
magod umesh patidar,magod,patidar,umesh,9685515657,,,9685515657,,,
Dasai Ranaji Auto Patas Bick M. k,Dasai Ranaji Auto Patas Bick,k,M.,7566307208,,,7566307208,,,
dasai dharmendra bagla,dasai,bagla,dharmendra,9893795984,,,9893795984,,,
kutpala manish maru,kutpala,maru,manish,9165485694,,,9165485694,,,
Khutapla Dinesh kumavat,Khutapla,kumavat,Dinesh,9630991172,,,9630991172,,,
Bidwal Maru Ele.rohit kamawat,Bidwal Maru Ele.rohit kamawat,,,+919926143033,,,+919926143033,,rohit kamawat,
Dasai Pradeep Pawar,Dasai,Pawar,Pradeep,+919165885512,,,+919165885512,,,
kavita aato parsh dasai,kavita aato,dasai,parsh,9893623593,,,9893623593,,,
Bidwal Namo Grafex,Bidwal,Grafex,Namo,7247555648,,,7247555648,,,
dasai manohar kanabhopa,dasai,kanabhopa,manohar,7354880092,,,7354880092,,,
Lohari Depak Rajput,Lohari,Rajput,Depak,+917697866752,,,+917697866752,,,
Dasai Lotas Marb,Dasai Lotas Marb,,,+919079039243,,,+919079039243,,,
surajpur ramchndr sir,surajpur,sir,ramchndr,9993339675,,,9993339675,,,
bidwalrahul doleya,bidwalrahul,doleya,,9685773742,,,9685773742,,,
Dasai Gopal Patel,Dasai,Patel,Gopal,8085003924,,,8085003924,,,
Kod Durgesh Patidar,Kod,Patidar,Durgesh,+918959720170,,,+918959720170,,,
Dasai Sankar Chay,Dasai,Chay,Sankar,+919179713030,,,+919179713030,,,
Dasai Suresh.chodhre,Dasai Suresh.chodhre,,,+919893793648,,,+919893793648,,,
Dasai Vishal Valaseva Smill,Dasai Vishal,Smill,Valaseva,+919926616690,,,+919926616690,,,
Dasai Vijay Jagaji Nimchok,Dasai Vijay,Nimchok,Jagaji,+919131840541,,,+919131840541,,,
Dasai Ghanayam Bhagapeta,Dasai,Bhagapeta,Ghanayam,9993124286,,,9993124286,,,
Dasai Vikas Semlavda,Dasai,Semlavda,Vikas,+919098562246,,,+919098562246,,,
Dasai Jayesh Khacrod,Dasai,Khacrod,Jayesh,+918827716738,+916268631890,,+918827716738 | +916268631890,,,
Dasai Vijay Pana,Dasai,Pana,Vijay,9144966695,,,9144966695,,,
"Dasai ओम प्रकाश जी, सोनगरा!",Dasai ओम,जी,प्रकाश,8839797130,,,8839797130,,,
Banderi Gokul Ji Mukati,Banderi Gokul,Mukati,Ji,9713409130,,,9713409130,,,
Kod Vicky Patidar,Kod,Patidar,Vicky,+919981739540,9981739540,,+919981739540 | 9981739540,,,Madhya Pradesh  India
Dasai Pavan Khadi,Dasai,Khadi,Pavan,9755932725,+919755932725,,9755932725 | +919755932725,,,
Dasai Babu Chodri Bick M. K,Dasai Babu Chodri Bick,K,M.,+919179307263,6263410574,9179307263,+919179307263 | 6263410574 | 9179307263,,,
Dasai Rajesh Herateja,Dasai,Herateja,Rajesh,9981855728,+919981855728,,9981855728 | +919981855728,,,
Lotas Marbal San,Lotas Marbal San,,,+916376511682,,,+916376511682,,,
soniykhidi vikram ghatiya,soniykhidi,ghatiya,vikram,9981303345,,,9981303345,,,
Dasai Shriram Puri Goswami,Dasai Shriram,Goswami,Puri,+919755632671,,,+919755632671,,,Madhya Pradesh  India
gatoda fatesing,gatoda,fatesing,,9685708247,,,9685708247,,,
Amzera Rajendra Rav,Amzera,Rav,Rajendra,9755065829,,,9755065829,,,
Dasai Sanjay Rathore Jotel Handi,Dasai Sanjay,Rathore Jotel Handi,,+917024071390,,,+917024071390,,,
Dasai Arun Renwala,Dasai,Renwala,Arun,+918349648019,,,+918349648019,,,
Dasai Vikas Valashiva Big,Dasai Vikas,Big,Valashiva,8085912054,,,8085912054,,,
balod mohan ekrangaa,balod,ekrangaa,mohan,+918770806651,,,+918770806651,,,
Mahavir Electronics and Leth Working Shop,Mahavir Electronics and Leth,Shop,Working,+919981371777,,,+919981371777,,,
Dasai Nilesh Pol Mistress,Dasai Nilesh,Mistress,Pol,+918770138016,+919074826143,,+918770138016 | +919074826143,,,
Dasai Nilesh Khadi,Dasai,Khadi,Nilesh,+919074146887,,,+919074146887,,,
Dasai Nilesh Patel,Dasai,Patel,Nilesh,9893613424,,,9893613424,,,
Dasai Depu Bhalod,Dasai,Bhalod,Depu,+919179149158,,,+919179149158,,,
dasai pavan nadrmanaa,dasai,nadrmanaa,pavan,9826786245,,,9826786245,,,
Dasai Vinod Lohar,Dasai,Lohar,Vinod,9685766378,,,9685766378,,,
Dasai Daksh Prajapat,Dasai Daksh,Prajapat,,+916268988251,,,+916268988251,,,
Dasai Manoj Bjagapeta,Dasai,Bjagapeta,Manoj,+919993435016,,,+919993435016,,,
Dasai Vikram Mander,Dasai,Mander,Vikram,+919340905704,,,+919340905704,,,
Dasai Vebhav Mayda,Dasai,Mayda,Vebhav,+917879911259,,,+917879911259,,,
Dasai नारायण जी नंबर डाल!,Dasai नारायण जी,डाल!,नंबर,+919074826160,9074826160,,+919074826160 | 9074826160,,,
Dasai Sunil Patel,Dasai,Patel,Sunil,+917389452620,,,+917389452620,,,
baloda dharmendra vaglecha 1,baloda dharmendra,1,vaglecha,9993930981,,,9993930981,,,
Dasai Chotu Driyvar Tankimohla,Dasai Chotu,Tankimohla,Driyvar,9179016009,,,9179016009,,,
mmmmmmm,mmmmmmm,,,9669799644,,,9669799644,,,
DasaiChanchal Maida,DasaiChanchal,Maida,,+917354429499,,,+917354429499,,,
Dasai Yogesh Patider Kanjgagaram,Dasai Yogesh,Kanjgagaram,Patider,+919179760852,,,+919179760852,,,
Dasai Ghanshyam Kanaji,Dasai,Kanaji,Ghanshyam,+917566683340,,,+917566683340,,,
Gaju padit dasai,Gaju,dasai,padit,9993434990,,,9993434990,,,
Dasai Sandeep Ren,Dasai,Ren,Sandeep,+919074228836,,,+919074228836,,,
Dasai Nanalal Nagumaji,Dasai,Nagumaji,Nanalal,+919685109602,,,+919685109602,,,
Dasai Kankdhara,Dasai,Kankdhara,,+919893368617,,,+919893368617,,,
Dasai Peru Bhut,Dasai,Bhut,Peru,+919589244428,,,+919589244428,,,
Dasai Shubham Parjapat,Dasai,Parjapat,Shubham,7000233178,,,7000233178,,,
nanuram jcb,nanuram,jcb,,7067586092,,,7067586092,,,
Dasai Ghansham Tent Hose,Dasai Ghansham,Hose,Tent,9993525568,,,9993525568,,,
Dasai Mahesh Valaseva,Dasai,Valaseva,Mahesh,9981906864,,,9981906864,,,
Dasai Aman Prajapati,Dasai,Prajapati,Aman,+918085455693,,,+918085455693,,,
Badnavar Savreya Tracter Sistam,Badnavar Savreya,Sistam,Tracter,9981959141,,,9981959141,,,
Dasai Motilala Kodalzaman,Dasai,Kodalzaman,Motilala,8878875029,,,8878875029,,,
Dasai Mnohar Patidar Ranavat,Dasai Mnohar,Ranavat,Patidar,+919399816614,,,+919399816614,,,Madhya Pradesh  India
Dasai Jivan Okarje,Dasai,Okarje,Jivan,8269376562,,,8269376562,,,
Dasai Kana Hirateja,Dasai Kana Hirateja,,,+917389220453,+919131370747,,+917389220453 | +919131370747,,,
Dasai Dipak Chodhri,Dasai,Chodhri,Dipak,8269791293,,,8269791293,,,
dasai tarun palva,dasai,palva,tarun,+919074321871,,,+919074321871,,,
Dasao vikas Meghaji,Dasao,Meghaji,vikas,9644811374,,,9644811374,,,
Dasai Ajay Parmar Driyvar,Dasai Ajay,Driyvar,Parmar,+917805044119,,,+917805044119,,,
Dasai Chintu Darbar,Dasai,Darbar,Chintu,+916263564115,,,+916263564115,,,
Pana Satvir,Pana,Satvir,,9009713792,,,9009713792,,,
Deepak Jivaharchan,Deepak,Jivaharchan,,8269285803,,,8269285803,,,
Dasai Rahul Semlavda,Dasai,Semlavda,Rahul,9074019435,,,9074019435,,,
dasai rohit patidar,dasai,patidar,rohit,+918349173595,,,+918349173595,,,
Dasai Dipak Maru,Dasai Dipak Maru,,,7047322113,,,7047322113,,,
Kutpala Abhishek Shree Kar,Kutpala Abhishek,Kar,Shree,+919893255167,,,+919893255167,,,
Dasai Harshit Harsher Patidar Kanjigagaram,Dasai Harshit,Patidar Kanjigagaram,Harsher,9589030550,+919589030550,,9589030550 | +919589030550,,,
Dasai Pavan Borvel,Dasai,Borvel,Pavan,+919617162524,,,+919617162524,,,
Dasai Shree Computar,Dasai,Computar,Shree,9993538799,,,9993538799,,,
Rajdeep,Rajdeep,,,9893705221,,,9893705221,,,
dasai aman suleya,dasai,suleya,aman,7470572344,,,7470572344,,,
Dasai suresh patidar Jcb,Dasai suresh,Jcb,patidar,9993055380,,,9993055380,,,
DasAi Kamal Khamaleya,DasAi,Khamaleya,Kamal,+918269594409,,,+918269594409,,,
Dasai Sunil Patidar,Dasai,Patidar,Sunil,9630731909,,,9630731909,,,
hh,hh,,,+916265642788,,,+916265642788,,,
Dasai Govind Okarje,Dasai,Okarje,Govind,+919584908903,,,+919584908903,,,Madhya Pradesh  India
Indore Raju Bus,Indore,Bus,Raju,+917869725804,,,+917869725804,,,
Datoda Deepak Pawar,Datoda,Pawar,Deepak,+918965990511,8965990511,,+918965990511 | 8965990511,,,
Bidwal Suresh NadarsunaaPatider,Bidwal,NadarsunaaPatider,Suresh,9755773252,,,9755773252,,,
Chay New,Chay,New,,9993356257,,,9993356257,,,
Dasai Ravi Ren,Dasai,Ren,Ravi,+919074282944,,,+919074282944,,,
kkkkkk,kkkkkk,,,+917999592367,,,+917999592367,,,
Dasai Sunil Nanaghar,Dasai,Nanaghar,Sunil,+918269963065,,,+918269963065,,,
Dasai pankhj sharma,Dasai,sharma,pankhj,9179065533,,,9179065533,,,
Dasai Golu Bhagaeta,Dasai,Bhagaeta,Golu,+919752254833,,,+919752254833,,,Madhya Pradesh  India
Dasai Vinod Hemadala,Dasai,Hemadala,Vinod,+917974950823,7974950823,,+917974950823 | 7974950823,,,
Dasai Sunil Bhimaje,Dasai,Bhimaje,Sunil,+919993055350,,,+919993055350,,,
Vinod Patidar Nanaghar,Vinod,Nanaghar,Patidar,+919752863203,,,+919752863203,,,Madhya Pradesh  India
dasai gorav patidar maeda,dasai gorav,maeda,patidar,9589649710,,,9589649710,,,
Dasai Vikash Jairamji,Dasai,Jairamji,Vikash,+919685028149,,,+919685028149,,,
Khildei Manohar Patidar Drivar,Khildei Manohar,Drivar,Patidar,9893683973,,,9893683973,,,
Dasai Pavan Dhannje,Dasai,Dhannje,Pavan,+919893986122,,,+919893986122,,,
Dasai sandeep patidar pol,Dasai sandeep,pol,patidar,9179976295,,,9179976295,,,
Dasai सदाबहार Online,Dasai,Online,सदाबहार,9179929832,,,9179929832,,,
Dasai Arpit Patidar Mander,Dasai Arpit,Mander,Patidar,8269718915,,,8269718915,,,
Dasai Gajun Dugaji,Dasai,Dugaji,Gajun,+919893994837,,,+919893994837,,,
Dasai Ravi Patidar Ramchan,Dasai Ravi,Ramchan,Patidar,+919752864662,,,+919752864662,,,
Dasai Suresh Patidar Shaymbanej,Dasai Suresh,Shaymbanej,Patidar,+919893794562,,,+919893794562,,,Madhya Pradesh  India
Gordan parjapat khiledi,Gordan,khiledi,parjapat,9826665677,,,9826665677,,,
Dasai Sandip Patidar M. k,Dasai Sandip Patidar,k,M.,+919893692352,,,+919893692352,,,
Dasai Rupesh Ren Patidar,Dasai Rupesh Ren,Patidar,,+917024405670,,,+917024405670,,,
Dharmendra baret Dasai,Dharmendra,Dasai,baret,9644562249,,,9644562249,,,
Dasai Suman Aantiji,Dasai,Aantiji,Suman,+919179136885,,,+919179136885,,,
Dasai Gopal Parmar,Dasai,Parmar,Gopal,+919926640519,+919340008463,,+919926640519 | +919340008463,,,Madhya Pradesh  India
Bharavda Gopal Kulhara,Bharavda,Kulhara,Gopal,9407894944,,,9407894944,,,
Dasai Rahul Pal,Dasai,Pal,Rahul,8435940414,,,8435940414,,,
Aarti Lohari,Aarti,Lohari,,9669704708,,,9669704708,,,
Rachna Vepen,Rachna,Vepen,,+917566223871,,,+917566223871,,,
Khakhedi Gopal Ji Daima,Khakhedi Gopal,Daima,Ji,9589626688,,,9589626688,,,
Livgurad Sarviss Indore Depak Ji,Livgurad Sarviss Indore,Ji,Depak,7509224924,,,7509224924,,,
Dasai Mayur Dodeya,Dasai,Dodeya,Mayur,+919993824221,,,+919993824221,,,
